Arguments: 
  /Users/muniz/.nvm/versions/node/v18.12.1/bin/node /Users/muniz/.nvm/versions/node/v18.12.1/bin/yarn add @sentry/nextjs^7.63.0

PATH: 
  /Users/muniz/.nvm/versions/node/v18.12.1/bin:/Users/muniz/Library/pnpm:/Users/muniz/.oh-my-zsh/custom/plugins/git-open:/Library/Frameworks/Python.framework/Versions/3.10/bin:/usr/local/bin:/System/Cryptexes/App/usr/bin:/usr/bin:/bin:/usr/sbin:/sbin:/Applications/VMware Fusion.app/Contents/Public:/usr/local/go/bin:/usr/local/share/dotnet:~/.dotnet/tools:/Library/Apple/usr/bin:/var/run/com.apple.security.cryptexd/codex.system/bootstrap/usr/local/bin:/var/run/com.apple.security.cryptexd/codex.system/bootstrap/usr/bin:/var/run/com.apple.security.cryptexd/codex.system/bootstrap/usr/appleinternal/bin:/Users/muniz/.nvm/versions/node/v18.12.1/bin:/Users/muniz/Library/pnpm:/Users/muniz/.oh-my-zsh/custom/plugins/git-open:/Library/Frameworks/Python.framework/Versions/3.10/bin:/Users/muniz/.cargo/bin:/Users/muniz/FlutterProjects/bin/flutter/bin:/Users/muniz/.composer/vendor/bin:/opt/homebrew/bin:/opt/homebrew/opt/php@8.0/bin:/opt/homebrew/opt/php@8.0/sbin:/Users/muniz/FlutterProjects/bin/flutter/bin:/Users/muniz/.composer/vendor/bin:/opt/homebrew/bin:/usr/local/go/bin:/opt/homebrew/opt/php@8.0/bin:/opt/homebrew/opt/php@8.0/sbin

Yarn version: 
  1.22.19

Node version: 
  18.12.1

Platform: 
  darwin arm64

Trace: 
  Error: https://registry.yarnpkg.com/@sentry%2fnextjs%5E7.63.0: Not found
      at params.callback [as _callback] (/Users/muniz/.nvm/versions/node/v18.12.1/lib/node_modules/yarn/lib/cli.js:66145:18)
      at self.callback (/Users/muniz/.nvm/versions/node/v18.12.1/lib/node_modules/yarn/lib/cli.js:140890:22)
      at Request.emit (node:events:513:28)
      at Request.<anonymous> (/Users/muniz/.nvm/versions/node/v18.12.1/lib/node_modules/yarn/lib/cli.js:141862:10)
      at Request.emit (node:events:513:28)
      at IncomingMessage.<anonymous> (/Users/muniz/.nvm/versions/node/v18.12.1/lib/node_modules/yarn/lib/cli.js:141784:12)
      at Object.onceWrapper (node:events:627:28)
      at IncomingMessage.emit (node:events:525:35)
      at endReadableNT (node:internal/streams/readable:1359:12)
      at process.processTicksAndRejections (node:internal/process/task_queues:82:21)

npm manifest: 
  {
    "name": "emo",
    "version": "0.1.0",
    "private": true,
    "scripts": {
      "dev": "next dev",
      "build": "next build",
      "start": "next start -p 3003",
      "lint": "next lint",
      "lint:prettier": "prettier -c --write \"src/**/*\"",
      "prepare": "husky install"
    },
    "dependencies": {
      "@emotion/react": "^11.11.1",
      "@emotion/styled": "^11.11.0",
      "@mui/icons-material": "^5.14.7",
      "@mui/lab": "^5.0.0-alpha.142",
      "@mui/material": "^5.14.7",
      "@mui/x-data-grid": "^6.12.0",
      "@rainbow-me/rainbowkit": "^1.0.9",
      "@sentry/nextjs": "^7.65.0",
      "@svgr/webpack": "^8.1.0",
      "@types/lodash-es": "^4.17.8",
      "@types/lodash.merge": "^4.6.7",
      "@types/node": "20.5.7",
      "@types/qs": "^6.9.7",
      "@types/react": "18.2.21",
      "@types/react-dom": "18.2.7",
      "@types/react-infinite-scroller": "^1.2.3",
      "@types/uuid": "^9.0.2",
      "@vercel/analytics": "^1.0.2",
      "async_hooks": "^1.0.0",
      "axios": "^1.5.0",
      "bignumber.js": "^9.1.2",
      "dayjs": "^1.11.9",
      "encoding": "^0.1.13",
      "eslint": "8.48.0",
      "eslint-config-next": "13.4.19",
      "ethers": "^5",
      "ethers-eip712": "^0.2.0",
      "formik": "^2.4.3",
      "framer-motion": "^10.16.1",
      "immer": "^10.0.2",
      "lodash-es": "^4.17.21",
      "lodash.merge": "^4.6.2",
      "lokijs": "^1.5.12",
      "merkletreejs": "^0.3.10",
      "next": "13.4.19",
      "next-intl": "2.20.0",
      "nextjs-google-analytics": "^2.3.3",
      "pino-pretty": "^10.2.0",
      "qs": "^6.11.2",
      "react": "18.2.0",
      "react-dom": "18.2.0",
      "react-hot-toast": "^2.4.1",
      "react-infinite-scroll-component": "^6.1.0",
      "react-infinite-scroller": "^1.2.6",
      "react-number-format": "^5.3.0",
      "sharp": "^0.32.5",
      "siwe": "^2.1.4",
      "ts-node": "^10.9.1",
      "typescript": "5.2.2",
      "typewriter-effect": "^2.20.1",
      "use-immer": "^0.9.0",
      "usehooks-ts": "^2.9.1",
      "uuid": "^9.0.0",
      "valtio": "^1.11.2",
      "viem": "^1.9.0",
      "wagmi": "^1.3.10",
      "yup": "^1.2.0"
    },
    "devDependencies": {
      "eslint-plugin-valtio": "^0.6.2",
      "husky": "^8.0.3"
    }
  }

yarn manifest: 
  No manifest

Lockfile: 
  # THIS IS AN AUTOGENERATED FILE. DO NOT EDIT THIS FILE DIRECTLY.
  # yarn lockfile v1
  
  
  "@aashutoshrathi/word-wrap@^1.2.3":
    version "1.2.6"
    resolved "https://registry.yarnpkg.com/@aashutoshrathi/word-wrap/-/word-wrap-1.2.6.tgz#bd9154aec9983f77b3a034ecaa015c2e4201f6cf"
    integrity sha512-1Yjs2SvM8TflER/OD3cOjhWWOZb58A2t7wpE2S9XfBYTiIl+XFhQG2bjy4Pu1I+EAlCNUzRDYDdFwFYUKvXcIA==
  
  "@adraffy/ens-normalize@1.9.0":
    version "1.9.0"
    resolved "https://registry.npmmirror.com/@adraffy/ens-normalize/-/ens-normalize-1.9.0.tgz#223572538f6bea336750039bb43a4016dcc8182d"
    integrity sha512-iowxq3U30sghZotgl4s/oJRci6WPBfNO5YYgk2cIOMCHr3LeGPcsZjCEr+33Q4N+oV3OABDAtA+pyvWjbvBifQ==
  
  "@ampproject/remapping@^2.2.0":
    version "2.2.1"
    resolved "https://registry.yarnpkg.com/@ampproject/remapping/-/remapping-2.2.1.tgz#99e8e11851128b8702cd57c33684f1d0f260b630"
    integrity sha512-lFMjJTrFL3j7L9yBxwYfCq2k6qqwHyzuUl/XBnif78PWTJYyL/dfowQHWE3sp6U6ZzqWiiIZnpTMO96zhkjwtg==
    dependencies:
      "@jridgewell/gen-mapping" "^0.3.0"
      "@jridgewell/trace-mapping" "^0.3.9"
  
  "@babel/code-frame@^7.0.0":
    version "7.21.4"
    resolved "https://registry.yarnpkg.com/@babel/code-frame/-/code-frame-7.21.4.tgz#d0fa9e4413aca81f2b23b9442797bda1826edb39"
    integrity sha512-LYvhNKfwWSPpocw8GI7gpK2nq3HSDuEPC/uSYaALSJu9xjsalaaYFOq0Pwt5KmVqwEbZlDu81aLXwBOmD/Fv9g==
    dependencies:
      "@babel/highlight" "^7.18.6"
  
  "@babel/code-frame@^7.22.5":
    version "7.22.5"
    resolved "https://registry.yarnpkg.com/@babel/code-frame/-/code-frame-7.22.5.tgz#234d98e1551960604f1246e6475891a570ad5658"
    integrity sha512-Xmwn266vad+6DAqEB2A6V/CcZVp62BbwVmcOJc2RPuwih1kw02TjQvWVWlcKGbBPd+8/0V5DEkOcizRGYsspYQ==
    dependencies:
      "@babel/highlight" "^7.22.5"
  
  "@babel/compat-data@^7.17.7", "@babel/compat-data@^7.22.5":
    version "7.22.5"
    resolved "https://registry.yarnpkg.com/@babel/compat-data/-/compat-data-7.22.5.tgz#b1f6c86a02d85d2dd3368a2b67c09add8cd0c255"
    integrity sha512-4Jc/YuIaYqKnDDz892kPIledykKg12Aw1PYX5i/TY28anJtacvM1Rrr8wbieB9GfEJwlzqT0hUEao0CxEebiDA==
  
  "@babel/core@^7.21.3":
    version "7.22.5"
    resolved "https://registry.yarnpkg.com/@babel/core/-/core-7.22.5.tgz#d67d9747ecf26ee7ecd3ebae1ee22225fe902a89"
    integrity sha512-SBuTAjg91A3eKOvD+bPEz3LlhHZRNu1nFOVts9lzDJTXshHTjII0BAtDS3Y2DAkdZdDKWVZGVwkDfc4Clxn1dg==
    dependencies:
      "@ampproject/remapping" "^2.2.0"
      "@babel/code-frame" "^7.22.5"
      "@babel/generator" "^7.22.5"
      "@babel/helper-compilation-targets" "^7.22.5"
      "@babel/helper-module-transforms" "^7.22.5"
      "@babel/helpers" "^7.22.5"
      "@babel/parser" "^7.22.5"
      "@babel/template" "^7.22.5"
      "@babel/traverse" "^7.22.5"
      "@babel/types" "^7.22.5"
      convert-source-map "^1.7.0"
      debug "^4.1.0"
      gensync "^1.0.0-beta.2"
      json5 "^2.2.2"
      semver "^6.3.0"
  
  "@babel/generator@^7.22.5":
    version "7.22.5"
    resolved "https://registry.yarnpkg.com/@babel/generator/-/generator-7.22.5.tgz#1e7bf768688acfb05cf30b2369ef855e82d984f7"
    integrity sha512-+lcUbnTRhd0jOewtFSedLyiPsD5tswKkbgcezOqqWFUVNEwoUTlpPOBmvhG7OXWLR4jMdv0czPGH5XbflnD1EA==
    dependencies:
      "@babel/types" "^7.22.5"
      "@jridgewell/gen-mapping" "^0.3.2"
      "@jridgewell/trace-mapping" "^0.3.17"
      jsesc "^2.5.1"
  
  "@babel/helper-annotate-as-pure@^7.22.5":
    version "7.22.5"
    resolved "https://registry.yarnpkg.com/@babel/helper-annotate-as-pure/-/helper-annotate-as-pure-7.22.5.tgz#e7f06737b197d580a01edf75d97e2c8be99d3882"
    integrity sha512-LvBTxu8bQSQkcyKOU+a1btnNFQ1dMAd0R6PyW3arXes06F6QLWLIrd681bxRPIXlrMGR3XYnW9JyML7dP3qgxg==
    dependencies:
      "@babel/types" "^7.22.5"
  
  "@babel/helper-builder-binary-assignment-operator-visitor@^7.22.5":
    version "7.22.5"
    resolved "https://registry.yarnpkg.com/@babel/helper-builder-binary-assignment-operator-visitor/-/helper-builder-binary-assignment-operator-visitor-7.22.5.tgz#a3f4758efdd0190d8927fcffd261755937c71878"
    integrity sha512-m1EP3lVOPptR+2DwD125gziZNcmoNSHGmJROKoy87loWUQyJaVXDgpmruWqDARZSmtYQ+Dl25okU8+qhVzuykw==
    dependencies:
      "@babel/types" "^7.22.5"
  
  "@babel/helper-compilation-targets@^7.17.7", "@babel/helper-compilation-targets@^7.22.5":
    version "7.22.5"
    resolved "https://registry.yarnpkg.com/@babel/helper-compilation-targets/-/helper-compilation-targets-7.22.5.tgz#fc7319fc54c5e2fa14b2909cf3c5fd3046813e02"
    integrity sha512-Ji+ywpHeuqxB8WDxraCiqR0xfhYjiDE/e6k7FuIaANnoOFxAHskHChz4vA1mJC9Lbm01s1PVAGhQY4FUKSkGZw==
    dependencies:
      "@babel/compat-data" "^7.22.5"
      "@babel/helper-validator-option" "^7.22.5"
      browserslist "^4.21.3"
      lru-cache "^5.1.1"
      semver "^6.3.0"
  
  "@babel/helper-create-class-features-plugin@^7.22.5":
    version "7.22.5"
    resolved "https://registry.yarnpkg.com/@babel/helper-create-class-features-plugin/-/helper-create-class-features-plugin-7.22.5.tgz#2192a1970ece4685fbff85b48da2c32fcb130b7c"
    integrity sha512-xkb58MyOYIslxu3gKmVXmjTtUPvBU4odYzbiIQbWwLKIHCsx6UGZGX6F1IznMFVnDdirseUZopzN+ZRt8Xb33Q==
    dependencies:
      "@babel/helper-annotate-as-pure" "^7.22.5"
      "@babel/helper-environment-visitor" "^7.22.5"
      "@babel/helper-function-name" "^7.22.5"
      "@babel/helper-member-expression-to-functions" "^7.22.5"
      "@babel/helper-optimise-call-expression" "^7.22.5"
      "@babel/helper-replace-supers" "^7.22.5"
      "@babel/helper-skip-transparent-expression-wrappers" "^7.22.5"
      "@babel/helper-split-export-declaration" "^7.22.5"
      semver "^6.3.0"
  
  "@babel/helper-create-regexp-features-plugin@^7.18.6", "@babel/helper-create-regexp-features-plugin@^7.22.5":
    version "7.22.5"
    resolved "https://registry.yarnpkg.com/@babel/helper-create-regexp-features-plugin/-/helper-create-regexp-features-plugin-7.22.5.tgz#bb2bf0debfe39b831986a4efbf4066586819c6e4"
    integrity sha512-1VpEFOIbMRaXyDeUwUfmTIxExLwQ+zkW+Bh5zXpApA3oQedBx9v/updixWxnx/bZpKw7u8VxWjb/qWpIcmPq8A==
    dependencies:
      "@babel/helper-annotate-as-pure" "^7.22.5"
      regexpu-core "^5.3.1"
      semver "^6.3.0"
  
  "@babel/helper-define-polyfill-provider@^0.4.0":
    version "0.4.0"
    resolved "https://registry.yarnpkg.com/@babel/helper-define-polyfill-provider/-/helper-define-polyfill-provider-0.4.0.tgz#487053f103110f25b9755c5980e031e93ced24d8"
    integrity sha512-RnanLx5ETe6aybRi1cO/edaRH+bNYWaryCEmjDDYyNr4wnSzyOp8T0dWipmqVHKEY3AbVKUom50AKSlj1zmKbg==
    dependencies:
      "@babel/helper-compilation-targets" "^7.17.7"
      "@babel/helper-plugin-utils" "^7.16.7"
      debug "^4.1.1"
      lodash.debounce "^4.0.8"
      resolve "^1.14.2"
      semver "^6.1.2"
  
  "@babel/helper-environment-visitor@^7.22.5":
    version "7.22.5"
    resolved "https://registry.yarnpkg.com/@babel/helper-environment-visitor/-/helper-environment-visitor-7.22.5.tgz#f06dd41b7c1f44e1f8da6c4055b41ab3a09a7e98"
    integrity sha512-XGmhECfVA/5sAt+H+xpSg0mfrHq6FzNr9Oxh7PSEBBRUb/mL7Kz3NICXb194rCqAEdxkhPT1a88teizAFyvk8Q==
  
  "@babel/helper-function-name@^7.22.5":
    version "7.22.5"
    resolved "https://registry.yarnpkg.com/@babel/helper-function-name/-/helper-function-name-7.22.5.tgz#ede300828905bb15e582c037162f99d5183af1be"
    integrity sha512-wtHSq6jMRE3uF2otvfuD3DIvVhOsSNshQl0Qrd7qC9oQJzHvOL4qQXlQn2916+CXGywIjpGuIkoyZRRxHPiNQQ==
    dependencies:
      "@babel/template" "^7.22.5"
      "@babel/types" "^7.22.5"
  
  "@babel/helper-hoist-variables@^7.22.5":
    version "7.22.5"
    resolved "https://registry.yarnpkg.com/@babel/helper-hoist-variables/-/helper-hoist-variables-7.22.5.tgz#c01a007dac05c085914e8fb652b339db50d823bb"
    integrity sha512-wGjk9QZVzvknA6yKIUURb8zY3grXCcOZt+/7Wcy8O2uctxhplmUPkOdlgoNhmdVee2c92JXbf1xpMtVNbfoxRw==
    dependencies:
      "@babel/types" "^7.22.5"
  
  "@babel/helper-member-expression-to-functions@^7.22.5":
    version "7.22.5"
    resolved "https://registry.yarnpkg.com/@babel/helper-member-expression-to-functions/-/helper-member-expression-to-functions-7.22.5.tgz#0a7c56117cad3372fbf8d2fb4bf8f8d64a1e76b2"
    integrity sha512-aBiH1NKMG0H2cGZqspNvsaBe6wNGjbJjuLy29aU+eDZjSbbN53BaxlpB02xm9v34pLTZ1nIQPFYn2qMZoa5BQQ==
    dependencies:
      "@babel/types" "^7.22.5"
  
  "@babel/helper-module-imports@^7.16.7":
    version "7.21.4"
    resolved "https://registry.yarnpkg.com/@babel/helper-module-imports/-/helper-module-imports-7.21.4.tgz#ac88b2f76093637489e718a90cec6cf8a9b029af"
    integrity sha512-orajc5T2PsRYUN3ZryCEFeMDYwyw09c/pZeaQEZPH0MpKzSvn3e0uXsDBu3k03VI+9DBiRo+l22BfKTpKwa/Wg==
    dependencies:
      "@babel/types" "^7.21.4"
  
  "@babel/helper-module-imports@^7.22.5":
    version "7.22.5"
    resolved "https://registry.yarnpkg.com/@babel/helper-module-imports/-/helper-module-imports-7.22.5.tgz#1a8f4c9f4027d23f520bd76b364d44434a72660c"
    integrity sha512-8Dl6+HD/cKifutF5qGd/8ZJi84QeAKh+CEe1sBzz8UayBBGg1dAIJrdHOcOM5b2MpzWL2yuotJTtGjETq0qjXg==
    dependencies:
      "@babel/types" "^7.22.5"
  
  "@babel/helper-module-transforms@^7.22.5":
    version "7.22.5"
    resolved "https://registry.yarnpkg.com/@babel/helper-module-transforms/-/helper-module-transforms-7.22.5.tgz#0f65daa0716961b6e96b164034e737f60a80d2ef"
    integrity sha512-+hGKDt/Ze8GFExiVHno/2dvG5IdstpzCq0y4Qc9OJ25D4q3pKfiIP/4Vp3/JvhDkLKsDK2api3q3fpIgiIF5bw==
    dependencies:
      "@babel/helper-environment-visitor" "^7.22.5"
      "@babel/helper-module-imports" "^7.22.5"
      "@babel/helper-simple-access" "^7.22.5"
      "@babel/helper-split-export-declaration" "^7.22.5"
      "@babel/helper-validator-identifier" "^7.22.5"
      "@babel/template" "^7.22.5"
      "@babel/traverse" "^7.22.5"
      "@babel/types" "^7.22.5"
  
  "@babel/helper-optimise-call-expression@^7.22.5":
    version "7.22.5"
    resolved "https://registry.yarnpkg.com/@babel/helper-optimise-call-expression/-/helper-optimise-call-expression-7.22.5.tgz#f21531a9ccbff644fdd156b4077c16ff0c3f609e"
    integrity sha512-HBwaojN0xFRx4yIvpwGqxiV2tUfl7401jlok564NgB9EHS1y6QT17FmKWm4ztqjeVdXLuC4fSvHc5ePpQjoTbw==
    dependencies:
      "@babel/types" "^7.22.5"
  
  "@babel/helper-plugin-utils@^7.0.0", "@babel/helper-plugin-utils@^7.10.4", "@babel/helper-plugin-utils@^7.12.13", "@babel/helper-plugin-utils@^7.14.5", "@babel/helper-plugin-utils@^7.16.7", "@babel/helper-plugin-utils@^7.18.6", "@babel/helper-plugin-utils@^7.22.5", "@babel/helper-plugin-utils@^7.8.0", "@babel/helper-plugin-utils@^7.8.3":
    version "7.22.5"
    resolved "https://registry.yarnpkg.com/@babel/helper-plugin-utils/-/helper-plugin-utils-7.22.5.tgz#dd7ee3735e8a313b9f7b05a773d892e88e6d7295"
    integrity sha512-uLls06UVKgFG9QD4OeFYLEGteMIAa5kpTPcFL28yuCIIzsf6ZyKZMllKVOCZFhiZ5ptnwX4mtKdWCBE/uT4amg==
  
  "@babel/helper-remap-async-to-generator@^7.22.5":
    version "7.22.5"
    resolved "https://registry.yarnpkg.com/@babel/helper-remap-async-to-generator/-/helper-remap-async-to-generator-7.22.5.tgz#14a38141a7bf2165ad38da61d61cf27b43015da2"
    integrity sha512-cU0Sq1Rf4Z55fgz7haOakIyM7+x/uCFwXpLPaeRzfoUtAEAuUZjZvFPjL/rk5rW693dIgn2hng1W7xbT7lWT4g==
    dependencies:
      "@babel/helper-annotate-as-pure" "^7.22.5"
      "@babel/helper-environment-visitor" "^7.22.5"
      "@babel/helper-wrap-function" "^7.22.5"
      "@babel/types" "^7.22.5"
  
  "@babel/helper-replace-supers@^7.22.5":
    version "7.22.5"
    resolved "https://registry.yarnpkg.com/@babel/helper-replace-supers/-/helper-replace-supers-7.22.5.tgz#71bc5fb348856dea9fdc4eafd7e2e49f585145dc"
    integrity sha512-aLdNM5I3kdI/V9xGNyKSF3X/gTyMUBohTZ+/3QdQKAA9vxIiy12E+8E2HoOP1/DjeqU+g6as35QHJNMDDYpuCg==
    dependencies:
      "@babel/helper-environment-visitor" "^7.22.5"
      "@babel/helper-member-expression-to-functions" "^7.22.5"
      "@babel/helper-optimise-call-expression" "^7.22.5"
      "@babel/template" "^7.22.5"
      "@babel/traverse" "^7.22.5"
      "@babel/types" "^7.22.5"
  
  "@babel/helper-simple-access@^7.22.5":
    version "7.22.5"
    resolved "https://registry.yarnpkg.com/@babel/helper-simple-access/-/helper-simple-access-7.22.5.tgz#4938357dc7d782b80ed6dbb03a0fba3d22b1d5de"
    integrity sha512-n0H99E/K+Bika3++WNL17POvo4rKWZ7lZEp1Q+fStVbUi8nxPQEBOlTmCOxW/0JsS56SKKQ+ojAe2pHKJHN35w==
    dependencies:
      "@babel/types" "^7.22.5"
  
  "@babel/helper-skip-transparent-expression-wrappers@^7.22.5":
    version "7.22.5"
    resolved "https://registry.yarnpkg.com/@babel/helper-skip-transparent-expression-wrappers/-/helper-skip-transparent-expression-wrappers-7.22.5.tgz#007f15240b5751c537c40e77abb4e89eeaaa8847"
    integrity sha512-tK14r66JZKiC43p8Ki33yLBVJKlQDFoA8GYN67lWCDCqoL6EMMSuM9b+Iff2jHaM/RRFYl7K+iiru7hbRqNx8Q==
    dependencies:
      "@babel/types" "^7.22.5"
  
  "@babel/helper-split-export-declaration@^7.22.5":
    version "7.22.5"
    resolved "https://registry.yarnpkg.com/@babel/helper-split-export-declaration/-/helper-split-export-declaration-7.22.5.tgz#88cf11050edb95ed08d596f7a044462189127a08"
    integrity sha512-thqK5QFghPKWLhAV321lxF95yCg2K3Ob5yw+M3VHWfdia0IkPXUtoLH8x/6Fh486QUvzhb8YOWHChTVen2/PoQ==
    dependencies:
      "@babel/types" "^7.22.5"
  
  "@babel/helper-string-parser@^7.19.4":
    version "7.19.4"
    resolved "https://registry.yarnpkg.com/@babel/helper-string-parser/-/helper-string-parser-7.19.4.tgz#38d3acb654b4701a9b77fb0615a96f775c3a9e63"
    integrity sha512-nHtDoQcuqFmwYNYPz3Rah5ph2p8PFeFCsZk9A/48dPc/rGocJ5J3hAAZ7pb76VWX3fZKu+uEr/FhH5jLx7umrw==
  
  "@babel/helper-string-parser@^7.22.5":
    version "7.22.5"
    resolved "https://registry.yarnpkg.com/@babel/helper-string-parser/-/helper-string-parser-7.22.5.tgz#533f36457a25814cf1df6488523ad547d784a99f"
    integrity sha512-mM4COjgZox8U+JcXQwPijIZLElkgEpO5rsERVDJTc2qfCDfERyob6k5WegS14SX18IIjv+XD+GrqNumY5JRCDw==
  
  "@babel/helper-validator-identifier@^7.18.6", "@babel/helper-validator-identifier@^7.19.1":
    version "7.19.1"
    resolved "https://registry.yarnpkg.com/@babel/helper-validator-identifier/-/helper-validator-identifier-7.19.1.tgz#7eea834cf32901ffdc1a7ee555e2f9c27e249ca2"
    integrity sha512-awrNfaMtnHUr653GgGEs++LlAvW6w+DcPrOliSMXWCKo597CwL5Acf/wWdNkf/tfEQE3mjkeD1YOVZOUV/od1w==
  
  "@babel/helper-validator-identifier@^7.22.5":
    version "7.22.5"
    resolved "https://registry.yarnpkg.com/@babel/helper-validator-identifier/-/helper-validator-identifier-7.22.5.tgz#9544ef6a33999343c8740fa51350f30eeaaaf193"
    integrity sha512-aJXu+6lErq8ltp+JhkJUfk1MTGyuA4v7f3pA+BJ5HLfNC6nAQ0Cpi9uOquUj8Hehg0aUiHzWQbOVJGao6ztBAQ==
  
  "@babel/helper-validator-option@^7.22.5":
    version "7.22.5"
    resolved "https://registry.yarnpkg.com/@babel/helper-validator-option/-/helper-validator-option-7.22.5.tgz#de52000a15a177413c8234fa3a8af4ee8102d0ac"
    integrity sha512-R3oB6xlIVKUnxNUxbmgq7pKjxpru24zlimpE8WK47fACIlM0II/Hm1RS8IaOI7NgCr6LNS+jl5l75m20npAziw==
  
  "@babel/helper-wrap-function@^7.22.5":
    version "7.22.5"
    resolved "https://registry.yarnpkg.com/@babel/helper-wrap-function/-/helper-wrap-function-7.22.5.tgz#44d205af19ed8d872b4eefb0d2fa65f45eb34f06"
    integrity sha512-bYqLIBSEshYcYQyfks8ewYA8S30yaGSeRslcvKMvoUk6HHPySbxHq9YRi6ghhzEU+yhQv9bP/jXnygkStOcqZw==
    dependencies:
      "@babel/helper-function-name" "^7.22.5"
      "@babel/template" "^7.22.5"
      "@babel/traverse" "^7.22.5"
      "@babel/types" "^7.22.5"
  
  "@babel/helpers@^7.22.5":
    version "7.22.5"
    resolved "https://registry.yarnpkg.com/@babel/helpers/-/helpers-7.22.5.tgz#74bb4373eb390d1ceed74a15ef97767e63120820"
    integrity sha512-pSXRmfE1vzcUIDFQcSGA5Mr+GxBV9oiRKDuDxXvWQQBCh8HoIjs/2DlDB7H8smac1IVrB9/xdXj2N3Wol9Cr+Q==
    dependencies:
      "@babel/template" "^7.22.5"
      "@babel/traverse" "^7.22.5"
      "@babel/types" "^7.22.5"
  
  "@babel/highlight@^7.18.6":
    version "7.18.6"
    resolved "https://registry.yarnpkg.com/@babel/highlight/-/highlight-7.18.6.tgz#81158601e93e2563795adcbfbdf5d64be3f2ecdf"
    integrity sha512-u7stbOuYjaPezCuLj29hNW1v64M2Md2qupEKP1fHc7WdOA3DgLh37suiSrZYY7haUB7iBeQZ9P1uiRF359do3g==
    dependencies:
      "@babel/helper-validator-identifier" "^7.18.6"
      chalk "^2.0.0"
      js-tokens "^4.0.0"
  
  "@babel/highlight@^7.22.5":
    version "7.22.5"
    resolved "https://registry.yarnpkg.com/@babel/highlight/-/highlight-7.22.5.tgz#aa6c05c5407a67ebce408162b7ede789b4d22031"
    integrity sha512-BSKlD1hgnedS5XRnGOljZawtag7H1yPfQp0tdNJCHoH6AZ+Pcm9VvkrK59/Yy593Ypg0zMxH2BxD1VPYUQ7UIw==
    dependencies:
      "@babel/helper-validator-identifier" "^7.22.5"
      chalk "^2.0.0"
      js-tokens "^4.0.0"
  
  "@babel/parser@^7.22.5":
    version "7.22.5"
    resolved "https://registry.yarnpkg.com/@babel/parser/-/parser-7.22.5.tgz#721fd042f3ce1896238cf1b341c77eb7dee7dbea"
    integrity sha512-DFZMC9LJUG9PLOclRC32G63UXwzqS2koQC8dkx+PLdmt1xSePYpbT/NbsrJy8Q/muXz7o/h/d4A7Fuyixm559Q==
  
  "@babel/plugin-bugfix-safari-id-destructuring-collision-in-function-expression@^7.22.5":
    version "7.22.5"
    resolved "https://registry.yarnpkg.com/@babel/plugin-bugfix-safari-id-destructuring-collision-in-function-expression/-/plugin-bugfix-safari-id-destructuring-collision-in-function-expression-7.22.5.tgz#87245a21cd69a73b0b81bcda98d443d6df08f05e"
    integrity sha512-NP1M5Rf+u2Gw9qfSO4ihjcTGW5zXTi36ITLd4/EoAcEhIZ0yjMqmftDNl3QC19CX7olhrjpyU454g/2W7X0jvQ==
    dependencies:
      "@babel/helper-plugin-utils" "^7.22.5"
  
  "@babel/plugin-bugfix-v8-spread-parameters-in-optional-chaining@^7.22.5":
    version "7.22.5"
    resolved "https://registry.yarnpkg.com/@babel/plugin-bugfix-v8-spread-parameters-in-optional-chaining/-/plugin-bugfix-v8-spread-parameters-in-optional-chaining-7.22.5.tgz#fef09f9499b1f1c930da8a0c419db42167d792ca"
    integrity sha512-31Bb65aZaUwqCbWMnZPduIZxCBngHFlzyN6Dq6KAJjtx+lx6ohKHubc61OomYi7XwVD4Ol0XCVz4h+pYFR048g==
    dependencies:
      "@babel/helper-plugin-utils" "^7.22.5"
      "@babel/helper-skip-transparent-expression-wrappers" "^7.22.5"
      "@babel/plugin-transform-optional-chaining" "^7.22.5"
  
  "@babel/plugin-proposal-private-property-in-object@7.21.0-placeholder-for-preset-env.2":
    version "7.21.0-placeholder-for-preset-env.2"
    resolved "https://registry.yarnpkg.com/@babel/plugin-proposal-private-property-in-object/-/plugin-proposal-private-property-in-object-7.21.0-placeholder-for-preset-env.2.tgz#7844f9289546efa9febac2de4cfe358a050bd703"
    integrity sha512-SOSkfJDddaM7mak6cPEpswyTRnuRltl429hMraQEglW+OkovnCzsiszTmsrlY//qLFjCpQDFRvjdm2wA5pPm9w==
  
  "@babel/plugin-proposal-unicode-property-regex@^7.4.4":
    version "7.18.6"
    resolved "https://registry.yarnpkg.com/@babel/plugin-proposal-unicode-property-regex/-/plugin-proposal-unicode-property-regex-7.18.6.tgz#af613d2cd5e643643b65cded64207b15c85cb78e"
    integrity sha512-2BShG/d5yoZyXZfVePH91urL5wTG6ASZU9M4o03lKK8u8UW1y08OMttBSOADTcJrnPMpvDXRG3G8fyLh4ovs8w==
    dependencies:
      "@babel/helper-create-regexp-features-plugin" "^7.18.6"
      "@babel/helper-plugin-utils" "^7.18.6"
  
  "@babel/plugin-syntax-async-generators@^7.8.4":
    version "7.8.4"
    resolved "https://registry.yarnpkg.com/@babel/plugin-syntax-async-generators/-/plugin-syntax-async-generators-7.8.4.tgz#a983fb1aeb2ec3f6ed042a210f640e90e786fe0d"
    integrity sha512-tycmZxkGfZaxhMRbXlPXuVFpdWlXpir2W4AMhSJgRKzk/eDlIXOhb2LHWoLpDF7TEHylV5zNhykX6KAgHJmTNw==
    dependencies:
      "@babel/helper-plugin-utils" "^7.8.0"
  
  "@babel/plugin-syntax-class-properties@^7.12.13":
    version "7.12.13"
    resolved "https://registry.yarnpkg.com/@babel/plugin-syntax-class-properties/-/plugin-syntax-class-properties-7.12.13.tgz#b5c987274c4a3a82b89714796931a6b53544ae10"
    integrity sha512-fm4idjKla0YahUNgFNLCB0qySdsoPiZP3iQE3rky0mBUtMZ23yDJ9SJdg6dXTSDnulOVqiF3Hgr9nbXvXTQZYA==
    dependencies:
      "@babel/helper-plugin-utils" "^7.12.13"
  
  "@babel/plugin-syntax-class-static-block@^7.14.5":
    version "7.14.5"
    resolved "https://registry.yarnpkg.com/@babel/plugin-syntax-class-static-block/-/plugin-syntax-class-static-block-7.14.5.tgz#195df89b146b4b78b3bf897fd7a257c84659d406"
    integrity sha512-b+YyPmr6ldyNnM6sqYeMWE+bgJcJpO6yS4QD7ymxgH34GBPNDM/THBh8iunyvKIZztiwLH4CJZ0RxTk9emgpjw==
    dependencies:
      "@babel/helper-plugin-utils" "^7.14.5"
  
  "@babel/plugin-syntax-dynamic-import@^7.8.3":
    version "7.8.3"
    resolved "https://registry.yarnpkg.com/@babel/plugin-syntax-dynamic-import/-/plugin-syntax-dynamic-import-7.8.3.tgz#62bf98b2da3cd21d626154fc96ee5b3cb68eacb3"
    integrity sha512-5gdGbFon+PszYzqs83S3E5mpi7/y/8M9eC90MRTZfduQOYW76ig6SOSPNe41IG5LoP3FGBn2N0RjVDSQiS94kQ==
    dependencies:
      "@babel/helper-plugin-utils" "^7.8.0"
  
  "@babel/plugin-syntax-export-namespace-from@^7.8.3":
    version "7.8.3"
    resolved "https://registry.yarnpkg.com/@babel/plugin-syntax-export-namespace-from/-/plugin-syntax-export-namespace-from-7.8.3.tgz#028964a9ba80dbc094c915c487ad7c4e7a66465a"
    integrity sha512-MXf5laXo6c1IbEbegDmzGPwGNTsHZmEy6QGznu5Sh2UCWvueywb2ee+CCE4zQiZstxU9BMoQO9i6zUFSY0Kj0Q==
    dependencies:
      "@babel/helper-plugin-utils" "^7.8.3"
  
  "@babel/plugin-syntax-import-assertions@^7.22.5":
    version "7.22.5"
    resolved "https://registry.yarnpkg.com/@babel/plugin-syntax-import-assertions/-/plugin-syntax-import-assertions-7.22.5.tgz#07d252e2aa0bc6125567f742cd58619cb14dce98"
    integrity sha512-rdV97N7KqsRzeNGoWUOK6yUsWarLjE5Su/Snk9IYPU9CwkWHs4t+rTGOvffTR8XGkJMTAdLfO0xVnXm8wugIJg==
    dependencies:
      "@babel/helper-plugin-utils" "^7.22.5"
  
  "@babel/plugin-syntax-import-attributes@^7.22.5":
    version "7.22.5"
    resolved "https://registry.yarnpkg.com/@babel/plugin-syntax-import-attributes/-/plugin-syntax-import-attributes-7.22.5.tgz#ab840248d834410b829f569f5262b9e517555ecb"
    integrity sha512-KwvoWDeNKPETmozyFE0P2rOLqh39EoQHNjqizrI5B8Vt0ZNS7M56s7dAiAqbYfiAYOuIzIh96z3iR2ktgu3tEg==
    dependencies:
      "@babel/helper-plugin-utils" "^7.22.5"
  
  "@babel/plugin-syntax-import-meta@^7.10.4":
    version "7.10.4"
    resolved "https://registry.yarnpkg.com/@babel/plugin-syntax-import-meta/-/plugin-syntax-import-meta-7.10.4.tgz#ee601348c370fa334d2207be158777496521fd51"
    integrity sha512-Yqfm+XDx0+Prh3VSeEQCPU81yC+JWZ2pDPFSS4ZdpfZhp4MkFMaDC1UqseovEKwSUpnIL7+vK+Clp7bfh0iD7g==
    dependencies:
      "@babel/helper-plugin-utils" "^7.10.4"
  
  "@babel/plugin-syntax-json-strings@^7.8.3":
    version "7.8.3"
    resolved "https://registry.yarnpkg.com/@babel/plugin-syntax-json-strings/-/plugin-syntax-json-strings-7.8.3.tgz#01ca21b668cd8218c9e640cb6dd88c5412b2c96a"
    integrity sha512-lY6kdGpWHvjoe2vk4WrAapEuBR69EMxZl+RoGRhrFGNYVK8mOPAW8VfbT/ZgrFbXlDNiiaxQnAtgVCZ6jv30EA==
    dependencies:
      "@babel/helper-plugin-utils" "^7.8.0"
  
  "@babel/plugin-syntax-jsx@^7.22.5":
    version "7.22.5"
    resolved "https://registry.yarnpkg.com/@babel/plugin-syntax-jsx/-/plugin-syntax-jsx-7.22.5.tgz#a6b68e84fb76e759fc3b93e901876ffabbe1d918"
    integrity sha512-gvyP4hZrgrs/wWMaocvxZ44Hw0b3W8Pe+cMxc8V1ULQ07oh8VNbIRaoD1LRZVTvD+0nieDKjfgKg89sD7rrKrg==
    dependencies:
      "@babel/helper-plugin-utils" "^7.22.5"
  
  "@babel/plugin-syntax-logical-assignment-operators@^7.10.4":
    version "7.10.4"
    resolved "https://registry.yarnpkg.com/@babel/plugin-syntax-logical-assignment-operators/-/plugin-syntax-logical-assignment-operators-7.10.4.tgz#ca91ef46303530448b906652bac2e9fe9941f699"
    integrity sha512-d8waShlpFDinQ5MtvGU9xDAOzKH47+FFoney2baFIoMr952hKOLp1HR7VszoZvOsV/4+RRszNY7D17ba0te0ig==
    dependencies:
      "@babel/helper-plugin-utils" "^7.10.4"
  
  "@babel/plugin-syntax-nullish-coalescing-operator@^7.8.3":
    version "7.8.3"
    resolved "https://registry.yarnpkg.com/@babel/plugin-syntax-nullish-coalescing-operator/-/plugin-syntax-nullish-coalescing-operator-7.8.3.tgz#167ed70368886081f74b5c36c65a88c03b66d1a9"
    integrity sha512-aSff4zPII1u2QD7y+F8oDsz19ew4IGEJg9SVW+bqwpwtfFleiQDMdzA/R+UlWDzfnHFCxxleFT0PMIrR36XLNQ==
    dependencies:
      "@babel/helper-plugin-utils" "^7.8.0"
  
  "@babel/plugin-syntax-numeric-separator@^7.10.4":
    version "7.10.4"
    resolved "https://registry.yarnpkg.com/@babel/plugin-syntax-numeric-separator/-/plugin-syntax-numeric-separator-7.10.4.tgz#b9b070b3e33570cd9fd07ba7fa91c0dd37b9af97"
    integrity sha512-9H6YdfkcK/uOnY/K7/aA2xpzaAgkQn37yzWUMRK7OaPOqOpGS1+n0H5hxT9AUw9EsSjPW8SVyMJwYRtWs3X3ug==
    dependencies:
      "@babel/helper-plugin-utils" "^7.10.4"
  
  "@babel/plugin-syntax-object-rest-spread@^7.8.3":
    version "7.8.3"
    resolved "https://registry.yarnpkg.com/@babel/plugin-syntax-object-rest-spread/-/plugin-syntax-object-rest-spread-7.8.3.tgz#60e225edcbd98a640332a2e72dd3e66f1af55871"
    integrity sha512-XoqMijGZb9y3y2XskN+P1wUGiVwWZ5JmoDRwx5+3GmEplNyVM2s2Dg8ILFQm8rWM48orGy5YpI5Bl8U1y7ydlA==
    dependencies:
      "@babel/helper-plugin-utils" "^7.8.0"
  
  "@babel/plugin-syntax-optional-catch-binding@^7.8.3":
    version "7.8.3"
    resolved "https://registry.yarnpkg.com/@babel/plugin-syntax-optional-catch-binding/-/plugin-syntax-optional-catch-binding-7.8.3.tgz#6111a265bcfb020eb9efd0fdfd7d26402b9ed6c1"
    integrity sha512-6VPD0Pc1lpTqw0aKoeRTMiB+kWhAoT24PA+ksWSBrFtl5SIRVpZlwN3NNPQjehA2E/91FV3RjLWoVTglWcSV3Q==
    dependencies:
      "@babel/helper-plugin-utils" "^7.8.0"
  
  "@babel/plugin-syntax-optional-chaining@^7.8.3":
    version "7.8.3"
    resolved "https://registry.yarnpkg.com/@babel/plugin-syntax-optional-chaining/-/plugin-syntax-optional-chaining-7.8.3.tgz#4f69c2ab95167e0180cd5336613f8c5788f7d48a"
    integrity sha512-KoK9ErH1MBlCPxV0VANkXW2/dw4vlbGDrFgz8bmUsBGYkFRcbRwMh6cIJubdPrkxRwuGdtCk0v/wPTKbQgBjkg==
    dependencies:
      "@babel/helper-plugin-utils" "^7.8.0"
  
  "@babel/plugin-syntax-private-property-in-object@^7.14.5":
    version "7.14.5"
    resolved "https://registry.yarnpkg.com/@babel/plugin-syntax-private-property-in-object/-/plugin-syntax-private-property-in-object-7.14.5.tgz#0dc6671ec0ea22b6e94a1114f857970cd39de1ad"
    integrity sha512-0wVnp9dxJ72ZUJDV27ZfbSj6iHLoytYZmh3rFcxNnvsJF3ktkzLDZPy/mA17HGsaQT3/DQsWYX1f1QGWkCoVUg==
    dependencies:
      "@babel/helper-plugin-utils" "^7.14.5"
  
  "@babel/plugin-syntax-top-level-await@^7.14.5":
    version "7.14.5"
    resolved "https://registry.yarnpkg.com/@babel/plugin-syntax-top-level-await/-/plugin-syntax-top-level-await-7.14.5.tgz#c1cfdadc35a646240001f06138247b741c34d94c"
    integrity sha512-hx++upLv5U1rgYfwe1xBQUhRmU41NEvpUvrp8jkrSCdvGSnM5/qdRMtylJ6PG5OFkBaHkbTAKTnd3/YyESRHFw==
    dependencies:
      "@babel/helper-plugin-utils" "^7.14.5"
  
  "@babel/plugin-syntax-typescript@^7.22.5":
    version "7.22.5"
    resolved "https://registry.yarnpkg.com/@babel/plugin-syntax-typescript/-/plugin-syntax-typescript-7.22.5.tgz#aac8d383b062c5072c647a31ef990c1d0af90272"
    integrity sha512-1mS2o03i7t1c6VzH6fdQ3OA8tcEIxwG18zIPRp+UY1Ihv6W+XZzBCVxExF9upussPXJ0xE9XRHwMoNs1ep/nRQ==
    dependencies:
      "@babel/helper-plugin-utils" "^7.22.5"
  
  "@babel/plugin-syntax-unicode-sets-regex@^7.18.6":
    version "7.18.6"
    resolved "https://registry.yarnpkg.com/@babel/plugin-syntax-unicode-sets-regex/-/plugin-syntax-unicode-sets-regex-7.18.6.tgz#d49a3b3e6b52e5be6740022317580234a6a47357"
    integrity sha512-727YkEAPwSIQTv5im8QHz3upqp92JTWhidIC81Tdx4VJYIte/VndKf1qKrfnnhPLiPghStWfvC/iFaMCQu7Nqg==
    dependencies:
      "@babel/helper-create-regexp-features-plugin" "^7.18.6"
      "@babel/helper-plugin-utils" "^7.18.6"
  
  "@babel/plugin-transform-arrow-functions@^7.22.5":
    version "7.22.5"
    resolved "https://registry.yarnpkg.com/@babel/plugin-transform-arrow-functions/-/plugin-transform-arrow-functions-7.22.5.tgz#e5ba566d0c58a5b2ba2a8b795450641950b71958"
    integrity sha512-26lTNXoVRdAnsaDXPpvCNUq+OVWEVC6bx7Vvz9rC53F2bagUWW4u4ii2+h8Fejfh7RYqPxn+libeFBBck9muEw==
    dependencies:
      "@babel/helper-plugin-utils" "^7.22.5"
  
  "@babel/plugin-transform-async-generator-functions@^7.22.5":
    version "7.22.5"
    resolved "https://registry.yarnpkg.com/@babel/plugin-transform-async-generator-functions/-/plugin-transform-async-generator-functions-7.22.5.tgz#7336356d23380eda9a56314974f053a020dab0c3"
    integrity sha512-gGOEvFzm3fWoyD5uZq7vVTD57pPJ3PczPUD/xCFGjzBpUosnklmXyKnGQbbbGs1NPNPskFex0j93yKbHt0cHyg==
    dependencies:
      "@babel/helper-environment-visitor" "^7.22.5"
      "@babel/helper-plugin-utils" "^7.22.5"
      "@babel/helper-remap-async-to-generator" "^7.22.5"
      "@babel/plugin-syntax-async-generators" "^7.8.4"
  
  "@babel/plugin-transform-async-to-generator@^7.22.5":
    version "7.22.5"
    resolved "https://registry.yarnpkg.com/@babel/plugin-transform-async-to-generator/-/plugin-transform-async-to-generator-7.22.5.tgz#c7a85f44e46f8952f6d27fe57c2ed3cc084c3775"
    integrity sha512-b1A8D8ZzE/VhNDoV1MSJTnpKkCG5bJo+19R4o4oy03zM7ws8yEMK755j61Dc3EyvdysbqH5BOOTquJ7ZX9C6vQ==
    dependencies:
      "@babel/helper-module-imports" "^7.22.5"
      "@babel/helper-plugin-utils" "^7.22.5"
      "@babel/helper-remap-async-to-generator" "^7.22.5"
  
  "@babel/plugin-transform-block-scoped-functions@^7.22.5":
    version "7.22.5"
    resolved "https://registry.yarnpkg.com/@babel/plugin-transform-block-scoped-functions/-/plugin-transform-block-scoped-functions-7.22.5.tgz#27978075bfaeb9fa586d3cb63a3d30c1de580024"
    integrity sha512-tdXZ2UdknEKQWKJP1KMNmuF5Lx3MymtMN/pvA+p/VEkhK8jVcQ1fzSy8KM9qRYhAf2/lV33hoMPKI/xaI9sADA==
    dependencies:
      "@babel/helper-plugin-utils" "^7.22.5"
  
  "@babel/plugin-transform-block-scoping@^7.22.5":
    version "7.22.5"
    resolved "https://registry.yarnpkg.com/@babel/plugin-transform-block-scoping/-/plugin-transform-block-scoping-7.22.5.tgz#8bfc793b3a4b2742c0983fadc1480d843ecea31b"
    integrity sha512-EcACl1i5fSQ6bt+YGuU/XGCeZKStLmyVGytWkpyhCLeQVA0eu6Wtiw92V+I1T/hnezUv7j74dA/Ro69gWcU+hg==
    dependencies:
      "@babel/helper-plugin-utils" "^7.22.5"
  
  "@babel/plugin-transform-class-properties@^7.22.5":
    version "7.22.5"
    resolved "https://registry.yarnpkg.com/@babel/plugin-transform-class-properties/-/plugin-transform-class-properties-7.22.5.tgz#97a56e31ad8c9dc06a0b3710ce7803d5a48cca77"
    integrity sha512-nDkQ0NfkOhPTq8YCLiWNxp1+f9fCobEjCb0n8WdbNUBc4IB5V7P1QnX9IjpSoquKrXF5SKojHleVNs2vGeHCHQ==
    dependencies:
      "@babel/helper-create-class-features-plugin" "^7.22.5"
      "@babel/helper-plugin-utils" "^7.22.5"
  
  "@babel/plugin-transform-class-static-block@^7.22.5":
    version "7.22.5"
    resolved "https://registry.yarnpkg.com/@babel/plugin-transform-class-static-block/-/plugin-transform-class-static-block-7.22.5.tgz#3e40c46f048403472d6f4183116d5e46b1bff5ba"
    integrity sha512-SPToJ5eYZLxlnp1UzdARpOGeC2GbHvr9d/UV0EukuVx8atktg194oe+C5BqQ8jRTkgLRVOPYeXRSBg1IlMoVRA==
    dependencies:
      "@babel/helper-create-class-features-plugin" "^7.22.5"
      "@babel/helper-plugin-utils" "^7.22.5"
      "@babel/plugin-syntax-class-static-block" "^7.14.5"
  
  "@babel/plugin-transform-classes@^7.22.5":
    version "7.22.5"
    resolved "https://registry.yarnpkg.com/@babel/plugin-transform-classes/-/plugin-transform-classes-7.22.5.tgz#635d4e98da741fad814984639f4c0149eb0135e1"
    integrity sha512-2edQhLfibpWpsVBx2n/GKOz6JdGQvLruZQfGr9l1qes2KQaWswjBzhQF7UDUZMNaMMQeYnQzxwOMPsbYF7wqPQ==
    dependencies:
      "@babel/helper-annotate-as-pure" "^7.22.5"
      "@babel/helper-compilation-targets" "^7.22.5"
      "@babel/helper-environment-visitor" "^7.22.5"
      "@babel/helper-function-name" "^7.22.5"
      "@babel/helper-optimise-call-expression" "^7.22.5"
      "@babel/helper-plugin-utils" "^7.22.5"
      "@babel/helper-replace-supers" "^7.22.5"
      "@babel/helper-split-export-declaration" "^7.22.5"
      globals "^11.1.0"
  
  "@babel/plugin-transform-computed-properties@^7.22.5":
    version "7.22.5"
    resolved "https://registry.yarnpkg.com/@babel/plugin-transform-computed-properties/-/plugin-transform-computed-properties-7.22.5.tgz#cd1e994bf9f316bd1c2dafcd02063ec261bb3869"
    integrity sha512-4GHWBgRf0krxPX+AaPtgBAlTgTeZmqDynokHOX7aqqAB4tHs3U2Y02zH6ETFdLZGcg9UQSD1WCmkVrE9ErHeOg==
    dependencies:
      "@babel/helper-plugin-utils" "^7.22.5"
      "@babel/template" "^7.22.5"
  
  "@babel/plugin-transform-destructuring@^7.22.5":
    version "7.22.5"
    resolved "https://registry.yarnpkg.com/@babel/plugin-transform-destructuring/-/plugin-transform-destructuring-7.22.5.tgz#d3aca7438f6c26c78cdd0b0ba920a336001b27cc"
    integrity sha512-GfqcFuGW8vnEqTUBM7UtPd5A4q797LTvvwKxXTgRsFjoqaJiEg9deBG6kWeQYkVEL569NpnmpC0Pkr/8BLKGnQ==
    dependencies:
      "@babel/helper-plugin-utils" "^7.22.5"
  
  "@babel/plugin-transform-dotall-regex@^7.22.5", "@babel/plugin-transform-dotall-regex@^7.4.4":
    version "7.22.5"
    resolved "https://registry.yarnpkg.com/@babel/plugin-transform-dotall-regex/-/plugin-transform-dotall-regex-7.22.5.tgz#dbb4f0e45766eb544e193fb00e65a1dd3b2a4165"
    integrity sha512-5/Yk9QxCQCl+sOIB1WelKnVRxTJDSAIxtJLL2/pqL14ZVlbH0fUQUZa/T5/UnQtBNgghR7mfB8ERBKyKPCi7Vw==
    dependencies:
      "@babel/helper-create-regexp-features-plugin" "^7.22.5"
      "@babel/helper-plugin-utils" "^7.22.5"
  
  "@babel/plugin-transform-duplicate-keys@^7.22.5":
    version "7.22.5"
    resolved "https://registry.yarnpkg.com/@babel/plugin-transform-duplicate-keys/-/plugin-transform-duplicate-keys-7.22.5.tgz#b6e6428d9416f5f0bba19c70d1e6e7e0b88ab285"
    integrity sha512-dEnYD+9BBgld5VBXHnF/DbYGp3fqGMsyxKbtD1mDyIA7AkTSpKXFhCVuj/oQVOoALfBs77DudA0BE4d5mcpmqw==
    dependencies:
      "@babel/helper-plugin-utils" "^7.22.5"
  
  "@babel/plugin-transform-dynamic-import@^7.22.5":
    version "7.22.5"
    resolved "https://registry.yarnpkg.com/@babel/plugin-transform-dynamic-import/-/plugin-transform-dynamic-import-7.22.5.tgz#d6908a8916a810468c4edff73b5b75bda6ad393e"
    integrity sha512-0MC3ppTB1AMxd8fXjSrbPa7LT9hrImt+/fcj+Pg5YMD7UQyWp/02+JWpdnCymmsXwIx5Z+sYn1bwCn4ZJNvhqQ==
    dependencies:
      "@babel/helper-plugin-utils" "^7.22.5"
      "@babel/plugin-syntax-dynamic-import" "^7.8.3"
  
  "@babel/plugin-transform-exponentiation-operator@^7.22.5":
    version "7.22.5"
    resolved "https://registry.yarnpkg.com/@babel/plugin-transform-exponentiation-operator/-/plugin-transform-exponentiation-operator-7.22.5.tgz#402432ad544a1f9a480da865fda26be653e48f6a"
    integrity sha512-vIpJFNM/FjZ4rh1myqIya9jXwrwwgFRHPjT3DkUA9ZLHuzox8jiXkOLvwm1H+PQIP3CqfC++WPKeuDi0Sjdj1g==
    dependencies:
      "@babel/helper-builder-binary-assignment-operator-visitor" "^7.22.5"
      "@babel/helper-plugin-utils" "^7.22.5"
  
  "@babel/plugin-transform-export-namespace-from@^7.22.5":
    version "7.22.5"
    resolved "https://registry.yarnpkg.com/@babel/plugin-transform-export-namespace-from/-/plugin-transform-export-namespace-from-7.22.5.tgz#57c41cb1d0613d22f548fddd8b288eedb9973a5b"
    integrity sha512-X4hhm7FRnPgd4nDA4b/5V280xCx6oL7Oob5+9qVS5C13Zq4bh1qq7LU0GgRU6b5dBWBvhGaXYVB4AcN6+ol6vg==
    dependencies:
      "@babel/helper-plugin-utils" "^7.22.5"
      "@babel/plugin-syntax-export-namespace-from" "^7.8.3"
  
  "@babel/plugin-transform-for-of@^7.22.5":
    version "7.22.5"
    resolved "https://registry.yarnpkg.com/@babel/plugin-transform-for-of/-/plugin-transform-for-of-7.22.5.tgz#ab1b8a200a8f990137aff9a084f8de4099ab173f"
    integrity sha512-3kxQjX1dU9uudwSshyLeEipvrLjBCVthCgeTp6CzE/9JYrlAIaeekVxRpCWsDDfYTfRZRoCeZatCQvwo+wvK8A==
    dependencies:
      "@babel/helper-plugin-utils" "^7.22.5"
  
  "@babel/plugin-transform-function-name@^7.22.5":
    version "7.22.5"
    resolved "https://registry.yarnpkg.com/@babel/plugin-transform-function-name/-/plugin-transform-function-name-7.22.5.tgz#935189af68b01898e0d6d99658db6b164205c143"
    integrity sha512-UIzQNMS0p0HHiQm3oelztj+ECwFnj+ZRV4KnguvlsD2of1whUeM6o7wGNj6oLwcDoAXQ8gEqfgC24D+VdIcevg==
    dependencies:
      "@babel/helper-compilation-targets" "^7.22.5"
      "@babel/helper-function-name" "^7.22.5"
      "@babel/helper-plugin-utils" "^7.22.5"
  
  "@babel/plugin-transform-json-strings@^7.22.5":
    version "7.22.5"
    resolved "https://registry.yarnpkg.com/@babel/plugin-transform-json-strings/-/plugin-transform-json-strings-7.22.5.tgz#14b64352fdf7e1f737eed68de1a1468bd2a77ec0"
    integrity sha512-DuCRB7fu8MyTLbEQd1ew3R85nx/88yMoqo2uPSjevMj3yoN7CDM8jkgrY0wmVxfJZyJ/B9fE1iq7EQppWQmR5A==
    dependencies:
      "@babel/helper-plugin-utils" "^7.22.5"
      "@babel/plugin-syntax-json-strings" "^7.8.3"
  
  "@babel/plugin-transform-literals@^7.22.5":
    version "7.22.5"
    resolved "https://registry.yarnpkg.com/@babel/plugin-transform-literals/-/plugin-transform-literals-7.22.5.tgz#e9341f4b5a167952576e23db8d435849b1dd7920"
    integrity sha512-fTLj4D79M+mepcw3dgFBTIDYpbcB9Sm0bpm4ppXPaO+U+PKFFyV9MGRvS0gvGw62sd10kT5lRMKXAADb9pWy8g==
    dependencies:
      "@babel/helper-plugin-utils" "^7.22.5"
  
  "@babel/plugin-transform-logical-assignment-operators@^7.22.5":
    version "7.22.5"
    resolved "https://registry.yarnpkg.com/@babel/plugin-transform-logical-assignment-operators/-/plugin-transform-logical-assignment-operators-7.22.5.tgz#66ae5f068fd5a9a5dc570df16f56c2a8462a9d6c"
    integrity sha512-MQQOUW1KL8X0cDWfbwYP+TbVbZm16QmQXJQ+vndPtH/BoO0lOKpVoEDMI7+PskYxH+IiE0tS8xZye0qr1lGzSA==
    dependencies:
      "@babel/helper-plugin-utils" "^7.22.5"
      "@babel/plugin-syntax-logical-assignment-operators" "^7.10.4"
  
  "@babel/plugin-transform-member-expression-literals@^7.22.5":
    version "7.22.5"
    resolved "https://registry.yarnpkg.com/@babel/plugin-transform-member-expression-literals/-/plugin-transform-member-expression-literals-7.22.5.tgz#4fcc9050eded981a468347dd374539ed3e058def"
    integrity sha512-RZEdkNtzzYCFl9SE9ATaUMTj2hqMb4StarOJLrZRbqqU4HSBE7UlBw9WBWQiDzrJZJdUWiMTVDI6Gv/8DPvfew==
    dependencies:
      "@babel/helper-plugin-utils" "^7.22.5"
  
  "@babel/plugin-transform-modules-amd@^7.22.5":
    version "7.22.5"
    resolved "https://registry.yarnpkg.com/@babel/plugin-transform-modules-amd/-/plugin-transform-modules-amd-7.22.5.tgz#4e045f55dcf98afd00f85691a68fc0780704f526"
    integrity sha512-R+PTfLTcYEmb1+kK7FNkhQ1gP4KgjpSO6HfH9+f8/yfp2Nt3ggBjiVpRwmwTlfqZLafYKJACy36yDXlEmI9HjQ==
    dependencies:
      "@babel/helper-module-transforms" "^7.22.5"
      "@babel/helper-plugin-utils" "^7.22.5"
  
  "@babel/plugin-transform-modules-commonjs@^7.22.5":
    version "7.22.5"
    resolved "https://registry.yarnpkg.com/@babel/plugin-transform-modules-commonjs/-/plugin-transform-modules-commonjs-7.22.5.tgz#7d9875908d19b8c0536085af7b053fd5bd651bfa"
    integrity sha512-B4pzOXj+ONRmuaQTg05b3y/4DuFz3WcCNAXPLb2Q0GT0TrGKGxNKV4jwsXts+StaM0LQczZbOpj8o1DLPDJIiA==
    dependencies:
      "@babel/helper-module-transforms" "^7.22.5"
      "@babel/helper-plugin-utils" "^7.22.5"
      "@babel/helper-simple-access" "^7.22.5"
  
  "@babel/plugin-transform-modules-systemjs@^7.22.5":
    version "7.22.5"
    resolved "https://registry.yarnpkg.com/@babel/plugin-transform-modules-systemjs/-/plugin-transform-modules-systemjs-7.22.5.tgz#18c31410b5e579a0092638f95c896c2a98a5d496"
    integrity sha512-emtEpoaTMsOs6Tzz+nbmcePl6AKVtS1yC4YNAeMun9U8YCsgadPNxnOPQ8GhHFB2qdx+LZu9LgoC0Lthuu05DQ==
    dependencies:
      "@babel/helper-hoist-variables" "^7.22.5"
      "@babel/helper-module-transforms" "^7.22.5"
      "@babel/helper-plugin-utils" "^7.22.5"
      "@babel/helper-validator-identifier" "^7.22.5"
  
  "@babel/plugin-transform-modules-umd@^7.22.5":
    version "7.22.5"
    resolved "https://registry.yarnpkg.com/@babel/plugin-transform-modules-umd/-/plugin-transform-modules-umd-7.22.5.tgz#4694ae40a87b1745e3775b6a7fe96400315d4f98"
    integrity sha512-+S6kzefN/E1vkSsKx8kmQuqeQsvCKCd1fraCM7zXm4SFoggI099Tr4G8U81+5gtMdUeMQ4ipdQffbKLX0/7dBQ==
    dependencies:
      "@babel/helper-module-transforms" "^7.22.5"
      "@babel/helper-plugin-utils" "^7.22.5"
  
  "@babel/plugin-transform-named-capturing-groups-regex@^7.22.5":
    version "7.22.5"
    resolved "https://registry.yarnpkg.com/@babel/plugin-transform-named-capturing-groups-regex/-/plugin-transform-named-capturing-groups-regex-7.22.5.tgz#67fe18ee8ce02d57c855185e27e3dc959b2e991f"
    integrity sha512-YgLLKmS3aUBhHaxp5hi1WJTgOUb/NCuDHzGT9z9WTt3YG+CPRhJs6nprbStx6DnWM4dh6gt7SU3sZodbZ08adQ==
    dependencies:
      "@babel/helper-create-regexp-features-plugin" "^7.22.5"
      "@babel/helper-plugin-utils" "^7.22.5"
  
  "@babel/plugin-transform-new-target@^7.22.5":
    version "7.22.5"
    resolved "https://registry.yarnpkg.com/@babel/plugin-transform-new-target/-/plugin-transform-new-target-7.22.5.tgz#1b248acea54ce44ea06dfd37247ba089fcf9758d"
    integrity sha512-AsF7K0Fx/cNKVyk3a+DW0JLo+Ua598/NxMRvxDnkpCIGFh43+h/v2xyhRUYf6oD8gE4QtL83C7zZVghMjHd+iw==
    dependencies:
      "@babel/helper-plugin-utils" "^7.22.5"
  
  "@babel/plugin-transform-nullish-coalescing-operator@^7.22.5":
    version "7.22.5"
    resolved "https://registry.yarnpkg.com/@babel/plugin-transform-nullish-coalescing-operator/-/plugin-transform-nullish-coalescing-operator-7.22.5.tgz#f8872c65776e0b552e0849d7596cddd416c3e381"
    integrity sha512-6CF8g6z1dNYZ/VXok5uYkkBBICHZPiGEl7oDnAx2Mt1hlHVHOSIKWJaXHjQJA5VB43KZnXZDIexMchY4y2PGdA==
    dependencies:
      "@babel/helper-plugin-utils" "^7.22.5"
      "@babel/plugin-syntax-nullish-coalescing-operator" "^7.8.3"
  
  "@babel/plugin-transform-numeric-separator@^7.22.5":
    version "7.22.5"
    resolved "https://registry.yarnpkg.com/@babel/plugin-transform-numeric-separator/-/plugin-transform-numeric-separator-7.22.5.tgz#57226a2ed9e512b9b446517ab6fa2d17abb83f58"
    integrity sha512-NbslED1/6M+sXiwwtcAB/nieypGw02Ejf4KtDeMkCEpP6gWFMX1wI9WKYua+4oBneCCEmulOkRpwywypVZzs/g==
    dependencies:
      "@babel/helper-plugin-utils" "^7.22.5"
      "@babel/plugin-syntax-numeric-separator" "^7.10.4"
  
  "@babel/plugin-transform-object-rest-spread@^7.22.5":
    version "7.22.5"
    resolved "https://registry.yarnpkg.com/@babel/plugin-transform-object-rest-spread/-/plugin-transform-object-rest-spread-7.22.5.tgz#9686dc3447df4753b0b2a2fae7e8bc33cdc1f2e1"
    integrity sha512-Kk3lyDmEslH9DnvCDA1s1kkd3YWQITiBOHngOtDL9Pt6BZjzqb6hiOlb8VfjiiQJ2unmegBqZu0rx5RxJb5vmQ==
    dependencies:
      "@babel/compat-data" "^7.22.5"
      "@babel/helper-compilation-targets" "^7.22.5"
      "@babel/helper-plugin-utils" "^7.22.5"
      "@babel/plugin-syntax-object-rest-spread" "^7.8.3"
      "@babel/plugin-transform-parameters" "^7.22.5"
  
  "@babel/plugin-transform-object-super@^7.22.5":
    version "7.22.5"
    resolved "https://registry.yarnpkg.com/@babel/plugin-transform-object-super/-/plugin-transform-object-super-7.22.5.tgz#794a8d2fcb5d0835af722173c1a9d704f44e218c"
    integrity sha512-klXqyaT9trSjIUrcsYIfETAzmOEZL3cBYqOYLJxBHfMFFggmXOv+NYSX/Jbs9mzMVESw/WycLFPRx8ba/b2Ipw==
    dependencies:
      "@babel/helper-plugin-utils" "^7.22.5"
      "@babel/helper-replace-supers" "^7.22.5"
  
  "@babel/plugin-transform-optional-catch-binding@^7.22.5":
    version "7.22.5"
    resolved "https://registry.yarnpkg.com/@babel/plugin-transform-optional-catch-binding/-/plugin-transform-optional-catch-binding-7.22.5.tgz#842080be3076703be0eaf32ead6ac8174edee333"
    integrity sha512-pH8orJahy+hzZje5b8e2QIlBWQvGpelS76C63Z+jhZKsmzfNaPQ+LaW6dcJ9bxTpo1mtXbgHwy765Ro3jftmUg==
    dependencies:
      "@babel/helper-plugin-utils" "^7.22.5"
      "@babel/plugin-syntax-optional-catch-binding" "^7.8.3"
  
  "@babel/plugin-transform-optional-chaining@^7.22.5":
    version "7.22.5"
    resolved "https://registry.yarnpkg.com/@babel/plugin-transform-optional-chaining/-/plugin-transform-optional-chaining-7.22.5.tgz#1003762b9c14295501beb41be72426736bedd1e0"
    integrity sha512-AconbMKOMkyG+xCng2JogMCDcqW8wedQAqpVIL4cOSescZ7+iW8utC6YDZLMCSUIReEA733gzRSaOSXMAt/4WQ==
    dependencies:
      "@babel/helper-plugin-utils" "^7.22.5"
      "@babel/helper-skip-transparent-expression-wrappers" "^7.22.5"
      "@babel/plugin-syntax-optional-chaining" "^7.8.3"
  
  "@babel/plugin-transform-parameters@^7.22.5":
    version "7.22.5"
    resolved "https://registry.yarnpkg.com/@babel/plugin-transform-parameters/-/plugin-transform-parameters-7.22.5.tgz#c3542dd3c39b42c8069936e48717a8d179d63a18"
    integrity sha512-AVkFUBurORBREOmHRKo06FjHYgjrabpdqRSwq6+C7R5iTCZOsM4QbcB27St0a4U6fffyAOqh3s/qEfybAhfivg==
    dependencies:
      "@babel/helper-plugin-utils" "^7.22.5"
  
  "@babel/plugin-transform-private-methods@^7.22.5":
    version "7.22.5"
    resolved "https://registry.yarnpkg.com/@babel/plugin-transform-private-methods/-/plugin-transform-private-methods-7.22.5.tgz#21c8af791f76674420a147ae62e9935d790f8722"
    integrity sha512-PPjh4gyrQnGe97JTalgRGMuU4icsZFnWkzicB/fUtzlKUqvsWBKEpPPfr5a2JiyirZkHxnAqkQMO5Z5B2kK3fA==
    dependencies:
      "@babel/helper-create-class-features-plugin" "^7.22.5"
      "@babel/helper-plugin-utils" "^7.22.5"
  
  "@babel/plugin-transform-private-property-in-object@^7.22.5":
    version "7.22.5"
    resolved "https://registry.yarnpkg.com/@babel/plugin-transform-private-property-in-object/-/plugin-transform-private-property-in-object-7.22.5.tgz#07a77f28cbb251546a43d175a1dda4cf3ef83e32"
    integrity sha512-/9xnaTTJcVoBtSSmrVyhtSvO3kbqS2ODoh2juEU72c3aYonNF0OMGiaz2gjukyKM2wBBYJP38S4JiE0Wfb5VMQ==
    dependencies:
      "@babel/helper-annotate-as-pure" "^7.22.5"
      "@babel/helper-create-class-features-plugin" "^7.22.5"
      "@babel/helper-plugin-utils" "^7.22.5"
      "@babel/plugin-syntax-private-property-in-object" "^7.14.5"
  
  "@babel/plugin-transform-property-literals@^7.22.5":
    version "7.22.5"
    resolved "https://registry.yarnpkg.com/@babel/plugin-transform-property-literals/-/plugin-transform-property-literals-7.22.5.tgz#b5ddabd73a4f7f26cd0e20f5db48290b88732766"
    integrity sha512-TiOArgddK3mK/x1Qwf5hay2pxI6wCZnvQqrFSqbtg1GLl2JcNMitVH/YnqjP+M31pLUeTfzY1HAXFDnUBV30rQ==
    dependencies:
      "@babel/helper-plugin-utils" "^7.22.5"
  
  "@babel/plugin-transform-react-constant-elements@^7.21.3":
    version "7.22.5"
    resolved "https://registry.yarnpkg.com/@babel/plugin-transform-react-constant-elements/-/plugin-transform-react-constant-elements-7.22.5.tgz#6dfa7c1c37f7d7279e417ceddf5a04abb8bb9c29"
    integrity sha512-BF5SXoO+nX3h5OhlN78XbbDrBOffv+AxPP2ENaJOVqjWCgBDeOY3WcaUcddutGSfoap+5NEQ/q/4I3WZIvgkXA==
    dependencies:
      "@babel/helper-plugin-utils" "^7.22.5"
  
  "@babel/plugin-transform-react-display-name@^7.22.5":
    version "7.22.5"
    resolved "https://registry.yarnpkg.com/@babel/plugin-transform-react-display-name/-/plugin-transform-react-display-name-7.22.5.tgz#3c4326f9fce31c7968d6cb9debcaf32d9e279a2b"
    integrity sha512-PVk3WPYudRF5z4GKMEYUrLjPl38fJSKNaEOkFuoprioowGuWN6w2RKznuFNSlJx7pzzXXStPUnNSOEO0jL5EVw==
    dependencies:
      "@babel/helper-plugin-utils" "^7.22.5"
  
  "@babel/plugin-transform-react-jsx-development@^7.22.5":
    version "7.22.5"
    resolved "https://registry.yarnpkg.com/@babel/plugin-transform-react-jsx-development/-/plugin-transform-react-jsx-development-7.22.5.tgz#e716b6edbef972a92165cd69d92f1255f7e73e87"
    integrity sha512-bDhuzwWMuInwCYeDeMzyi7TaBgRQei6DqxhbyniL7/VG4RSS7HtSL2QbY4eESy1KJqlWt8g3xeEBGPuo+XqC8A==
    dependencies:
      "@babel/plugin-transform-react-jsx" "^7.22.5"
  
  "@babel/plugin-transform-react-jsx@^7.22.5":
    version "7.22.5"
    resolved "https://registry.yarnpkg.com/@babel/plugin-transform-react-jsx/-/plugin-transform-react-jsx-7.22.5.tgz#932c291eb6dd1153359e2a90cb5e557dcf068416"
    integrity sha512-rog5gZaVbUip5iWDMTYbVM15XQq+RkUKhET/IHR6oizR+JEoN6CAfTTuHcK4vwUyzca30qqHqEpzBOnaRMWYMA==
    dependencies:
      "@babel/helper-annotate-as-pure" "^7.22.5"
      "@babel/helper-module-imports" "^7.22.5"
      "@babel/helper-plugin-utils" "^7.22.5"
      "@babel/plugin-syntax-jsx" "^7.22.5"
      "@babel/types" "^7.22.5"
  
  "@babel/plugin-transform-react-pure-annotations@^7.22.5":
    version "7.22.5"
    resolved "https://registry.yarnpkg.com/@babel/plugin-transform-react-pure-annotations/-/plugin-transform-react-pure-annotations-7.22.5.tgz#1f58363eef6626d6fa517b95ac66fe94685e32c0"
    integrity sha512-gP4k85wx09q+brArVinTXhWiyzLl9UpmGva0+mWyKxk6JZequ05x3eUcIUE+FyttPKJFRRVtAvQaJ6YF9h1ZpA==
    dependencies:
      "@babel/helper-annotate-as-pure" "^7.22.5"
      "@babel/helper-plugin-utils" "^7.22.5"
  
  "@babel/plugin-transform-regenerator@^7.22.5":
    version "7.22.5"
    resolved "https://registry.yarnpkg.com/@babel/plugin-transform-regenerator/-/plugin-transform-regenerator-7.22.5.tgz#cd8a68b228a5f75fa01420e8cc2fc400f0fc32aa"
    integrity sha512-rR7KePOE7gfEtNTh9Qw+iO3Q/e4DEsoQ+hdvM6QUDH7JRJ5qxq5AA52ZzBWbI5i9lfNuvySgOGP8ZN7LAmaiPw==
    dependencies:
      "@babel/helper-plugin-utils" "^7.22.5"
      regenerator-transform "^0.15.1"
  
  "@babel/plugin-transform-reserved-words@^7.22.5":
    version "7.22.5"
    resolved "https://registry.yarnpkg.com/@babel/plugin-transform-reserved-words/-/plugin-transform-reserved-words-7.22.5.tgz#832cd35b81c287c4bcd09ce03e22199641f964fb"
    integrity sha512-DTtGKFRQUDm8svigJzZHzb/2xatPc6TzNvAIJ5GqOKDsGFYgAskjRulbR/vGsPKq3OPqtexnz327qYpP57RFyA==
    dependencies:
      "@babel/helper-plugin-utils" "^7.22.5"
  
  "@babel/plugin-transform-shorthand-properties@^7.22.5":
    version "7.22.5"
    resolved "https://registry.yarnpkg.com/@babel/plugin-transform-shorthand-properties/-/plugin-transform-shorthand-properties-7.22.5.tgz#6e277654be82b5559fc4b9f58088507c24f0c624"
    integrity sha512-vM4fq9IXHscXVKzDv5itkO1X52SmdFBFcMIBZ2FRn2nqVYqw6dBexUgMvAjHW+KXpPPViD/Yo3GrDEBaRC0QYA==
    dependencies:
      "@babel/helper-plugin-utils" "^7.22.5"
  
  "@babel/plugin-transform-spread@^7.22.5":
    version "7.22.5"
    resolved "https://registry.yarnpkg.com/@babel/plugin-transform-spread/-/plugin-transform-spread-7.22.5.tgz#6487fd29f229c95e284ba6c98d65eafb893fea6b"
    integrity sha512-5ZzDQIGyvN4w8+dMmpohL6MBo+l2G7tfC/O2Dg7/hjpgeWvUx8FzfeOKxGog9IimPa4YekaQ9PlDqTLOljkcxg==
    dependencies:
      "@babel/helper-plugin-utils" "^7.22.5"
      "@babel/helper-skip-transparent-expression-wrappers" "^7.22.5"
  
  "@babel/plugin-transform-sticky-regex@^7.22.5":
    version "7.22.5"
    resolved "https://registry.yarnpkg.com/@babel/plugin-transform-sticky-regex/-/plugin-transform-sticky-regex-7.22.5.tgz#295aba1595bfc8197abd02eae5fc288c0deb26aa"
    integrity sha512-zf7LuNpHG0iEeiyCNwX4j3gDg1jgt1k3ZdXBKbZSoA3BbGQGvMiSvfbZRR3Dr3aeJe3ooWFZxOOG3IRStYp2Bw==
    dependencies:
      "@babel/helper-plugin-utils" "^7.22.5"
  
  "@babel/plugin-transform-template-literals@^7.22.5":
    version "7.22.5"
    resolved "https://registry.yarnpkg.com/@babel/plugin-transform-template-literals/-/plugin-transform-template-literals-7.22.5.tgz#8f38cf291e5f7a8e60e9f733193f0bcc10909bff"
    integrity sha512-5ciOehRNf+EyUeewo8NkbQiUs4d6ZxiHo6BcBcnFlgiJfu16q0bQUw9Jvo0b0gBKFG1SMhDSjeKXSYuJLeFSMA==
    dependencies:
      "@babel/helper-plugin-utils" "^7.22.5"
  
  "@babel/plugin-transform-typeof-symbol@^7.22.5":
    version "7.22.5"
    resolved "https://registry.yarnpkg.com/@babel/plugin-transform-typeof-symbol/-/plugin-transform-typeof-symbol-7.22.5.tgz#5e2ba478da4b603af8673ff7c54f75a97b716b34"
    integrity sha512-bYkI5lMzL4kPii4HHEEChkD0rkc+nvnlR6+o/qdqR6zrm0Sv/nodmyLhlq2DO0YKLUNd2VePmPRjJXSBh9OIdA==
    dependencies:
      "@babel/helper-plugin-utils" "^7.22.5"
  
  "@babel/plugin-transform-typescript@^7.22.5":
    version "7.22.5"
    resolved "https://registry.yarnpkg.com/@babel/plugin-transform-typescript/-/plugin-transform-typescript-7.22.5.tgz#5c0f7adfc1b5f38c4dbc8f79b1f0f8074134bd7d"
    integrity sha512-SMubA9S7Cb5sGSFFUlqxyClTA9zWJ8qGQrppNUm05LtFuN1ELRFNndkix4zUJrC9F+YivWwa1dHMSyo0e0N9dA==
    dependencies:
      "@babel/helper-annotate-as-pure" "^7.22.5"
      "@babel/helper-create-class-features-plugin" "^7.22.5"
      "@babel/helper-plugin-utils" "^7.22.5"
      "@babel/plugin-syntax-typescript" "^7.22.5"
  
  "@babel/plugin-transform-unicode-escapes@^7.22.5":
    version "7.22.5"
    resolved "https://registry.yarnpkg.com/@babel/plugin-transform-unicode-escapes/-/plugin-transform-unicode-escapes-7.22.5.tgz#ce0c248522b1cb22c7c992d88301a5ead70e806c"
    integrity sha512-biEmVg1IYB/raUO5wT1tgfacCef15Fbzhkx493D3urBI++6hpJ+RFG4SrWMn0NEZLfvilqKf3QDrRVZHo08FYg==
    dependencies:
      "@babel/helper-plugin-utils" "^7.22.5"
  
  "@babel/plugin-transform-unicode-property-regex@^7.22.5":
    version "7.22.5"
    resolved "https://registry.yarnpkg.com/@babel/plugin-transform-unicode-property-regex/-/plugin-transform-unicode-property-regex-7.22.5.tgz#098898f74d5c1e86660dc112057b2d11227f1c81"
    integrity sha512-HCCIb+CbJIAE6sXn5CjFQXMwkCClcOfPCzTlilJ8cUatfzwHlWQkbtV0zD338u9dZskwvuOYTuuaMaA8J5EI5A==
    dependencies:
      "@babel/helper-create-regexp-features-plugin" "^7.22.5"
      "@babel/helper-plugin-utils" "^7.22.5"
  
  "@babel/plugin-transform-unicode-regex@^7.22.5":
    version "7.22.5"
    resolved "https://registry.yarnpkg.com/@babel/plugin-transform-unicode-regex/-/plugin-transform-unicode-regex-7.22.5.tgz#ce7e7bb3ef208c4ff67e02a22816656256d7a183"
    integrity sha512-028laaOKptN5vHJf9/Arr/HiJekMd41hOEZYvNsrsXqJ7YPYuX2bQxh31fkZzGmq3YqHRJzYFFAVYvKfMPKqyg==
    dependencies:
      "@babel/helper-create-regexp-features-plugin" "^7.22.5"
      "@babel/helper-plugin-utils" "^7.22.5"
  
  "@babel/plugin-transform-unicode-sets-regex@^7.22.5":
    version "7.22.5"
    resolved "https://registry.yarnpkg.com/@babel/plugin-transform-unicode-sets-regex/-/plugin-transform-unicode-sets-regex-7.22.5.tgz#77788060e511b708ffc7d42fdfbc5b37c3004e91"
    integrity sha512-lhMfi4FC15j13eKrh3DnYHjpGj6UKQHtNKTbtc1igvAhRy4+kLhV07OpLcsN0VgDEw/MjAvJO4BdMJsHwMhzCg==
    dependencies:
      "@babel/helper-create-regexp-features-plugin" "^7.22.5"
      "@babel/helper-plugin-utils" "^7.22.5"
  
  "@babel/preset-env@^7.20.2":
    version "7.22.5"
    resolved "https://registry.yarnpkg.com/@babel/preset-env/-/preset-env-7.22.5.tgz#3da66078b181f3d62512c51cf7014392c511504e"
    integrity sha512-fj06hw89dpiZzGZtxn+QybifF07nNiZjZ7sazs2aVDcysAZVGjW7+7iFYxg6GLNM47R/thYfLdrXc+2f11Vi9A==
    dependencies:
      "@babel/compat-data" "^7.22.5"
      "@babel/helper-compilation-targets" "^7.22.5"
      "@babel/helper-plugin-utils" "^7.22.5"
      "@babel/helper-validator-option" "^7.22.5"
      "@babel/plugin-bugfix-safari-id-destructuring-collision-in-function-expression" "^7.22.5"
      "@babel/plugin-bugfix-v8-spread-parameters-in-optional-chaining" "^7.22.5"
      "@babel/plugin-proposal-private-property-in-object" "7.21.0-placeholder-for-preset-env.2"
      "@babel/plugin-syntax-async-generators" "^7.8.4"
      "@babel/plugin-syntax-class-properties" "^7.12.13"
      "@babel/plugin-syntax-class-static-block" "^7.14.5"
      "@babel/plugin-syntax-dynamic-import" "^7.8.3"
      "@babel/plugin-syntax-export-namespace-from" "^7.8.3"
      "@babel/plugin-syntax-import-assertions" "^7.22.5"
      "@babel/plugin-syntax-import-attributes" "^7.22.5"
      "@babel/plugin-syntax-import-meta" "^7.10.4"
      "@babel/plugin-syntax-json-strings" "^7.8.3"
      "@babel/plugin-syntax-logical-assignment-operators" "^7.10.4"
      "@babel/plugin-syntax-nullish-coalescing-operator" "^7.8.3"
      "@babel/plugin-syntax-numeric-separator" "^7.10.4"
      "@babel/plugin-syntax-object-rest-spread" "^7.8.3"
      "@babel/plugin-syntax-optional-catch-binding" "^7.8.3"
      "@babel/plugin-syntax-optional-chaining" "^7.8.3"
      "@babel/plugin-syntax-private-property-in-object" "^7.14.5"
      "@babel/plugin-syntax-top-level-await" "^7.14.5"
      "@babel/plugin-syntax-unicode-sets-regex" "^7.18.6"
      "@babel/plugin-transform-arrow-functions" "^7.22.5"
      "@babel/plugin-transform-async-generator-functions" "^7.22.5"
      "@babel/plugin-transform-async-to-generator" "^7.22.5"
      "@babel/plugin-transform-block-scoped-functions" "^7.22.5"
      "@babel/plugin-transform-block-scoping" "^7.22.5"
      "@babel/plugin-transform-class-properties" "^7.22.5"
      "@babel/plugin-transform-class-static-block" "^7.22.5"
      "@babel/plugin-transform-classes" "^7.22.5"
      "@babel/plugin-transform-computed-properties" "^7.22.5"
      "@babel/plugin-transform-destructuring" "^7.22.5"
      "@babel/plugin-transform-dotall-regex" "^7.22.5"
      "@babel/plugin-transform-duplicate-keys" "^7.22.5"
      "@babel/plugin-transform-dynamic-import" "^7.22.5"
      "@babel/plugin-transform-exponentiation-operator" "^7.22.5"
      "@babel/plugin-transform-export-namespace-from" "^7.22.5"
      "@babel/plugin-transform-for-of" "^7.22.5"
      "@babel/plugin-transform-function-name" "^7.22.5"
      "@babel/plugin-transform-json-strings" "^7.22.5"
      "@babel/plugin-transform-literals" "^7.22.5"
      "@babel/plugin-transform-logical-assignment-operators" "^7.22.5"
      "@babel/plugin-transform-member-expression-literals" "^7.22.5"
      "@babel/plugin-transform-modules-amd" "^7.22.5"
      "@babel/plugin-transform-modules-commonjs" "^7.22.5"
      "@babel/plugin-transform-modules-systemjs" "^7.22.5"
      "@babel/plugin-transform-modules-umd" "^7.22.5"
      "@babel/plugin-transform-named-capturing-groups-regex" "^7.22.5"
      "@babel/plugin-transform-new-target" "^7.22.5"
      "@babel/plugin-transform-nullish-coalescing-operator" "^7.22.5"
      "@babel/plugin-transform-numeric-separator" "^7.22.5"
      "@babel/plugin-transform-object-rest-spread" "^7.22.5"
      "@babel/plugin-transform-object-super" "^7.22.5"
      "@babel/plugin-transform-optional-catch-binding" "^7.22.5"
      "@babel/plugin-transform-optional-chaining" "^7.22.5"
      "@babel/plugin-transform-parameters" "^7.22.5"
      "@babel/plugin-transform-private-methods" "^7.22.5"
      "@babel/plugin-transform-private-property-in-object" "^7.22.5"
      "@babel/plugin-transform-property-literals" "^7.22.5"
      "@babel/plugin-transform-regenerator" "^7.22.5"
      "@babel/plugin-transform-reserved-words" "^7.22.5"
      "@babel/plugin-transform-shorthand-properties" "^7.22.5"
      "@babel/plugin-transform-spread" "^7.22.5"
      "@babel/plugin-transform-sticky-regex" "^7.22.5"
      "@babel/plugin-transform-template-literals" "^7.22.5"
      "@babel/plugin-transform-typeof-symbol" "^7.22.5"
      "@babel/plugin-transform-unicode-escapes" "^7.22.5"
      "@babel/plugin-transform-unicode-property-regex" "^7.22.5"
      "@babel/plugin-transform-unicode-regex" "^7.22.5"
      "@babel/plugin-transform-unicode-sets-regex" "^7.22.5"
      "@babel/preset-modules" "^0.1.5"
      "@babel/types" "^7.22.5"
      babel-plugin-polyfill-corejs2 "^0.4.3"
      babel-plugin-polyfill-corejs3 "^0.8.1"
      babel-plugin-polyfill-regenerator "^0.5.0"
      core-js-compat "^3.30.2"
      semver "^6.3.0"
  
  "@babel/preset-modules@^0.1.5":
    version "0.1.5"
    resolved "https://registry.yarnpkg.com/@babel/preset-modules/-/preset-modules-0.1.5.tgz#ef939d6e7f268827e1841638dc6ff95515e115d9"
    integrity sha512-A57th6YRG7oR3cq/yt/Y84MvGgE0eJG2F1JLhKuyG+jFxEgrd/HAMJatiFtmOiZurz+0DkrvbheCLaV5f2JfjA==
    dependencies:
      "@babel/helper-plugin-utils" "^7.0.0"
      "@babel/plugin-proposal-unicode-property-regex" "^7.4.4"
      "@babel/plugin-transform-dotall-regex" "^7.4.4"
      "@babel/types" "^7.4.4"
      esutils "^2.0.2"
  
  "@babel/preset-react@^7.18.6":
    version "7.22.5"
    resolved "https://registry.yarnpkg.com/@babel/preset-react/-/preset-react-7.22.5.tgz#c4d6058fbf80bccad02dd8c313a9aaa67e3c3dd6"
    integrity sha512-M+Is3WikOpEJHgR385HbuCITPTaPRaNkibTEa9oiofmJvIsrceb4yp9RL9Kb+TE8LznmeyZqpP+Lopwcx59xPQ==
    dependencies:
      "@babel/helper-plugin-utils" "^7.22.5"
      "@babel/helper-validator-option" "^7.22.5"
      "@babel/plugin-transform-react-display-name" "^7.22.5"
      "@babel/plugin-transform-react-jsx" "^7.22.5"
      "@babel/plugin-transform-react-jsx-development" "^7.22.5"
      "@babel/plugin-transform-react-pure-annotations" "^7.22.5"
  
  "@babel/preset-typescript@^7.21.0":
    version "7.22.5"
    resolved "https://registry.yarnpkg.com/@babel/preset-typescript/-/preset-typescript-7.22.5.tgz#16367d8b01d640e9a507577ed4ee54e0101e51c8"
    integrity sha512-YbPaal9LxztSGhmndR46FmAbkJ/1fAsw293tSU+I5E5h+cnJ3d4GTwyUgGYmOXJYdGA+uNePle4qbaRzj2NISQ==
    dependencies:
      "@babel/helper-plugin-utils" "^7.22.5"
      "@babel/helper-validator-option" "^7.22.5"
      "@babel/plugin-syntax-jsx" "^7.22.5"
      "@babel/plugin-transform-modules-commonjs" "^7.22.5"
      "@babel/plugin-transform-typescript" "^7.22.5"
  
  "@babel/regjsgen@^0.8.0":
    version "0.8.0"
    resolved "https://registry.yarnpkg.com/@babel/regjsgen/-/regjsgen-0.8.0.tgz#f0ba69b075e1f05fb2825b7fad991e7adbb18310"
    integrity sha512-x/rqGMdzj+fWZvCOYForTghzbtqPDZ5gPwaoNGHdgDfF2QA/XZbCBp4Moo5scrkAMPhB7z26XM/AaHuIJdgauA==
  
  "@babel/runtime@^7.12.5", "@babel/runtime@^7.18.3", "@babel/runtime@^7.20.7", "@babel/runtime@^7.5.5", "@babel/runtime@^7.8.7":
    version "7.21.0"
    resolved "https://registry.yarnpkg.com/@babel/runtime/-/runtime-7.21.0.tgz#5b55c9d394e5fcf304909a8b00c07dc217b56673"
    integrity sha512-xwII0//EObnq89Ji5AKYQaRYiW/nZ3llSv29d49IuxPhKbtJoLP+9QUUZ4nVragQVtaVGeZrpB+ZtG/Pdy/POw==
    dependencies:
      regenerator-runtime "^0.13.11"
  
  "@babel/runtime@^7.17.2", "@babel/runtime@^7.8.4":
    version "7.22.5"
    resolved "https://registry.yarnpkg.com/@babel/runtime/-/runtime-7.22.5.tgz#8564dd588182ce0047d55d7a75e93921107b57ec"
    integrity sha512-ecjvYlnAaZ/KVneE/OdKYBYfgXV3Ptu6zQWmgEF7vwKhQnvVS6bjMD2XYgj+SNvQ1GfK/pjgokfPkC/2CO8CuA==
    dependencies:
      regenerator-runtime "^0.13.11"
  
  "@babel/runtime@^7.22.10", "@babel/runtime@^7.22.11":
    version "7.22.11"
    resolved "https://registry.yarnpkg.com/@babel/runtime/-/runtime-7.22.11.tgz#7a9ba3bbe406ad6f9e8dd4da2ece453eb23a77a4"
    integrity sha512-ee7jVNlWN09+KftVOu9n7S8gQzD/Z6hN/I8VBRXW4P1+Xe7kJGXMwu8vds4aGIMHZnNbdpSWCfZZtinytpcAvA==
    dependencies:
      regenerator-runtime "^0.14.0"
  
  "@babel/template@^7.22.5":
    version "7.22.5"
    resolved "https://registry.yarnpkg.com/@babel/template/-/template-7.22.5.tgz#0c8c4d944509875849bd0344ff0050756eefc6ec"
    integrity sha512-X7yV7eiwAxdj9k94NEylvbVHLiVG1nvzCV2EAowhxLTwODV1jl9UzZ48leOC0sH7OnuHrIkllaBgneUykIcZaw==
    dependencies:
      "@babel/code-frame" "^7.22.5"
      "@babel/parser" "^7.22.5"
      "@babel/types" "^7.22.5"
  
  "@babel/traverse@^7.22.5":
    version "7.22.5"
    resolved "https://registry.yarnpkg.com/@babel/traverse/-/traverse-7.22.5.tgz#44bd276690db6f4940fdb84e1cb4abd2f729ccd1"
    integrity sha512-7DuIjPgERaNo6r+PZwItpjCZEa5vyw4eJGufeLxrPdBXBoLcCJCIasvK6pK/9DVNrLZTLFhUGqaC6X/PA007TQ==
    dependencies:
      "@babel/code-frame" "^7.22.5"
      "@babel/generator" "^7.22.5"
      "@babel/helper-environment-visitor" "^7.22.5"
      "@babel/helper-function-name" "^7.22.5"
      "@babel/helper-hoist-variables" "^7.22.5"
      "@babel/helper-split-export-declaration" "^7.22.5"
      "@babel/parser" "^7.22.5"
      "@babel/types" "^7.22.5"
      debug "^4.1.0"
      globals "^11.1.0"
  
  "@babel/types@^7.21.3", "@babel/types@^7.22.5", "@babel/types@^7.4.4":
    version "7.22.5"
    resolved "https://registry.yarnpkg.com/@babel/types/-/types-7.22.5.tgz#cd93eeaab025880a3a47ec881f4b096a5b786fbe"
    integrity sha512-zo3MIHGOkPOfoRXitsgHLjEXmlDaD/5KU1Uzuc9GNiZPhSqVxVRtxuPaSBZDsYZ9qV88AjtMtWW7ww98loJ9KA==
    dependencies:
      "@babel/helper-string-parser" "^7.22.5"
      "@babel/helper-validator-identifier" "^7.22.5"
      to-fast-properties "^2.0.0"
  
  "@babel/types@^7.21.4":
    version "7.21.4"
    resolved "https://registry.yarnpkg.com/@babel/types/-/types-7.21.4.tgz#2d5d6bb7908699b3b416409ffd3b5daa25b030d4"
    integrity sha512-rU2oY501qDxE8Pyo7i/Orqma4ziCOrby0/9mvbDUGEfvZjb279Nk9k19e2fiCxHbRRpY2ZyrgW1eq22mvmOIzA==
    dependencies:
      "@babel/helper-string-parser" "^7.19.4"
      "@babel/helper-validator-identifier" "^7.19.1"
      to-fast-properties "^2.0.0"
  
  "@coinbase/wallet-sdk@^3.6.6":
    version "3.7.1"
    resolved "https://registry.npmmirror.com/@coinbase/wallet-sdk/-/wallet-sdk-3.7.1.tgz#44b3b7a925ff5cc974e4cbf7a44199ffdcf03541"
    integrity sha512-LjyoDCB+7p0waQXfK+fUgcAs3Ezk6S6e+LYaoFjpJ6c9VTop3NyZF40Pi7df4z7QJohCwzuIDjz0Rhtig6Y7Pg==
    dependencies:
      "@metamask/safe-event-emitter" "2.0.0"
      "@solana/web3.js" "^1.70.1"
      bind-decorator "^1.0.11"
      bn.js "^5.1.1"
      buffer "^6.0.3"
      clsx "^1.1.0"
      eth-block-tracker "6.1.0"
      eth-json-rpc-filters "5.1.0"
      eth-rpc-errors "4.0.2"
      json-rpc-engine "6.1.0"
      keccak "^3.0.1"
      preact "^10.5.9"
      qs "^6.10.3"
      rxjs "^6.6.3"
      sha.js "^2.4.11"
      stream-browserify "^3.0.0"
      util "^0.12.4"
  
  "@cspotcode/source-map-support@^0.8.0":
    version "0.8.1"
    resolved "https://registry.yarnpkg.com/@cspotcode/source-map-support/-/source-map-support-0.8.1.tgz#00629c35a688e05a88b1cda684fb9d5e73f000a1"
    integrity sha512-IchNf6dN4tHoMFIn/7OE8LWZ19Y6q/67Bmf6vnGREv8RSbBVb9LPJxEcnwrcwX6ixSvaiGoomAUvu4YSxXrVgw==
    dependencies:
      "@jridgewell/trace-mapping" "0.3.9"
  
  "@emotion/babel-plugin@^11.11.0":
    version "11.11.0"
    resolved "https://registry.yarnpkg.com/@emotion/babel-plugin/-/babel-plugin-11.11.0.tgz#c2d872b6a7767a9d176d007f5b31f7d504bb5d6c"
    integrity sha512-m4HEDZleaaCH+XgDDsPF15Ht6wTLsgDTeR3WYj9Q/k76JtWhrJjcP4+/XlG8LGT/Rol9qUfOIztXeA84ATpqPQ==
    dependencies:
      "@babel/helper-module-imports" "^7.16.7"
      "@babel/runtime" "^7.18.3"
      "@emotion/hash" "^0.9.1"
      "@emotion/memoize" "^0.8.1"
      "@emotion/serialize" "^1.1.2"
      babel-plugin-macros "^3.1.0"
      convert-source-map "^1.5.0"
      escape-string-regexp "^4.0.0"
      find-root "^1.1.0"
      source-map "^0.5.7"
      stylis "4.2.0"
  
  "@emotion/cache@^11.11.0":
    version "11.11.0"
    resolved "https://registry.yarnpkg.com/@emotion/cache/-/cache-11.11.0.tgz#809b33ee6b1cb1a625fef7a45bc568ccd9b8f3ff"
    integrity sha512-P34z9ssTCBi3e9EI1ZsWpNHcfY1r09ZO0rZbRO2ob3ZQMnFI35jB536qoXbkdesr5EUhYi22anuEJuyxifaqAQ==
    dependencies:
      "@emotion/memoize" "^0.8.1"
      "@emotion/sheet" "^1.2.2"
      "@emotion/utils" "^1.2.1"
      "@emotion/weak-memoize" "^0.3.1"
      stylis "4.2.0"
  
  "@emotion/hash@^0.8.0":
    version "0.8.0"
    resolved "https://registry.npmmirror.com/@emotion/hash/-/hash-0.8.0.tgz#bbbff68978fefdbe68ccb533bc8cbe1d1afb5413"
    integrity sha512-kBJtf7PH6aWwZ6fka3zQ0p6SBYzx4fl1LoZXE2RrnYST9Xljm7WfKJrU4g/Xr3Beg72MLrp1AWNUmuYJTL7Cow==
  
  "@emotion/hash@^0.9.1":
    version "0.9.1"
    resolved "https://registry.yarnpkg.com/@emotion/hash/-/hash-0.9.1.tgz#4ffb0055f7ef676ebc3a5a91fb621393294e2f43"
    integrity sha512-gJB6HLm5rYwSLI6PQa+X1t5CFGrv1J1TWG+sOyMCeKz2ojaj6Fnl/rZEspogG+cvqbt4AE/2eIyD2QfLKTBNlQ==
  
  "@emotion/is-prop-valid@^0.8.2":
    version "0.8.8"
    resolved "https://registry.yarnpkg.com/@emotion/is-prop-valid/-/is-prop-valid-0.8.8.tgz#db28b1c4368a259b60a97311d6a952d4fd01ac1a"
    integrity sha512-u5WtneEAr5IDG2Wv65yhunPSMLIpuKsbuOktRojfrEiEvRyC85LgPMZI63cr7NUqT8ZIGdSVg8ZKGxIug4lXcA==
    dependencies:
      "@emotion/memoize" "0.7.4"
  
  "@emotion/is-prop-valid@^1.2.1":
    version "1.2.1"
    resolved "https://registry.yarnpkg.com/@emotion/is-prop-valid/-/is-prop-valid-1.2.1.tgz#23116cf1ed18bfeac910ec6436561ecb1a3885cc"
    integrity sha512-61Mf7Ufx4aDxx1xlDeOm8aFFigGHE4z+0sKCa+IHCeZKiyP9RLD0Mmx7m8b9/Cf37f7NAvQOOJAbQQGVr5uERw==
    dependencies:
      "@emotion/memoize" "^0.8.1"
  
  "@emotion/memoize@0.7.4":
    version "0.7.4"
    resolved "https://registry.yarnpkg.com/@emotion/memoize/-/memoize-0.7.4.tgz#19bf0f5af19149111c40d98bb0cf82119f5d9eeb"
    integrity sha512-Ja/Vfqe3HpuzRsG1oBtWTHk2PGZ7GR+2Vz5iYGelAw8dx32K0y7PjVuxK6z1nMpZOqAFsRUPCkK1YjJ56qJlgw==
  
  "@emotion/memoize@^0.8.1":
    version "0.8.1"
    resolved "https://registry.yarnpkg.com/@emotion/memoize/-/memoize-0.8.1.tgz#c1ddb040429c6d21d38cc945fe75c818cfb68e17"
    integrity sha512-W2P2c/VRW1/1tLox0mVUalvnWXxavmv/Oum2aPsRcoDJuob75FC3Y8FbpfLwUegRcxINtGUMPq0tFCvYNTBXNA==
  
  "@emotion/react@^11.11.1":
    version "11.11.1"
    resolved "https://registry.yarnpkg.com/@emotion/react/-/react-11.11.1.tgz#b2c36afac95b184f73b08da8c214fdf861fa4157"
    integrity sha512-5mlW1DquU5HaxjLkfkGN1GA/fvVGdyHURRiX/0FHl2cfIfRxSOfmxEH5YS43edp0OldZrZ+dkBKbngxcNCdZvA==
    dependencies:
      "@babel/runtime" "^7.18.3"
      "@emotion/babel-plugin" "^11.11.0"
      "@emotion/cache" "^11.11.0"
      "@emotion/serialize" "^1.1.2"
      "@emotion/use-insertion-effect-with-fallbacks" "^1.0.1"
      "@emotion/utils" "^1.2.1"
      "@emotion/weak-memoize" "^0.3.1"
      hoist-non-react-statics "^3.3.1"
  
  "@emotion/serialize@^1.1.2":
    version "1.1.2"
    resolved "https://registry.yarnpkg.com/@emotion/serialize/-/serialize-1.1.2.tgz#017a6e4c9b8a803bd576ff3d52a0ea6fa5a62b51"
    integrity sha512-zR6a/fkFP4EAcCMQtLOhIgpprZOwNmCldtpaISpvz348+DP4Mz8ZoKaGGCQpbzepNIUWbq4w6hNZkwDyKoS+HA==
    dependencies:
      "@emotion/hash" "^0.9.1"
      "@emotion/memoize" "^0.8.1"
      "@emotion/unitless" "^0.8.1"
      "@emotion/utils" "^1.2.1"
      csstype "^3.0.2"
  
  "@emotion/sheet@^1.2.2":
    version "1.2.2"
    resolved "https://registry.yarnpkg.com/@emotion/sheet/-/sheet-1.2.2.tgz#d58e788ee27267a14342303e1abb3d508b6d0fec"
    integrity sha512-0QBtGvaqtWi+nx6doRwDdBIzhNdZrXUppvTM4dtZZWEGTXL/XE/yJxLMGlDT1Gt+UHH5IX1n+jkXyytE/av7OA==
  
  "@emotion/styled@^11.11.0":
    version "11.11.0"
    resolved "https://registry.yarnpkg.com/@emotion/styled/-/styled-11.11.0.tgz#26b75e1b5a1b7a629d7c0a8b708fbf5a9cdce346"
    integrity sha512-hM5Nnvu9P3midq5aaXj4I+lnSfNi7Pmd4EWk1fOZ3pxookaQTNew6bp4JaCBYM4HVFZF9g7UjJmsUmC2JlxOng==
    dependencies:
      "@babel/runtime" "^7.18.3"
      "@emotion/babel-plugin" "^11.11.0"
      "@emotion/is-prop-valid" "^1.2.1"
      "@emotion/serialize" "^1.1.2"
      "@emotion/use-insertion-effect-with-fallbacks" "^1.0.1"
      "@emotion/utils" "^1.2.1"
  
  "@emotion/unitless@^0.8.1":
    version "0.8.1"
    resolved "https://registry.yarnpkg.com/@emotion/unitless/-/unitless-0.8.1.tgz#182b5a4704ef8ad91bde93f7a860a88fd92c79a3"
    integrity sha512-KOEGMu6dmJZtpadb476IsZBclKvILjopjUii3V+7MnXIQCYh8W3NgNcgwo21n9LXZX6EDIKvqfjYxXebDwxKmQ==
  
  "@emotion/use-insertion-effect-with-fallbacks@^1.0.1":
    version "1.0.1"
    resolved "https://registry.yarnpkg.com/@emotion/use-insertion-effect-with-fallbacks/-/use-insertion-effect-with-fallbacks-1.0.1.tgz#08de79f54eb3406f9daaf77c76e35313da963963"
    integrity sha512-jT/qyKZ9rzLErtrjGgdkMBn2OP8wl0G3sQlBb3YPryvKHsjvINUhVaPFfP+fpBcOkmrVOVEEHQFJ7nbj2TH2gw==
  
  "@emotion/utils@^1.2.1":
    version "1.2.1"
    resolved "https://registry.yarnpkg.com/@emotion/utils/-/utils-1.2.1.tgz#bbab58465738d31ae4cb3dbb6fc00a5991f755e4"
    integrity sha512-Y2tGf3I+XVnajdItskUCn6LX+VUDmP6lTL4fcqsXAv43dnlbZiuW4MWQW38rW/BVWSE7Q/7+XQocmpnRYILUmg==
  
  "@emotion/weak-memoize@^0.3.1":
    version "0.3.1"
    resolved "https://registry.yarnpkg.com/@emotion/weak-memoize/-/weak-memoize-0.3.1.tgz#d0fce5d07b0620caa282b5131c297bb60f9d87e6"
    integrity sha512-EsBwpc7hBUJWAsNPBmJy4hxWx12v6bshQsldrVmjxJoc3isbxhOrF2IcCpaXxfvq03NwkI7sbsOLXbYuqF/8Ww==
  
  "@eslint-community/eslint-utils@^4.2.0":
    version "4.4.0"
    resolved "https://registry.yarnpkg.com/@eslint-community/eslint-utils/-/eslint-utils-4.4.0.tgz#a23514e8fb9af1269d5f7788aa556798d61c6b59"
    integrity sha512-1/sA4dwrzBAyeUoQ6oxahHKmrZvsnLCg4RfxW3ZFGGmQkSNQPFNLV9CUEFQP1x9EYXHTo5p6xdhZM1Ne9p/AfA==
    dependencies:
      eslint-visitor-keys "^3.3.0"
  
  "@eslint-community/regexpp@^4.6.1":
    version "4.6.2"
    resolved "https://registry.yarnpkg.com/@eslint-community/regexpp/-/regexpp-4.6.2.tgz#1816b5f6948029c5eaacb0703b850ee0cb37d8f8"
    integrity sha512-pPTNuaAG3QMH+buKyBIGJs3g/S5y0caxw0ygM3YyE6yJFySwiGGSzA+mM3KJ8QQvzeLh3blwgSonkFjgQdxzMw==
  
  "@eslint/eslintrc@^2.1.2":
    version "2.1.2"
    resolved "https://registry.yarnpkg.com/@eslint/eslintrc/-/eslintrc-2.1.2.tgz#c6936b4b328c64496692f76944e755738be62396"
    integrity sha512-+wvgpDsrB1YqAMdEUCcnTlpfVBH7Vqn6A/NT3D8WVXFIaKMlErPIZT3oCIAVCOtarRpMtelZLqJeU3t7WY6X6g==
    dependencies:
      ajv "^6.12.4"
      debug "^4.3.2"
      espree "^9.6.0"
      globals "^13.19.0"
      ignore "^5.2.0"
      import-fresh "^3.2.1"
      js-yaml "^4.1.0"
      minimatch "^3.1.2"
      strip-json-comments "^3.1.1"
  
  "@eslint/js@8.48.0":
    version "8.48.0"
    resolved "https://registry.yarnpkg.com/@eslint/js/-/js-8.48.0.tgz#642633964e217905436033a2bd08bf322849b7fb"
    integrity sha512-ZSjtmelB7IJfWD2Fvb7+Z+ChTIKWq6kjda95fLcQKNS5aheVHn4IkfgRQE3sIIzTcSLwLcLZUD9UBt+V7+h+Pw==
  
  "@ethersproject/abi@5.7.0", "@ethersproject/abi@^5.7.0":
    version "5.7.0"
    resolved "https://registry.yarnpkg.com/@ethersproject/abi/-/abi-5.7.0.tgz#b3f3e045bbbeed1af3947335c247ad625a44e449"
    integrity sha512-351ktp42TiRcYB3H1OP8yajPeAQstMW/yCFokj/AthP9bLHzQFPlOrxOcwYEDkUAICmOHljvN4K39OMTMUa9RA==
    dependencies:
      "@ethersproject/address" "^5.7.0"
      "@ethersproject/bignumber" "^5.7.0"
      "@ethersproject/bytes" "^5.7.0"
      "@ethersproject/constants" "^5.7.0"
      "@ethersproject/hash" "^5.7.0"
      "@ethersproject/keccak256" "^5.7.0"
      "@ethersproject/logger" "^5.7.0"
      "@ethersproject/properties" "^5.7.0"
      "@ethersproject/strings" "^5.7.0"
  
  "@ethersproject/abstract-provider@5.7.0", "@ethersproject/abstract-provider@^5.7.0":
    version "5.7.0"
    resolved "https://registry.yarnpkg.com/@ethersproject/abstract-provider/-/abstract-provider-5.7.0.tgz#b0a8550f88b6bf9d51f90e4795d48294630cb9ef"
    integrity sha512-R41c9UkchKCpAqStMYUpdunjo3pkEvZC3FAwZn5S5MGbXoMQOHIdHItezTETxAO5bevtMApSyEhn9+CHcDsWBw==
    dependencies:
      "@ethersproject/bignumber" "^5.7.0"
      "@ethersproject/bytes" "^5.7.0"
      "@ethersproject/logger" "^5.7.0"
      "@ethersproject/networks" "^5.7.0"
      "@ethersproject/properties" "^5.7.0"
      "@ethersproject/transactions" "^5.7.0"
      "@ethersproject/web" "^5.7.0"
  
  "@ethersproject/abstract-signer@5.7.0", "@ethersproject/abstract-signer@^5.7.0":
    version "5.7.0"
    resolved "https://registry.yarnpkg.com/@ethersproject/abstract-signer/-/abstract-signer-5.7.0.tgz#13f4f32117868452191a4649723cb086d2b596b2"
    integrity sha512-a16V8bq1/Cz+TGCkE2OPMTOUDLS3grCpdjoJCYNnVBbdYEMSgKrU0+B90s8b6H+ByYTBZN7a3g76jdIJi7UfKQ==
    dependencies:
      "@ethersproject/abstract-provider" "^5.7.0"
      "@ethersproject/bignumber" "^5.7.0"
      "@ethersproject/bytes" "^5.7.0"
      "@ethersproject/logger" "^5.7.0"
      "@ethersproject/properties" "^5.7.0"
  
  "@ethersproject/address@5.7.0", "@ethersproject/address@^5.7.0":
    version "5.7.0"
    resolved "https://registry.yarnpkg.com/@ethersproject/address/-/address-5.7.0.tgz#19b56c4d74a3b0a46bfdbb6cfcc0a153fc697f37"
    integrity sha512-9wYhYt7aghVGo758POM5nqcOMaE168Q6aRLJZwUmiqSrAungkG74gSSeKEIR7ukixesdRZGPgVqme6vmxs1fkA==
    dependencies:
      "@ethersproject/bignumber" "^5.7.0"
      "@ethersproject/bytes" "^5.7.0"
      "@ethersproject/keccak256" "^5.7.0"
      "@ethersproject/logger" "^5.7.0"
      "@ethersproject/rlp" "^5.7.0"
  
  "@ethersproject/base64@5.7.0", "@ethersproject/base64@^5.7.0":
    version "5.7.0"
    resolved "https://registry.yarnpkg.com/@ethersproject/base64/-/base64-5.7.0.tgz#ac4ee92aa36c1628173e221d0d01f53692059e1c"
    integrity sha512-Dr8tcHt2mEbsZr/mwTPIQAf3Ai0Bks/7gTw9dSqk1mQvhW3XvRlmDJr/4n+wg1JmCl16NZue17CDh8xb/vZ0sQ==
    dependencies:
      "@ethersproject/bytes" "^5.7.0"
  
  "@ethersproject/basex@5.7.0", "@ethersproject/basex@^5.7.0":
    version "5.7.0"
    resolved "https://registry.yarnpkg.com/@ethersproject/basex/-/basex-5.7.0.tgz#97034dc7e8938a8ca943ab20f8a5e492ece4020b"
    integrity sha512-ywlh43GwZLv2Voc2gQVTKBoVQ1mti3d8HK5aMxsfu/nRDnMmNqaSJ3r3n85HBByT8OpoY96SXM1FogC533T4zw==
    dependencies:
      "@ethersproject/bytes" "^5.7.0"
      "@ethersproject/properties" "^5.7.0"
  
  "@ethersproject/bignumber@5.7.0", "@ethersproject/bignumber@^5.7.0":
    version "5.7.0"
    resolved "https://registry.yarnpkg.com/@ethersproject/bignumber/-/bignumber-5.7.0.tgz#e2f03837f268ba655ffba03a57853e18a18dc9c2"
    integrity sha512-n1CAdIHRWjSucQO3MC1zPSVgV/6dy/fjL9pMrPP9peL+QxEg9wOsVqwD4+818B6LUEtaXzVHQiuivzRoxPxUGw==
    dependencies:
      "@ethersproject/bytes" "^5.7.0"
      "@ethersproject/logger" "^5.7.0"
      bn.js "^5.2.1"
  
  "@ethersproject/bytes@5.7.0", "@ethersproject/bytes@^5.7.0":
    version "5.7.0"
    resolved "https://registry.yarnpkg.com/@ethersproject/bytes/-/bytes-5.7.0.tgz#a00f6ea8d7e7534d6d87f47188af1148d71f155d"
    integrity sha512-nsbxwgFXWh9NyYWo+U8atvmMsSdKJprTcICAkvbBffT75qDocbuggBU0SJiVK2MuTrp0q+xvLkTnGMPK1+uA9A==
    dependencies:
      "@ethersproject/logger" "^5.7.0"
  
  "@ethersproject/constants@5.7.0", "@ethersproject/constants@^5.7.0":
    version "5.7.0"
    resolved "https://registry.yarnpkg.com/@ethersproject/constants/-/constants-5.7.0.tgz#df80a9705a7e08984161f09014ea012d1c75295e"
    integrity sha512-DHI+y5dBNvkpYUMiRQyxRBYBefZkJfo70VUkUAsRjcPs47muV9evftfZ0PJVCXYbAiCgght0DtcF9srFQmIgWA==
    dependencies:
      "@ethersproject/bignumber" "^5.7.0"
  
  "@ethersproject/contracts@5.7.0":
    version "5.7.0"
    resolved "https://registry.yarnpkg.com/@ethersproject/contracts/-/contracts-5.7.0.tgz#c305e775abd07e48aa590e1a877ed5c316f8bd1e"
    integrity sha512-5GJbzEU3X+d33CdfPhcyS+z8MzsTrBGk/sc+G+59+tPa9yFkl6HQ9D6L0QMgNTA9q8dT0XKxxkyp883XsQvbbg==
    dependencies:
      "@ethersproject/abi" "^5.7.0"
      "@ethersproject/abstract-provider" "^5.7.0"
      "@ethersproject/abstract-signer" "^5.7.0"
      "@ethersproject/address" "^5.7.0"
      "@ethersproject/bignumber" "^5.7.0"
      "@ethersproject/bytes" "^5.7.0"
      "@ethersproject/constants" "^5.7.0"
      "@ethersproject/logger" "^5.7.0"
      "@ethersproject/properties" "^5.7.0"
      "@ethersproject/transactions" "^5.7.0"
  
  "@ethersproject/hash@5.7.0", "@ethersproject/hash@^5.7.0":
    version "5.7.0"
    resolved "https://registry.yarnpkg.com/@ethersproject/hash/-/hash-5.7.0.tgz#eb7aca84a588508369562e16e514b539ba5240a7"
    integrity sha512-qX5WrQfnah1EFnO5zJv1v46a8HW0+E5xuBBDTwMFZLuVTx0tbU2kkx15NqdjxecrLGatQN9FGQKpb1FKdHCt+g==
    dependencies:
      "@ethersproject/abstract-signer" "^5.7.0"
      "@ethersproject/address" "^5.7.0"
      "@ethersproject/base64" "^5.7.0"
      "@ethersproject/bignumber" "^5.7.0"
      "@ethersproject/bytes" "^5.7.0"
      "@ethersproject/keccak256" "^5.7.0"
      "@ethersproject/logger" "^5.7.0"
      "@ethersproject/properties" "^5.7.0"
      "@ethersproject/strings" "^5.7.0"
  
  "@ethersproject/hdnode@5.7.0", "@ethersproject/hdnode@^5.7.0":
    version "5.7.0"
    resolved "https://registry.yarnpkg.com/@ethersproject/hdnode/-/hdnode-5.7.0.tgz#e627ddc6b466bc77aebf1a6b9e47405ca5aef9cf"
    integrity sha512-OmyYo9EENBPPf4ERhR7oj6uAtUAhYGqOnIS+jE5pTXvdKBS99ikzq1E7Iv0ZQZ5V36Lqx1qZLeak0Ra16qpeOg==
    dependencies:
      "@ethersproject/abstract-signer" "^5.7.0"
      "@ethersproject/basex" "^5.7.0"
      "@ethersproject/bignumber" "^5.7.0"
      "@ethersproject/bytes" "^5.7.0"
      "@ethersproject/logger" "^5.7.0"
      "@ethersproject/pbkdf2" "^5.7.0"
      "@ethersproject/properties" "^5.7.0"
      "@ethersproject/sha2" "^5.7.0"
      "@ethersproject/signing-key" "^5.7.0"
      "@ethersproject/strings" "^5.7.0"
      "@ethersproject/transactions" "^5.7.0"
      "@ethersproject/wordlists" "^5.7.0"
  
  "@ethersproject/json-wallets@5.7.0", "@ethersproject/json-wallets@^5.7.0":
    version "5.7.0"
    resolved "https://registry.yarnpkg.com/@ethersproject/json-wallets/-/json-wallets-5.7.0.tgz#5e3355287b548c32b368d91014919ebebddd5360"
    integrity sha512-8oee5Xgu6+RKgJTkvEMl2wDgSPSAQ9MB/3JYjFV9jlKvcYHUXZC+cQp0njgmxdHkYWn8s6/IqIZYm0YWCjO/0g==
    dependencies:
      "@ethersproject/abstract-signer" "^5.7.0"
      "@ethersproject/address" "^5.7.0"
      "@ethersproject/bytes" "^5.7.0"
      "@ethersproject/hdnode" "^5.7.0"
      "@ethersproject/keccak256" "^5.7.0"
      "@ethersproject/logger" "^5.7.0"
      "@ethersproject/pbkdf2" "^5.7.0"
      "@ethersproject/properties" "^5.7.0"
      "@ethersproject/random" "^5.7.0"
      "@ethersproject/strings" "^5.7.0"
      "@ethersproject/transactions" "^5.7.0"
      aes-js "3.0.0"
      scrypt-js "3.0.1"
  
  "@ethersproject/keccak256@5.7.0", "@ethersproject/keccak256@^5.7.0":
    version "5.7.0"
    resolved "https://registry.yarnpkg.com/@ethersproject/keccak256/-/keccak256-5.7.0.tgz#3186350c6e1cd6aba7940384ec7d6d9db01f335a"
    integrity sha512-2UcPboeL/iW+pSg6vZ6ydF8tCnv3Iu/8tUmLLzWWGzxWKFFqOBQFLo6uLUv6BDrLgCDfN28RJ/wtByx+jZ4KBg==
    dependencies:
      "@ethersproject/bytes" "^5.7.0"
      js-sha3 "0.8.0"
  
  "@ethersproject/logger@5.7.0", "@ethersproject/logger@^5.7.0":
    version "5.7.0"
    resolved "https://registry.yarnpkg.com/@ethersproject/logger/-/logger-5.7.0.tgz#6ce9ae168e74fecf287be17062b590852c311892"
    integrity sha512-0odtFdXu/XHtjQXJYA3u9G0G8btm0ND5Cu8M7i5vhEcE8/HmF4Lbdqanwyv4uQTr2tx6b7fQRmgLrsnpQlmnig==
  
  "@ethersproject/networks@5.7.1", "@ethersproject/networks@^5.7.0":
    version "5.7.1"
    resolved "https://registry.yarnpkg.com/@ethersproject/networks/-/networks-5.7.1.tgz#118e1a981d757d45ccea6bb58d9fd3d9db14ead6"
    integrity sha512-n/MufjFYv3yFcUyfhnXotyDlNdFb7onmkSy8aQERi2PjNcnWQ66xXxa3XlS8nCcA8aJKJjIIMNJTC7tu80GwpQ==
    dependencies:
      "@ethersproject/logger" "^5.7.0"
  
  "@ethersproject/pbkdf2@5.7.0", "@ethersproject/pbkdf2@^5.7.0":
    version "5.7.0"
    resolved "https://registry.yarnpkg.com/@ethersproject/pbkdf2/-/pbkdf2-5.7.0.tgz#d2267d0a1f6e123f3771007338c47cccd83d3102"
    integrity sha512-oR/dBRZR6GTyaofd86DehG72hY6NpAjhabkhxgr3X2FpJtJuodEl2auADWBZfhDHgVCbu3/H/Ocq2uC6dpNjjw==
    dependencies:
      "@ethersproject/bytes" "^5.7.0"
      "@ethersproject/sha2" "^5.7.0"
  
  "@ethersproject/properties@5.7.0", "@ethersproject/properties@^5.7.0":
    version "5.7.0"
    resolved "https://registry.yarnpkg.com/@ethersproject/properties/-/properties-5.7.0.tgz#a6e12cb0439b878aaf470f1902a176033067ed30"
    integrity sha512-J87jy8suntrAkIZtecpxEPxY//szqr1mlBaYlQ0r4RCaiD2hjheqF9s1LVE8vVuJCXisjIP+JgtK/Do54ej4Sw==
    dependencies:
      "@ethersproject/logger" "^5.7.0"
  
  "@ethersproject/providers@5.7.2":
    version "5.7.2"
    resolved "https://registry.yarnpkg.com/@ethersproject/providers/-/providers-5.7.2.tgz#f8b1a4f275d7ce58cf0a2eec222269a08beb18cb"
    integrity sha512-g34EWZ1WWAVgr4aptGlVBF8mhl3VWjv+8hoAnzStu8Ah22VHBsuGzP17eb6xDVRzw895G4W7vvx60lFFur/1Rg==
    dependencies:
      "@ethersproject/abstract-provider" "^5.7.0"
      "@ethersproject/abstract-signer" "^5.7.0"
      "@ethersproject/address" "^5.7.0"
      "@ethersproject/base64" "^5.7.0"
      "@ethersproject/basex" "^5.7.0"
      "@ethersproject/bignumber" "^5.7.0"
      "@ethersproject/bytes" "^5.7.0"
      "@ethersproject/constants" "^5.7.0"
      "@ethersproject/hash" "^5.7.0"
      "@ethersproject/logger" "^5.7.0"
      "@ethersproject/networks" "^5.7.0"
      "@ethersproject/properties" "^5.7.0"
      "@ethersproject/random" "^5.7.0"
      "@ethersproject/rlp" "^5.7.0"
      "@ethersproject/sha2" "^5.7.0"
      "@ethersproject/strings" "^5.7.0"
      "@ethersproject/transactions" "^5.7.0"
      "@ethersproject/web" "^5.7.0"
      bech32 "1.1.4"
      ws "7.4.6"
  
  "@ethersproject/random@5.7.0", "@ethersproject/random@^5.7.0":
    version "5.7.0"
    resolved "https://registry.yarnpkg.com/@ethersproject/random/-/random-5.7.0.tgz#af19dcbc2484aae078bb03656ec05df66253280c"
    integrity sha512-19WjScqRA8IIeWclFme75VMXSBvi4e6InrUNuaR4s5pTF2qNhcGdCUwdxUVGtDDqC00sDLCO93jPQoDUH4HVmQ==
    dependencies:
      "@ethersproject/bytes" "^5.7.0"
      "@ethersproject/logger" "^5.7.0"
  
  "@ethersproject/rlp@5.7.0", "@ethersproject/rlp@^5.7.0":
    version "5.7.0"
    resolved "https://registry.yarnpkg.com/@ethersproject/rlp/-/rlp-5.7.0.tgz#de39e4d5918b9d74d46de93af80b7685a9c21304"
    integrity sha512-rBxzX2vK8mVF7b0Tol44t5Tb8gomOHkj5guL+HhzQ1yBh/ydjGnpw6at+X6Iw0Kp3OzzzkcKp8N9r0W4kYSs9w==
    dependencies:
      "@ethersproject/bytes" "^5.7.0"
      "@ethersproject/logger" "^5.7.0"
  
  "@ethersproject/sha2@5.7.0", "@ethersproject/sha2@^5.7.0":
    version "5.7.0"
    resolved "https://registry.yarnpkg.com/@ethersproject/sha2/-/sha2-5.7.0.tgz#9a5f7a7824ef784f7f7680984e593a800480c9fb"
    integrity sha512-gKlH42riwb3KYp0reLsFTokByAKoJdgFCwI+CCiX/k+Jm2mbNs6oOaCjYQSlI1+XBVejwH2KrmCbMAT/GnRDQw==
    dependencies:
      "@ethersproject/bytes" "^5.7.0"
      "@ethersproject/logger" "^5.7.0"
      hash.js "1.1.7"
  
  "@ethersproject/signing-key@5.7.0", "@ethersproject/signing-key@^5.7.0":
    version "5.7.0"
    resolved "https://registry.yarnpkg.com/@ethersproject/signing-key/-/signing-key-5.7.0.tgz#06b2df39411b00bc57c7c09b01d1e41cf1b16ab3"
    integrity sha512-MZdy2nL3wO0u7gkB4nA/pEf8lu1TlFswPNmy8AiYkfKTdO6eXBJyUdmHO/ehm/htHw9K/qF8ujnTyUAD+Ry54Q==
    dependencies:
      "@ethersproject/bytes" "^5.7.0"
      "@ethersproject/logger" "^5.7.0"
      "@ethersproject/properties" "^5.7.0"
      bn.js "^5.2.1"
      elliptic "6.5.4"
      hash.js "1.1.7"
  
  "@ethersproject/solidity@5.7.0":
    version "5.7.0"
    resolved "https://registry.yarnpkg.com/@ethersproject/solidity/-/solidity-5.7.0.tgz#5e9c911d8a2acce2a5ebb48a5e2e0af20b631cb8"
    integrity sha512-HmabMd2Dt/raavyaGukF4XxizWKhKQ24DoLtdNbBmNKUOPqwjsKQSdV9GQtj9CBEea9DlzETlVER1gYeXXBGaA==
    dependencies:
      "@ethersproject/bignumber" "^5.7.0"
      "@ethersproject/bytes" "^5.7.0"
      "@ethersproject/keccak256" "^5.7.0"
      "@ethersproject/logger" "^5.7.0"
      "@ethersproject/sha2" "^5.7.0"
      "@ethersproject/strings" "^5.7.0"
  
  "@ethersproject/strings@5.7.0", "@ethersproject/strings@^5.7.0":
    version "5.7.0"
    resolved "https://registry.yarnpkg.com/@ethersproject/strings/-/strings-5.7.0.tgz#54c9d2a7c57ae8f1205c88a9d3a56471e14d5ed2"
    integrity sha512-/9nu+lj0YswRNSH0NXYqrh8775XNyEdUQAuf3f+SmOrnVewcJ5SBNAjF7lpgehKi4abvNNXyf+HX86czCdJ8Mg==
    dependencies:
      "@ethersproject/bytes" "^5.7.0"
      "@ethersproject/constants" "^5.7.0"
      "@ethersproject/logger" "^5.7.0"
  
  "@ethersproject/transactions@5.7.0", "@ethersproject/transactions@^5.7.0":
    version "5.7.0"
    resolved "https://registry.yarnpkg.com/@ethersproject/transactions/-/transactions-5.7.0.tgz#91318fc24063e057885a6af13fdb703e1f993d3b"
    integrity sha512-kmcNicCp1lp8qanMTC3RIikGgoJ80ztTyvtsFvCYpSCfkjhD0jZ2LOrnbcuxuToLIUYYf+4XwD1rP+B/erDIhQ==
    dependencies:
      "@ethersproject/address" "^5.7.0"
      "@ethersproject/bignumber" "^5.7.0"
      "@ethersproject/bytes" "^5.7.0"
      "@ethersproject/constants" "^5.7.0"
      "@ethersproject/keccak256" "^5.7.0"
      "@ethersproject/logger" "^5.7.0"
      "@ethersproject/properties" "^5.7.0"
      "@ethersproject/rlp" "^5.7.0"
      "@ethersproject/signing-key" "^5.7.0"
  
  "@ethersproject/units@5.7.0":
    version "5.7.0"
    resolved "https://registry.yarnpkg.com/@ethersproject/units/-/units-5.7.0.tgz#637b563d7e14f42deeee39245275d477aae1d8b1"
    integrity sha512-pD3xLMy3SJu9kG5xDGI7+xhTEmGXlEqXU4OfNapmfnxLVY4EMSSRp7j1k7eezutBPH7RBN/7QPnwR7hzNlEFeg==
    dependencies:
      "@ethersproject/bignumber" "^5.7.0"
      "@ethersproject/constants" "^5.7.0"
      "@ethersproject/logger" "^5.7.0"
  
  "@ethersproject/wallet@5.7.0":
    version "5.7.0"
    resolved "https://registry.yarnpkg.com/@ethersproject/wallet/-/wallet-5.7.0.tgz#4e5d0790d96fe21d61d38fb40324e6c7ef350b2d"
    integrity sha512-MhmXlJXEJFBFVKrDLB4ZdDzxcBxQ3rLyCkhNqVu3CDYvR97E+8r01UgrI+TI99Le+aYm/in/0vp86guJuM7FCA==
    dependencies:
      "@ethersproject/abstract-provider" "^5.7.0"
      "@ethersproject/abstract-signer" "^5.7.0"
      "@ethersproject/address" "^5.7.0"
      "@ethersproject/bignumber" "^5.7.0"
      "@ethersproject/bytes" "^5.7.0"
      "@ethersproject/hash" "^5.7.0"
      "@ethersproject/hdnode" "^5.7.0"
      "@ethersproject/json-wallets" "^5.7.0"
      "@ethersproject/keccak256" "^5.7.0"
      "@ethersproject/logger" "^5.7.0"
      "@ethersproject/properties" "^5.7.0"
      "@ethersproject/random" "^5.7.0"
      "@ethersproject/signing-key" "^5.7.0"
      "@ethersproject/transactions" "^5.7.0"
      "@ethersproject/wordlists" "^5.7.0"
  
  "@ethersproject/web@5.7.1", "@ethersproject/web@^5.7.0":
    version "5.7.1"
    resolved "https://registry.yarnpkg.com/@ethersproject/web/-/web-5.7.1.tgz#de1f285b373149bee5928f4eb7bcb87ee5fbb4ae"
    integrity sha512-Gueu8lSvyjBWL4cYsWsjh6MtMwM0+H4HvqFPZfB6dV8ctbP9zFAO73VG1cMWae0FLPCtz0peKPpZY8/ugJJX2w==
    dependencies:
      "@ethersproject/base64" "^5.7.0"
      "@ethersproject/bytes" "^5.7.0"
      "@ethersproject/logger" "^5.7.0"
      "@ethersproject/properties" "^5.7.0"
      "@ethersproject/strings" "^5.7.0"
  
  "@ethersproject/wordlists@5.7.0", "@ethersproject/wordlists@^5.7.0":
    version "5.7.0"
    resolved "https://registry.yarnpkg.com/@ethersproject/wordlists/-/wordlists-5.7.0.tgz#8fb2c07185d68c3e09eb3bfd6e779ba2774627f5"
    integrity sha512-S2TFNJNfHWVHNE6cNDjbVlZ6MgE17MIxMbMg2zv3wn+3XSJGosL1m9ZVv3GXCf/2ymSsQ+hRI5IzoMJTG6aoVA==
    dependencies:
      "@ethersproject/bytes" "^5.7.0"
      "@ethersproject/hash" "^5.7.0"
      "@ethersproject/logger" "^5.7.0"
      "@ethersproject/properties" "^5.7.0"
      "@ethersproject/strings" "^5.7.0"
  
  "@floating-ui/core@^1.4.1":
    version "1.4.1"
    resolved "https://registry.yarnpkg.com/@floating-ui/core/-/core-1.4.1.tgz#0d633f4b76052668afb932492ac452f7ebe97f17"
    integrity sha512-jk3WqquEJRlcyu7997NtR5PibI+y5bi+LS3hPmguVClypenMsCY3CBa3LAQnozRCtCrYWSEtAdiskpamuJRFOQ==
    dependencies:
      "@floating-ui/utils" "^0.1.1"
  
  "@floating-ui/dom@^1.5.1":
    version "1.5.1"
    resolved "https://registry.yarnpkg.com/@floating-ui/dom/-/dom-1.5.1.tgz#88b70defd002fe851f17b4a25efb2d3c04d7a8d7"
    integrity sha512-KwvVcPSXg6mQygvA1TjbN/gh///36kKtllIF8SUm0qpFj8+rvYrpvlYdL1JoA71SHpDqgSSdGOSoQ0Mp3uY5aw==
    dependencies:
      "@floating-ui/core" "^1.4.1"
      "@floating-ui/utils" "^0.1.1"
  
  "@floating-ui/react-dom@^2.0.1":
    version "2.0.2"
    resolved "https://registry.yarnpkg.com/@floating-ui/react-dom/-/react-dom-2.0.2.tgz#fab244d64db08e6bed7be4b5fcce65315ef44d20"
    integrity sha512-5qhlDvjaLmAst/rKb3VdlCinwTF4EYMiVxuuc/HVUjs46W0zgtbMmAZ1UTsDrRTxRmUEzl92mOtWbeeXL26lSQ==
    dependencies:
      "@floating-ui/dom" "^1.5.1"
  
  "@floating-ui/utils@^0.1.1":
    version "0.1.1"
    resolved "https://registry.yarnpkg.com/@floating-ui/utils/-/utils-0.1.1.tgz#1a5b1959a528e374e8037c4396c3e825d6cf4a83"
    integrity sha512-m0G6wlnhm/AX0H12IOWtK8gASEMffnX08RtKkCgTdHb9JpHKGloI7icFfLg9ZmQeavcvR0PKmzxClyuFPSjKWw==
  
  "@formatjs/ecma402-abstract@1.11.4":
    version "1.11.4"
    resolved "https://registry.yarnpkg.com/@formatjs/ecma402-abstract/-/ecma402-abstract-1.11.4.tgz#b962dfc4ae84361f9f08fbce411b4e4340930eda"
    integrity sha512-EBikYFp2JCdIfGEb5G9dyCkTGDmC57KSHhRQOC3aYxoPWVZvfWCDjZwkGYHN7Lis/fmuWl906bnNTJifDQ3sXw==
    dependencies:
      "@formatjs/intl-localematcher" "0.2.25"
      tslib "^2.1.0"
  
  "@formatjs/ecma402-abstract@^1.11.4":
    version "1.17.0"
    resolved "https://registry.yarnpkg.com/@formatjs/ecma402-abstract/-/ecma402-abstract-1.17.0.tgz#2ce191a3bde4c65c6684e03fa247062a4a294b9e"
    integrity sha512-6ueQTeJZtwKjmh23bdkq/DMqH4l4bmfvtQH98blOSbiXv/OUiyijSW6jU22IT8BNM1ujCaEvJfTtyCYVH38EMQ==
    dependencies:
      "@formatjs/intl-localematcher" "0.4.0"
      tslib "^2.4.0"
  
  "@formatjs/fast-memoize@1.2.1":
    version "1.2.1"
    resolved "https://registry.yarnpkg.com/@formatjs/fast-memoize/-/fast-memoize-1.2.1.tgz#e6f5aee2e4fd0ca5edba6eba7668e2d855e0fc21"
    integrity sha512-Rg0e76nomkz3vF9IPlKeV+Qynok0r7YZjL6syLz4/urSg0IbjPZCB/iYUMNsYA643gh4mgrX3T7KEIFIxJBQeg==
    dependencies:
      tslib "^2.1.0"
  
  "@formatjs/icu-messageformat-parser@2.1.0":
    version "2.1.0"
    resolved "https://registry.yarnpkg.com/@formatjs/icu-messageformat-parser/-/icu-messageformat-parser-2.1.0.tgz#a54293dd7f098d6a6f6a084ab08b6d54a3e8c12d"
    integrity sha512-Qxv/lmCN6hKpBSss2uQ8IROVnta2r9jd3ymUEIjm2UyIkUCHVcbUVRGL/KS/wv7876edvsPe+hjHVJ4z8YuVaw==
    dependencies:
      "@formatjs/ecma402-abstract" "1.11.4"
      "@formatjs/icu-skeleton-parser" "1.3.6"
      tslib "^2.1.0"
  
  "@formatjs/icu-skeleton-parser@1.3.6":
    version "1.3.6"
    resolved "https://registry.yarnpkg.com/@formatjs/icu-skeleton-parser/-/icu-skeleton-parser-1.3.6.tgz#4ce8c0737d6f07b735288177049e97acbf2e8964"
    integrity sha512-I96mOxvml/YLrwU2Txnd4klA7V8fRhb6JG/4hm3VMNmeJo1F03IpV2L3wWt7EweqNLES59SZ4d6hVOPCSf80Bg==
    dependencies:
      "@formatjs/ecma402-abstract" "1.11.4"
      tslib "^2.1.0"
  
  "@formatjs/intl-localematcher@0.2.25":
    version "0.2.25"
    resolved "https://registry.yarnpkg.com/@formatjs/intl-localematcher/-/intl-localematcher-0.2.25.tgz#60892fe1b271ec35ba07a2eb018a2dd7bca6ea3a"
    integrity sha512-YmLcX70BxoSopLFdLr1Ds99NdlTI2oWoLbaUW2M406lxOIPzE1KQhRz2fPUkq34xVZQaihCoU29h0KK7An3bhA==
    dependencies:
      tslib "^2.1.0"
  
  "@formatjs/intl-localematcher@0.4.0":
    version "0.4.0"
    resolved "https://registry.yarnpkg.com/@formatjs/intl-localematcher/-/intl-localematcher-0.4.0.tgz#63bbc37a7c3545a1bf1686072e51d9a3aed98d6b"
    integrity sha512-bRTd+rKomvfdS4QDlVJ6TA/Jx1F2h/TBVO5LjvhQ7QPPHp19oPNMIum7W2CMEReq/zPxpmCeB31F9+5gl/qtvw==
    dependencies:
      tslib "^2.4.0"
  
  "@formatjs/intl-localematcher@^0.2.32":
    version "0.2.32"
    resolved "https://registry.yarnpkg.com/@formatjs/intl-localematcher/-/intl-localematcher-0.2.32.tgz#00d4d307cd7d514b298e15a11a369b86c8933ec1"
    integrity sha512-k/MEBstff4sttohyEpXxCmC3MqbUn9VvHGlZ8fauLzkbwXmVrEeyzS+4uhrvAk9DWU9/7otYWxyDox4nT/KVLQ==
    dependencies:
      tslib "^2.4.0"
  
  "@humanwhocodes/config-array@^0.11.10":
    version "0.11.10"
    resolved "https://registry.yarnpkg.com/@humanwhocodes/config-array/-/config-array-0.11.10.tgz#5a3ffe32cc9306365fb3fd572596cd602d5e12d2"
    integrity sha512-KVVjQmNUepDVGXNuoRRdmmEjruj0KfiGSbS8LVc12LMsWDQzRXJ0qdhN8L8uUigKpfEHRhlaQFY0ib1tnUbNeQ==
    dependencies:
      "@humanwhocodes/object-schema" "^1.2.1"
      debug "^4.1.1"
      minimatch "^3.0.5"
  
  "@humanwhocodes/module-importer@^1.0.1":
    version "1.0.1"
    resolved "https://registry.yarnpkg.com/@humanwhocodes/module-importer/-/module-importer-1.0.1.tgz#af5b2691a22b44be847b0ca81641c5fb6ad0172c"
    integrity sha512-bxveV4V8v5Yb4ncFTT3rPSgZBOpCkjfK0y4oVVVJwIuDVBRMDXrPyXRL988i5ap9m9bnyEEjWfm5WkBmtffLfA==
  
  "@humanwhocodes/object-schema@^1.2.1":
    version "1.2.1"
    resolved "https://registry.yarnpkg.com/@humanwhocodes/object-schema/-/object-schema-1.2.1.tgz#b520529ec21d8e5945a1851dfd1c32e94e39ff45"
    integrity sha512-ZnQMnLV4e7hDlUvw8H+U8ASL02SS2Gn6+9Ac3wGGLIe7+je2AeAOxPY+izIPJDfFDb7eDjev0Us8MO1iFRN8hA==
  
  "@jridgewell/gen-mapping@^0.3.0", "@jridgewell/gen-mapping@^0.3.2":
    version "0.3.3"
    resolved "https://registry.yarnpkg.com/@jridgewell/gen-mapping/-/gen-mapping-0.3.3.tgz#7e02e6eb5df901aaedb08514203b096614024098"
    integrity sha512-HLhSWOLRi875zjjMG/r+Nv0oCW8umGb0BgEhyX3dDX3egwZtB8PqLnjz3yedt8R5StBrzcg4aBpnh8UA9D1BoQ==
    dependencies:
      "@jridgewell/set-array" "^1.0.1"
      "@jridgewell/sourcemap-codec" "^1.4.10"
      "@jridgewell/trace-mapping" "^0.3.9"
  
  "@jridgewell/resolve-uri@3.1.0":
    version "3.1.0"
    resolved "https://registry.yarnpkg.com/@jridgewell/resolve-uri/-/resolve-uri-3.1.0.tgz#2203b118c157721addfe69d47b70465463066d78"
    integrity sha512-F2msla3tad+Mfht5cJq7LSXcdudKTWCVYUgw6pLFOOHSTtZlj6SWNYAp+AhuqLmWdBO2X5hPrLcu8cVP8fy28w==
  
  "@jridgewell/resolve-uri@^3.0.3":
    version "3.1.1"
    resolved "https://registry.yarnpkg.com/@jridgewell/resolve-uri/-/resolve-uri-3.1.1.tgz#c08679063f279615a3326583ba3a90d1d82cc721"
    integrity sha512-dSYZh7HhCDtCKm4QakX0xFpsRDqjjtZf/kjI/v3T3Nwt5r8/qz/M19F9ySyOqU94SXBmeG9ttTul+YnR4LOxFA==
  
  "@jridgewell/set-array@^1.0.1":
    version "1.1.2"
    resolved "https://registry.yarnpkg.com/@jridgewell/set-array/-/set-array-1.1.2.tgz#7c6cf998d6d20b914c0a55a91ae928ff25965e72"
    integrity sha512-xnkseuNADM0gt2bs+BvhO0p78Mk762YnZdsuzFV018NoG1Sj1SCQvpSqa7XUaTam5vAGasABV9qXASMKnFMwMw==
  
  "@jridgewell/sourcemap-codec@1.4.14":
    version "1.4.14"
    resolved "https://registry.yarnpkg.com/@jridgewell/sourcemap-codec/-/sourcemap-codec-1.4.14.tgz#add4c98d341472a289190b424efbdb096991bb24"
    integrity sha512-XPSJHWmi394fuUuzDnGz1wiKqWfo1yXecHQMRf2l6hztTO+nPru658AyDngaBe7isIxEkRsPR3FZh+s7iVa4Uw==
  
  "@jridgewell/sourcemap-codec@^1.4.10", "@jridgewell/sourcemap-codec@^1.4.13":
    version "1.4.15"
    resolved "https://registry.yarnpkg.com/@jridgewell/sourcemap-codec/-/sourcemap-codec-1.4.15.tgz#d7c6e6755c78567a951e04ab52ef0fd26de59f32"
    integrity sha512-eF2rxCRulEKXHTRiDrDy6erMYWqNw4LPdQ8UQA4huuxaQsVeRPFl2oM8oDGxMFhJUWZf9McpLtJasDDZb/Bpeg==
  
  "@jridgewell/trace-mapping@0.3.9":
    version "0.3.9"
    resolved "https://registry.yarnpkg.com/@jridgewell/trace-mapping/-/trace-mapping-0.3.9.tgz#6534fd5933a53ba7cbf3a17615e273a0d1273ff9"
    integrity sha512-3Belt6tdc8bPgAtbcmdtNJlirVoTmEb5e2gC94PnkwEW9jI6CAHUeoG85tjWP5WquqfavoMtMwiG4P926ZKKuQ==
    dependencies:
      "@jridgewell/resolve-uri" "^3.0.3"
      "@jridgewell/sourcemap-codec" "^1.4.10"
  
  "@jridgewell/trace-mapping@^0.3.17", "@jridgewell/trace-mapping@^0.3.9":
    version "0.3.18"
    resolved "https://registry.yarnpkg.com/@jridgewell/trace-mapping/-/trace-mapping-0.3.18.tgz#25783b2086daf6ff1dcb53c9249ae480e4dd4cd6"
    integrity sha512-w+niJYzMHdd7USdiH2U6869nqhD2nbfZXND5Yp93qIbEmnDNk7PD48o+YchRVpzMU7M6jVCbenTR7PA1FLQ9pA==
    dependencies:
      "@jridgewell/resolve-uri" "3.1.0"
      "@jridgewell/sourcemap-codec" "1.4.14"
  
  "@ledgerhq/connect-kit-loader@^1.1.0":
    version "1.1.0"
    resolved "https://registry.npmmirror.com/@ledgerhq/connect-kit-loader/-/connect-kit-loader-1.1.0.tgz#10343b78ef13436818bf3453568a559c0eeb9d48"
    integrity sha512-HUy12FEczoWY2FPubnsm1uOA8tkVWc0j90i47suThV3C9NL2xx69ZAIEU3Ytzs2bwLek9S1Q2S1VQJvA+3Ygkg==
  
  "@lit-labs/ssr-dom-shim@^1.0.0", "@lit-labs/ssr-dom-shim@^1.1.0":
    version "1.1.1"
    resolved "https://registry.npmmirror.com/@lit-labs/ssr-dom-shim/-/ssr-dom-shim-1.1.1.tgz#64df34e2f12e68e78ac57e571d25ec07fa460ca9"
    integrity sha512-kXOeFbfCm4fFf2A3WwVEeQj55tMZa8c8/f9AKHMobQMkzNUfUj+antR3fRPaZJawsa1aZiP/Da3ndpZrwEe4rQ==
  
  "@lit/reactive-element@^1.3.0", "@lit/reactive-element@^1.6.0":
    version "1.6.2"
    resolved "https://registry.npmmirror.com/@lit/reactive-element/-/reactive-element-1.6.2.tgz#c256690f82f2d7d0ffb0b1cdf68dcb1ec86cea28"
    integrity sha512-rDfl+QnCYjuIGf5xI2sVJWdYIi56CTCwWa+nidKYX6oIuBYwUbT/vX4qbUDlHiZKJ/3FRNQ/tWJui44p6/stSA==
    dependencies:
      "@lit-labs/ssr-dom-shim" "^1.0.0"
  
  "@metamask/safe-event-emitter@2.0.0", "@metamask/safe-event-emitter@^2.0.0":
    version "2.0.0"
    resolved "https://registry.npmmirror.com/@metamask/safe-event-emitter/-/safe-event-emitter-2.0.0.tgz#af577b477c683fad17c619a78208cede06f9605c"
    integrity sha512-/kSXhY692qiV1MXu6EeOZvg5nECLclxNXcKCxJ3cXQgYuRymRHpdx/t7JXfsK+JLjwA1e1c1/SBrlQYpusC29Q==
  
  "@metamask/utils@^3.0.1":
    version "3.6.0"
    resolved "https://registry.npmmirror.com/@metamask/utils/-/utils-3.6.0.tgz#b218b969a05ca7a8093b5d1670f6625061de707d"
    integrity sha512-9cIRrfkWvHblSiNDVXsjivqa9Ak0RYo/1H6tqTqTbAx+oBK2Sva0lWDHxGchOqA7bySGUJKAWSNJvH6gdHZ0gQ==
    dependencies:
      "@types/debug" "^4.1.7"
      debug "^4.3.4"
      semver "^7.3.8"
      superstruct "^1.0.3"
  
  "@motionone/animation@^10.15.1":
    version "10.15.1"
    resolved "https://registry.npmmirror.com/@motionone/animation/-/animation-10.15.1.tgz#4a85596c31cbc5100ae8eb8b34c459fb0ccf6807"
    integrity sha512-mZcJxLjHor+bhcPuIFErMDNyrdb2vJur8lSfMCsuCB4UyV8ILZLvK+t+pg56erv8ud9xQGK/1OGPt10agPrCyQ==
    dependencies:
      "@motionone/easing" "^10.15.1"
      "@motionone/types" "^10.15.1"
      "@motionone/utils" "^10.15.1"
      tslib "^2.3.1"
  
  "@motionone/dom@^10.16.2":
    version "10.16.2"
    resolved "https://registry.npmmirror.com/@motionone/dom/-/dom-10.16.2.tgz#0c44df8ee3d1cfc50ee11d27050b27824355a61a"
    integrity sha512-bnuHdNbge1FutZXv+k7xub9oPWcF0hsu8y1HTH/qg6av58YI0VufZ3ngfC7p2xhMJMnoh0LXFma2EGTgPeCkeg==
    dependencies:
      "@motionone/animation" "^10.15.1"
      "@motionone/generators" "^10.15.1"
      "@motionone/types" "^10.15.1"
      "@motionone/utils" "^10.15.1"
      hey-listen "^1.0.8"
      tslib "^2.3.1"
  
  "@motionone/easing@^10.15.1":
    version "10.15.1"
    resolved "https://registry.npmmirror.com/@motionone/easing/-/easing-10.15.1.tgz#95cf3adaef34da6deebb83940d8143ede3deb693"
    integrity sha512-6hIHBSV+ZVehf9dcKZLT7p5PEKHGhDwky2k8RKkmOvUoYP3S+dXsKupyZpqx5apjd9f+php4vXk4LuS+ADsrWw==
    dependencies:
      "@motionone/utils" "^10.15.1"
      tslib "^2.3.1"
  
  "@motionone/generators@^10.15.1":
    version "10.15.1"
    resolved "https://registry.npmmirror.com/@motionone/generators/-/generators-10.15.1.tgz#dc6abb11139d1bafe758a41c134d4c753a9b871c"
    integrity sha512-67HLsvHJbw6cIbLA/o+gsm7h+6D4Sn7AUrB/GPxvujse1cGZ38F5H7DzoH7PhX+sjvtDnt2IhFYF2Zp1QTMKWQ==
    dependencies:
      "@motionone/types" "^10.15.1"
      "@motionone/utils" "^10.15.1"
      tslib "^2.3.1"
  
  "@motionone/svelte@^10.16.2":
    version "10.16.2"
    resolved "https://registry.npmmirror.com/@motionone/svelte/-/svelte-10.16.2.tgz#0b37c3b12927814d31d24941d1ca0ff49981b444"
    integrity sha512-38xsroKrfK+aHYhuQlE6eFcGy0EwrB43Q7RGjF73j/kRUTcLNu/LAaKiLLsN5lyqVzCgTBVt4TMT/ShWbTbc5Q==
    dependencies:
      "@motionone/dom" "^10.16.2"
      tslib "^2.3.1"
  
  "@motionone/types@^10.15.1":
    version "10.15.1"
    resolved "https://registry.npmmirror.com/@motionone/types/-/types-10.15.1.tgz#89441b54285012795cbba8612cbaa0fa420db3eb"
    integrity sha512-iIUd/EgUsRZGrvW0jqdst8st7zKTzS9EsKkP+6c6n4MPZoQHwiHuVtTQLD6Kp0bsBLhNzKIBlHXponn/SDT4hA==
  
  "@motionone/utils@^10.15.1":
    version "10.15.1"
    resolved "https://registry.npmmirror.com/@motionone/utils/-/utils-10.15.1.tgz#6b5f51bde75be88b5411e084310299050368a438"
    integrity sha512-p0YncgU+iklvYr/Dq4NobTRdAPv9PveRDUXabPEeOjBLSO/1FNB2phNTZxOxpi1/GZwYpAoECEa0Wam+nsmhSw==
    dependencies:
      "@motionone/types" "^10.15.1"
      hey-listen "^1.0.8"
      tslib "^2.3.1"
  
  "@motionone/vue@^10.16.2":
    version "10.16.2"
    resolved "https://registry.npmmirror.com/@motionone/vue/-/vue-10.16.2.tgz#faf13afc27620a2df870c71c58a04ee8de8dea65"
    integrity sha512-7/dEK/nWQXOkJ70bqb2KyNfSWbNvWqKKq1C8juj+0Mg/AorgD8O5wE3naddK0G+aXuNMqRuc4jlsYHHWHtIzVw==
    dependencies:
      "@motionone/dom" "^10.16.2"
      tslib "^2.3.1"
  
  "@mui/base@5.0.0-beta.13":
    version "5.0.0-beta.13"
    resolved "https://registry.yarnpkg.com/@mui/base/-/base-5.0.0-beta.13.tgz#3bae94c39752546d84a67d4ca73486b7c4923a89"
    integrity sha512-uC0l97pBspfDAp+iz2cJq8YZ8Sd9i73V77+WzUiOAckIVEyCm5dyVDZCCO2/phmzckVEeZCGcytybkjMQuhPQw==
    dependencies:
      "@babel/runtime" "^7.22.10"
      "@emotion/is-prop-valid" "^1.2.1"
      "@floating-ui/react-dom" "^2.0.1"
      "@mui/types" "^7.2.4"
      "@mui/utils" "^5.14.7"
      "@popperjs/core" "^2.11.8"
      clsx "^2.0.0"
      prop-types "^15.8.1"
      react-is "^18.2.0"
  
  "@mui/core-downloads-tracker@^5.14.7":
    version "5.14.7"
    resolved "https://registry.yarnpkg.com/@mui/core-downloads-tracker/-/core-downloads-tracker-5.14.7.tgz#95bed2487bf59632125a13b8eb8f4c21e460afec"
    integrity sha512-sCWTUNElBPgB30iLvWe3PU7SIlTKZNf6/E/sko85iHVeHCM6WPkDw+y89CrZYjhFNmPqt2fIQM/pZu+rP2lFLA==
  
  "@mui/icons-material@^5.14.7":
    version "5.14.7"
    resolved "https://registry.yarnpkg.com/@mui/icons-material/-/icons-material-5.14.7.tgz#d7f6bd188fe38adf35c89d9343b8a529c2306383"
    integrity sha512-mWp4DwMa8c1Gx9yOEtPgxM4b+e6hAbtZyzfSubdBwrnEE6G5D2rbAJ5MB+If6kfI48JaYaJ5j8+zAdmZLuZc0A==
    dependencies:
      "@babel/runtime" "^7.22.10"
  
  "@mui/lab@^5.0.0-alpha.142":
    version "5.0.0-alpha.142"
    resolved "https://registry.yarnpkg.com/@mui/lab/-/lab-5.0.0-alpha.142.tgz#aa8d69801b7f75cfe6ff1a62ccdc73fe662ceadc"
    integrity sha512-JDrT5G3QBZ0nzkKMFWzJY5KN8WcyDx4p7qOjg6hs7yKLq90VSdsqIOmyhvWDxJR7zPNQjo0WRYBAaRaQ5FlGxg==
    dependencies:
      "@babel/runtime" "^7.22.10"
      "@mui/base" "5.0.0-beta.13"
      "@mui/system" "^5.14.7"
      "@mui/types" "^7.2.4"
      "@mui/utils" "^5.14.7"
      clsx "^2.0.0"
      prop-types "^15.8.1"
      react-is "^18.2.0"
  
  "@mui/material@^5.14.7":
    version "5.14.7"
    resolved "https://registry.yarnpkg.com/@mui/material/-/material-5.14.7.tgz#6c2c0de8a625562f789e1bb33cb4cfc8cf20bdb0"
    integrity sha512-jIZj9F7zMv6IlyaYDVv5M2Kp20jIX8c0kzuwteySHS/A0IvPVyomQEPtWc51MCbpDNCqzwoZUp3rQtA2lI8k7A==
    dependencies:
      "@babel/runtime" "^7.22.10"
      "@mui/base" "5.0.0-beta.13"
      "@mui/core-downloads-tracker" "^5.14.7"
      "@mui/system" "^5.14.7"
      "@mui/types" "^7.2.4"
      "@mui/utils" "^5.14.7"
      "@types/react-transition-group" "^4.4.6"
      clsx "^2.0.0"
      csstype "^3.1.2"
      prop-types "^15.8.1"
      react-is "^18.2.0"
      react-transition-group "^4.4.5"
  
  "@mui/private-theming@^5.14.7":
    version "5.14.7"
    resolved "https://registry.yarnpkg.com/@mui/private-theming/-/private-theming-5.14.7.tgz#c9fec31e59bf66b12959e724b0e8ec3bb4a3d923"
    integrity sha512-Y86+hmDnJab2Ka42PgxKpK3oL7EiacbeeX3X/lG9LGO0wSc45wZjHeTfIlVSkkUCkexiMKEJp5NlSjZhr27NRQ==
    dependencies:
      "@babel/runtime" "^7.22.10"
      "@mui/utils" "^5.14.7"
      prop-types "^15.8.1"
  
  "@mui/styled-engine@^5.14.7":
    version "5.14.7"
    resolved "https://registry.yarnpkg.com/@mui/styled-engine/-/styled-engine-5.14.7.tgz#aaacec6c87bcc9a180b2da062c613213af10f2e3"
    integrity sha512-hKBETEDsIAkL8/mBwPiQj/vw28OeIhMXC3Tvj4J2bb9snxAKpiZioR1PwqP+6P41twsC/GKBd0Vr9oaWYaHuMg==
    dependencies:
      "@babel/runtime" "^7.22.10"
      "@emotion/cache" "^11.11.0"
      csstype "^3.1.2"
      prop-types "^15.8.1"
  
  "@mui/system@^5.14.7":
    version "5.14.7"
    resolved "https://registry.yarnpkg.com/@mui/system/-/system-5.14.7.tgz#b08e23f9151d38186ab12dd618906abd4d73d203"
    integrity sha512-jeZtHglc+Pi6qjGoopT6O4RqYXVBMqHVOsjMGP0hxGSSPm1T4gsAu7jU8eqGx9YwwjvvJ0eotTjFqw7iJ6qE2Q==
    dependencies:
      "@babel/runtime" "^7.22.10"
      "@mui/private-theming" "^5.14.7"
      "@mui/styled-engine" "^5.14.7"
      "@mui/types" "^7.2.4"
      "@mui/utils" "^5.14.7"
      clsx "^2.0.0"
      csstype "^3.1.2"
      prop-types "^15.8.1"
  
  "@mui/types@^7.2.4":
    version "7.2.4"
    resolved "https://registry.yarnpkg.com/@mui/types/-/types-7.2.4.tgz#b6fade19323b754c5c6de679a38f068fd50b9328"
    integrity sha512-LBcwa8rN84bKF+f5sDyku42w1NTxaPgPyYKODsh01U1fVstTClbUoSA96oyRBnSNyEiAVjKm6Gwx9vjR+xyqHA==
  
  "@mui/utils@^5.14.5", "@mui/utils@^5.14.7":
    version "5.14.7"
    resolved "https://registry.yarnpkg.com/@mui/utils/-/utils-5.14.7.tgz#3677bcabe032f1185e151f57d8c1a166df3ae0a1"
    integrity sha512-RtheP/aBoPogVdi8vj8Vo2IFnRa4mZVmnD0RGlVZ49yF60rZs+xP4/KbpIrTr83xVs34QmHQ2aQ+IX7I0a0dDw==
    dependencies:
      "@babel/runtime" "^7.22.10"
      "@types/prop-types" "^15.7.5"
      "@types/react-is" "^18.2.1"
      prop-types "^15.8.1"
      react-is "^18.2.0"
  
  "@mui/x-data-grid@^6.12.0":
    version "6.12.0"
    resolved "https://registry.yarnpkg.com/@mui/x-data-grid/-/x-data-grid-6.12.0.tgz#bb4a020cc352d1a48498ac7d4f0aca41fac653b4"
    integrity sha512-ZuQ8Uq/dF6gjrE/qU6VvP3tgy9n78DdCMD6hbXy/uDIoddJ4J8hSn9S6flnFnFQbRZzF/Q/pPWXZTR4oeg8NQg==
    dependencies:
      "@babel/runtime" "^7.22.11"
      "@mui/utils" "^5.14.5"
      clsx "^2.0.0"
      prop-types "^15.8.1"
      reselect "^4.1.8"
  
  "@next/env@13.4.19":
    version "13.4.19"
    resolved "https://registry.yarnpkg.com/@next/env/-/env-13.4.19.tgz#46905b4e6f62da825b040343cbc233144e9578d3"
    integrity sha512-FsAT5x0jF2kkhNkKkukhsyYOrRqtSxrEhfliniIq0bwWbuXLgyt3Gv0Ml+b91XwjwArmuP7NxCiGd++GGKdNMQ==
  
  "@next/eslint-plugin-next@13.4.19":
    version "13.4.19"
    resolved "https://registry.yarnpkg.com/@next/eslint-plugin-next/-/eslint-plugin-next-13.4.19.tgz#93d130c37b47fd120f6d111aee36a60611148df1"
    integrity sha512-N/O+zGb6wZQdwu6atMZHbR7T9Np5SUFUjZqCbj0sXm+MwQO35M8TazVB4otm87GkXYs2l6OPwARd3/PUWhZBVQ==
    dependencies:
      glob "7.1.7"
  
  "@next/swc-darwin-arm64@13.4.19":
    version "13.4.19"
    resolved "https://registry.yarnpkg.com/@next/swc-darwin-arm64/-/swc-darwin-arm64-13.4.19.tgz#77ad462b5ced4efdc26cb5a0053968d2c7dac1b6"
    integrity sha512-vv1qrjXeGbuF2mOkhkdxMDtv9np7W4mcBtaDnHU+yJG+bBwa6rYsYSCI/9Xm5+TuF5SbZbrWO6G1NfTh1TMjvQ==
  
  "@next/swc-darwin-x64@13.4.19":
    version "13.4.19"
    resolved "https://registry.yarnpkg.com/@next/swc-darwin-x64/-/swc-darwin-x64-13.4.19.tgz#aebe38713a4ce536ee5f2a291673e14b715e633a"
    integrity sha512-jyzO6wwYhx6F+7gD8ddZfuqO4TtpJdw3wyOduR4fxTUCm3aLw7YmHGYNjS0xRSYGAkLpBkH1E0RcelyId6lNsw==
  
  "@next/swc-linux-arm64-gnu@13.4.19":
    version "13.4.19"
    resolved "https://registry.yarnpkg.com/@next/swc-linux-arm64-gnu/-/swc-linux-arm64-gnu-13.4.19.tgz#ec54db65b587939c7b94f9a84800f003a380f5a6"
    integrity sha512-vdlnIlaAEh6H+G6HrKZB9c2zJKnpPVKnA6LBwjwT2BTjxI7e0Hx30+FoWCgi50e+YO49p6oPOtesP9mXDRiiUg==
  
  "@next/swc-linux-arm64-musl@13.4.19":
    version "13.4.19"
    resolved "https://registry.yarnpkg.com/@next/swc-linux-arm64-musl/-/swc-linux-arm64-musl-13.4.19.tgz#1f5e2c1ea6941e7d530d9f185d5d64be04279d86"
    integrity sha512-aU0HkH2XPgxqrbNRBFb3si9Ahu/CpaR5RPmN2s9GiM9qJCiBBlZtRTiEca+DC+xRPyCThTtWYgxjWHgU7ZkyvA==
  
  "@next/swc-linux-x64-gnu@13.4.19":
    version "13.4.19"
    resolved "https://registry.yarnpkg.com/@next/swc-linux-x64-gnu/-/swc-linux-x64-gnu-13.4.19.tgz#96b0882492a2f7ffcce747846d3680730f69f4d1"
    integrity sha512-htwOEagMa/CXNykFFeAHHvMJeqZfNQEoQvHfsA4wgg5QqGNqD5soeCer4oGlCol6NGUxknrQO6VEustcv+Md+g==
  
  "@next/swc-linux-x64-musl@13.4.19":
    version "13.4.19"
    resolved "https://registry.yarnpkg.com/@next/swc-linux-x64-musl/-/swc-linux-x64-musl-13.4.19.tgz#f276b618afa321d2f7b17c81fc83f429fb0fd9d8"
    integrity sha512-4Gj4vvtbK1JH8ApWTT214b3GwUh9EKKQjY41hH/t+u55Knxi/0wesMzwQRhppK6Ddalhu0TEttbiJ+wRcoEj5Q==
  
  "@next/swc-win32-arm64-msvc@13.4.19":
    version "13.4.19"
    resolved "https://registry.yarnpkg.com/@next/swc-win32-arm64-msvc/-/swc-win32-arm64-msvc-13.4.19.tgz#1599ae0d401da5ffca0947823dac577697cce577"
    integrity sha512-bUfDevQK4NsIAHXs3/JNgnvEY+LRyneDN788W2NYiRIIzmILjba7LaQTfihuFawZDhRtkYCv3JDC3B4TwnmRJw==
  
  "@next/swc-win32-ia32-msvc@13.4.19":
    version "13.4.19"
    resolved "https://registry.yarnpkg.com/@next/swc-win32-ia32-msvc/-/swc-win32-ia32-msvc-13.4.19.tgz#55cdd7da90818f03e4da16d976f0cb22045d16fd"
    integrity sha512-Y5kikILFAr81LYIFaw6j/NrOtmiM4Sf3GtOc0pn50ez2GCkr+oejYuKGcwAwq3jiTKuzF6OF4iT2INPoxRycEA==
  
  "@next/swc-win32-x64-msvc@13.4.19":
    version "13.4.19"
    resolved "https://registry.yarnpkg.com/@next/swc-win32-x64-msvc/-/swc-win32-x64-msvc-13.4.19.tgz#648f79c4e09279212ac90d871646ae12d80cdfce"
    integrity sha512-YzA78jBDXMYiINdPdJJwGgPNT3YqBNNGhsthsDoWHL9p24tEJn9ViQf/ZqTbwSpX/RrkPupLfuuTH2sf73JBAw==
  
  "@noble/curves@1.0.0", "@noble/curves@~1.0.0":
    version "1.0.0"
    resolved "https://registry.npmmirror.com/@noble/curves/-/curves-1.0.0.tgz#e40be8c7daf088aaf291887cbc73f43464a92932"
    integrity sha512-2upgEu0iLiDVDZkNLeFV2+ht0BAVgQnEmCk6JsOch9Rp8xfkMCbvbAZlA2pBHQc73dbl+vFOXfqkf4uemdn0bw==
    dependencies:
      "@noble/hashes" "1.3.0"
  
  "@noble/curves@1.1.0", "@noble/curves@^1.0.0":
    version "1.1.0"
    resolved "https://registry.yarnpkg.com/@noble/curves/-/curves-1.1.0.tgz#f13fc667c89184bc04cccb9b11e8e7bae27d8c3d"
    integrity sha512-091oBExgENk/kGj3AZmtBDMpxQPDtxQABR2B9lb1JbVTs6ytdzZNwvhxQ4MWasRNEzlbEH8jCWFCwhF/Obj5AA==
    dependencies:
      "@noble/hashes" "1.3.1"
  
  "@noble/hashes@1.3.0":
    version "1.3.0"
    resolved "https://registry.npmmirror.com/@noble/hashes/-/hashes-1.3.0.tgz#085fd70f6d7d9d109671090ccae1d3bec62554a1"
    integrity sha512-ilHEACi9DwqJB0pw7kv+Apvh50jiiSyR/cQ3y4W7lOR5mhvn/50FLUfsnfJz0BDZtl/RR16kXvptiv6q1msYZg==
  
  "@noble/hashes@1.3.1", "@noble/hashes@^1.1.2", "@noble/hashes@^1.3.0", "@noble/hashes@~1.3.0":
    version "1.3.1"
    resolved "https://registry.npmmirror.com/@noble/hashes/-/hashes-1.3.1.tgz#8831ef002114670c603c458ab8b11328406953a9"
    integrity sha512-EbqwksQwz9xDRGfDST86whPBgM65E0OH/pCgqW0GBVzO22bNE+NuIbeTb714+IfSjU3aRk47EUvXIb5bTsenKA==
  
  "@nodelib/fs.scandir@2.1.5":
    version "2.1.5"
    resolved "https://registry.yarnpkg.com/@nodelib/fs.scandir/-/fs.scandir-2.1.5.tgz#7619c2eb21b25483f6d167548b4cfd5a7488c3d5"
    integrity sha512-vq24Bq3ym5HEQm2NKCr3yXDwjc7vTsEThRDnkp2DK9p1uqLR+DHurm/NOTo0KG7HYHU7eppKZj3MyqYuMBf62g==
    dependencies:
      "@nodelib/fs.stat" "2.0.5"
      run-parallel "^1.1.9"
  
  "@nodelib/fs.stat@2.0.5", "@nodelib/fs.stat@^2.0.2":
    version "2.0.5"
    resolved "https://registry.yarnpkg.com/@nodelib/fs.stat/-/fs.stat-2.0.5.tgz#5bd262af94e9d25bd1e71b05deed44876a222e8b"
    integrity sha512-RkhPPp2zrqDAQA/2jNhnztcPAlv64XdhIp7a7454A5ovI7Bukxgt7MX7udwAu3zg1DcpPU0rz3VV1SeaqvY4+A==
  
  "@nodelib/fs.walk@^1.2.3", "@nodelib/fs.walk@^1.2.8":
    version "1.2.8"
    resolved "https://registry.yarnpkg.com/@nodelib/fs.walk/-/fs.walk-1.2.8.tgz#e95737e8bb6746ddedf69c556953494f196fe69a"
    integrity sha512-oGB+UxlgWcgQkgwo8GcEGwemoTFt3FIO9ababBmaGwXIoBKZ+GTy0pP185beGg7Llih/NSHSV2XAs1lnznocSg==
    dependencies:
      "@nodelib/fs.scandir" "2.1.5"
      fastq "^1.6.0"
  
  "@pkgr/utils@^2.3.1":
    version "2.3.1"
    resolved "https://registry.yarnpkg.com/@pkgr/utils/-/utils-2.3.1.tgz#0a9b06ffddee364d6642b3cd562ca76f55b34a03"
    integrity sha512-wfzX8kc1PMyUILA+1Z/EqoE4UCXGy0iRGMhPwdfae1+f0OXlLqCk+By+aMzgJBzR9AzS4CDizioG6Ss1gvAFJw==
    dependencies:
      cross-spawn "^7.0.3"
      is-glob "^4.0.3"
      open "^8.4.0"
      picocolors "^1.0.0"
      tiny-glob "^0.2.9"
      tslib "^2.4.0"
  
  "@popperjs/core@^2.11.8":
    version "2.11.8"
    resolved "https://registry.yarnpkg.com/@popperjs/core/-/core-2.11.8.tgz#6b79032e760a0899cd4204710beede972a3a185f"
    integrity sha512-P1st0aksCrn9sGZhp8GMYwBnQsbvAWsZAX44oXNNvLHGqAOcoVxmjZiohstwQ7SqKnbR47akdNi+uleWD8+g6A==
  
  "@rainbow-me/rainbowkit@^1.0.9":
    version "1.0.9"
    resolved "https://registry.yarnpkg.com/@rainbow-me/rainbowkit/-/rainbowkit-1.0.9.tgz#b1589b64c7b96949116e0dc671de2f67155f13b1"
    integrity sha512-BiMPCWDIR7L44Rq/6j09CPJd7qzUF3vhXo/EIpCF+J0AxQQEWDjwZ+RuWez2XTpzlFjGYl+RwEHZQzX1dKVr+w==
    dependencies:
      "@vanilla-extract/css" "1.9.1"
      "@vanilla-extract/dynamic" "2.0.2"
      "@vanilla-extract/sprinkles" "1.5.0"
      clsx "1.1.1"
      qrcode "1.5.0"
      react-remove-scroll "2.5.4"
  
  "@rollup/plugin-commonjs@24.0.0":
    version "24.0.0"
    resolved "https://registry.yarnpkg.com/@rollup/plugin-commonjs/-/plugin-commonjs-24.0.0.tgz#fb7cf4a6029f07ec42b25daa535c75b05a43f75c"
    integrity sha512-0w0wyykzdyRRPHOb0cQt14mIBLujfAv6GgP6g8nvg/iBxEm112t3YPPq+Buqe2+imvElTka+bjNlJ/gB56TD8g==
    dependencies:
      "@rollup/pluginutils" "^5.0.1"
      commondir "^1.0.1"
      estree-walker "^2.0.2"
      glob "^8.0.3"
      is-reference "1.2.1"
      magic-string "^0.27.0"
  
  "@rollup/pluginutils@^5.0.1":
    version "5.0.2"
    resolved "https://registry.yarnpkg.com/@rollup/pluginutils/-/pluginutils-5.0.2.tgz#012b8f53c71e4f6f9cb317e311df1404f56e7a33"
    integrity sha512-pTd9rIsP92h+B6wWwFbW8RkZv4hiR/xKsqre4SIuAOaOEQRxi0lqLke9k2/7WegC85GgUs9pjmOjCUi3In4vwA==
    dependencies:
      "@types/estree" "^1.0.0"
      estree-walker "^2.0.2"
      picomatch "^2.3.1"
  
  "@rushstack/eslint-patch@^1.1.3":
    version "1.2.0"
    resolved "https://registry.yarnpkg.com/@rushstack/eslint-patch/-/eslint-patch-1.2.0.tgz#8be36a1f66f3265389e90b5f9c9962146758f728"
    integrity sha512-sXo/qW2/pAcmT43VoRKOJbDOfV3cYpq3szSVfIThQXNt+E4DfKj361vaAt3c88U5tPUxzEswam7GW48PJqtKAg==
  
  "@safe-global/safe-apps-provider@^0.17.1":
    version "0.17.1"
    resolved "https://registry.npmmirror.com/@safe-global/safe-apps-provider/-/safe-apps-provider-0.17.1.tgz#72df2a66be5343940ed505efe594ed3b0f2f7015"
    integrity sha512-lYfRqrbbK1aKU1/UGkYWc/X7PgySYcumXKc5FB2uuwAs2Ghj8uETuW5BrwPqyjBknRxutFbTv+gth/JzjxAhdQ==
    dependencies:
      "@safe-global/safe-apps-sdk" "8.0.0"
      events "^3.3.0"
  
  "@safe-global/safe-apps-sdk@8.0.0", "@safe-global/safe-apps-sdk@^8.0.0":
    version "8.0.0"
    resolved "https://registry.npmmirror.com/@safe-global/safe-apps-sdk/-/safe-apps-sdk-8.0.0.tgz#9bdfe0e0d85e1b2d279bb840f40c4b930aaf8bc1"
    integrity sha512-gYw0ki/EAuV1oSyMxpqandHjnthZjYYy+YWpTAzf8BqfXM3ItcZLpjxfg+3+mXW8HIO+3jw6T9iiqEXsqHaMMw==
    dependencies:
      "@safe-global/safe-gateway-typescript-sdk" "^3.5.3"
      viem "^1.0.0"
  
  "@safe-global/safe-gateway-typescript-sdk@^3.5.3":
    version "3.7.3"
    resolved "https://registry.npmmirror.com/@safe-global/safe-gateway-typescript-sdk/-/safe-gateway-typescript-sdk-3.7.3.tgz#68ec7d82711e2d0f82ce2e577b1df67ba8da2bed"
    integrity sha512-O6JCgXNZWG0Vv8FnOEjKfcbsP0WxGvoPJk5ufqUrsyBlHup16It6oaLnn+25nXFLBZOHI1bz8429JlqAc2t2hg==
    dependencies:
      cross-fetch "^3.1.5"
  
  "@scure/base@~1.1.0":
    version "1.1.1"
    resolved "https://registry.npmmirror.com/@scure/base/-/base-1.1.1.tgz#ebb651ee52ff84f420097055f4bf46cfba403938"
    integrity sha512-ZxOhsSyxYwLJj3pLZCefNitxsj093tb2vq90mp2txoYeBqbcjDjqFhyM8eUjq/uFm6zJ+mUuqxlS2FkuSY1MTA==
  
  "@scure/bip32@1.3.0":
    version "1.3.0"
    resolved "https://registry.npmmirror.com/@scure/bip32/-/bip32-1.3.0.tgz#6c8d980ef3f290987736acd0ee2e0f0d50068d87"
    integrity sha512-bcKpo1oj54hGholplGLpqPHRbIsnbixFtc06nwuNM5/dwSXOq/AAYoIBRsBmnZJSdfeNW5rnff7NTAz3ZCqR9Q==
    dependencies:
      "@noble/curves" "~1.0.0"
      "@noble/hashes" "~1.3.0"
      "@scure/base" "~1.1.0"
  
  "@scure/bip39@1.2.0":
    version "1.2.0"
    resolved "https://registry.npmmirror.com/@scure/bip39/-/bip39-1.2.0.tgz#a207e2ef96de354de7d0002292ba1503538fc77b"
    integrity sha512-SX/uKq52cuxm4YFXWFaVByaSHJh2w3BnokVSeUJVCv6K7WulT9u2BuNRBhuFl8vAuYnzx9bEu9WgpcNYTrYieg==
    dependencies:
      "@noble/hashes" "~1.3.0"
      "@scure/base" "~1.1.0"
  
  "@sentry-internal/tracing@7.65.0":
    version "7.65.0"
    resolved "https://registry.yarnpkg.com/@sentry-internal/tracing/-/tracing-7.65.0.tgz#f7c56885d10c753ef03a25405dae13728916c0f5"
    integrity sha512-TEYkiq5vKr1Y79YIu+UYr1sO3vEMttQOBsOZLziDbqiC7TvKUARBR4W5XWfb9qBVDeon87EFNKluW0/+7rzYWw==
    dependencies:
      "@sentry/core" "7.65.0"
      "@sentry/types" "7.65.0"
      "@sentry/utils" "7.65.0"
      tslib "^2.4.1 || ^1.9.3"
  
  "@sentry/browser@7.65.0":
    version "7.65.0"
    resolved "https://registry.yarnpkg.com/@sentry/browser/-/browser-7.65.0.tgz#fb2009d6f8f1e5e3e1c616ce0ea70dd728c46ce7"
    integrity sha512-TUzZPAXNJ/Y1yakFODYhsEtdDpLdkgjTfrx5i9MOnXQLrcRR0C4TC1KitqbP6Tv7Xha9WiR0TDZkh7gS/9RxEA==
    dependencies:
      "@sentry-internal/tracing" "7.65.0"
      "@sentry/core" "7.65.0"
      "@sentry/replay" "7.65.0"
      "@sentry/types" "7.65.0"
      "@sentry/utils" "7.65.0"
      tslib "^2.4.1 || ^1.9.3"
  
  "@sentry/cli@^1.74.6":
    version "1.75.2"
    resolved "https://registry.yarnpkg.com/@sentry/cli/-/cli-1.75.2.tgz#2c38647b38300e52c9839612d42b7c23f8d6455b"
    integrity sha512-CG0CKH4VCKWzEaegouWfCLQt9SFN+AieFESCatJ7zSuJmzF05ywpMusjxqRul6lMwfUhRKjGKOzcRJ1jLsfTBw==
    dependencies:
      https-proxy-agent "^5.0.0"
      mkdirp "^0.5.5"
      node-fetch "^2.6.7"
      progress "^2.0.3"
      proxy-from-env "^1.1.0"
      which "^2.0.2"
  
  "@sentry/core@7.65.0":
    version "7.65.0"
    resolved "https://registry.yarnpkg.com/@sentry/core/-/core-7.65.0.tgz#01c1320b4e7c62ccf757258c1622d07cc743468a"
    integrity sha512-EwZABW8CtAbRGXV69FqeCqcNApA+Jbq308dko0W+MFdFe+9t2RGubUkpPxpJcbWy/dN2j4LiuENu1T7nWn0ZAQ==
    dependencies:
      "@sentry/types" "7.65.0"
      "@sentry/utils" "7.65.0"
      tslib "^2.4.1 || ^1.9.3"
  
  "@sentry/integrations@7.65.0":
    version "7.65.0"
    resolved "https://registry.yarnpkg.com/@sentry/integrations/-/integrations-7.65.0.tgz#aeae18b9faa7db3a1d52e74085eebe7e825aab72"
    integrity sha512-9b54p0UrkWe9+RAWWTObJQ2k/uStqaUj7BkNFyuaxfKQ4IZViqc4Sa7d7zX2X1oynGNL3ic7iqcgVTh7NvNsAQ==
    dependencies:
      "@sentry/types" "7.65.0"
      "@sentry/utils" "7.65.0"
      localforage "^1.8.1"
      tslib "^2.4.1 || ^1.9.3"
  
  "@sentry/nextjs@^7.65.0":
    version "7.65.0"
    resolved "https://registry.yarnpkg.com/@sentry/nextjs/-/nextjs-7.65.0.tgz#363690c35ece1c51480a8d5b5c91b34d9baac2c2"
    integrity sha512-/Pyuf+UKyIA3GXnqRiLv6qZIT0lsN0BHAB67Is/GaQlYA+0zsqSYX24HGqAJ6U3bz+6d9W0dX5AmyVwobH9Vdg==
    dependencies:
      "@rollup/plugin-commonjs" "24.0.0"
      "@sentry/core" "7.65.0"
      "@sentry/integrations" "7.65.0"
      "@sentry/node" "7.65.0"
      "@sentry/react" "7.65.0"
      "@sentry/types" "7.65.0"
      "@sentry/utils" "7.65.0"
      "@sentry/webpack-plugin" "1.20.0"
      chalk "3.0.0"
      rollup "2.78.0"
      stacktrace-parser "^0.1.10"
      tslib "^2.4.1 || ^1.9.3"
  
  "@sentry/node@7.65.0":
    version "7.65.0"
    resolved "https://registry.yarnpkg.com/@sentry/node/-/node-7.65.0.tgz#2396c56cff151cc536deb250b252e32a4e408c57"
    integrity sha512-zRCHOO7vIQukgFdEib3X7nP7HA9Uyc/o4QMtBnAREaYKzERGRnArvaB3Na0bXsuLVCOELoCAlrzFH3apmgxBQw==
    dependencies:
      "@sentry-internal/tracing" "7.65.0"
      "@sentry/core" "7.65.0"
      "@sentry/types" "7.65.0"
      "@sentry/utils" "7.65.0"
      cookie "^0.4.1"
      https-proxy-agent "^5.0.0"
      lru_map "^0.3.3"
      tslib "^2.4.1 || ^1.9.3"
  
  "@sentry/react@7.65.0":
    version "7.65.0"
    resolved "https://registry.yarnpkg.com/@sentry/react/-/react-7.65.0.tgz#98c044bc2d7a99da7dfdef2686c3214d8f2f4ee0"
    integrity sha512-1ABxHwEHw5J4avUr8TBch3l7UszbNIroWergwiLPSy+EJU8WuB3Fdx0zSU+hS4Sujf8HNcRgu1JyWThZFTnIMA==
    dependencies:
      "@sentry/browser" "7.65.0"
      "@sentry/types" "7.65.0"
      "@sentry/utils" "7.65.0"
      hoist-non-react-statics "^3.3.2"
      tslib "^2.4.1 || ^1.9.3"
  
  "@sentry/replay@7.65.0":
    version "7.65.0"
    resolved "https://registry.yarnpkg.com/@sentry/replay/-/replay-7.65.0.tgz#e73a8a577c8b492c3f18ab769db15993b96e77fe"
    integrity sha512-vhlk5F9RrhMQ+gOjNlLoWXamAPLNIT6wNII1O9ae+DRhZFmiUYirP5ag6dH5lljvNZndKl+xw+lJGJ3YdjXKlQ==
    dependencies:
      "@sentry/core" "7.65.0"
      "@sentry/types" "7.65.0"
      "@sentry/utils" "7.65.0"
  
  "@sentry/types@7.65.0":
    version "7.65.0"
    resolved "https://registry.yarnpkg.com/@sentry/types/-/types-7.65.0.tgz#f0f4e6583c631408d15ee5fb46901fd195fa1cc4"
    integrity sha512-YYq7IDLLhpSBTmHoyWFtq/5ZDaEJ01r7xGuhB0aSIq33cm2I7im/B3ipzoOP/ukGZSIhuYVW9t531xZEO0+6og==
  
  "@sentry/utils@7.65.0":
    version "7.65.0"
    resolved "https://registry.yarnpkg.com/@sentry/utils/-/utils-7.65.0.tgz#a7929c5b019fa33e819b08a99744fa27cd38c85f"
    integrity sha512-2JEBf4jzRSClhp+LJpX/E3QgHEeKvXqFMeNhmwQ07qqd6szhfH2ckYFj4gXk6YiGGY4Act3C6oxLfdZovG71bw==
    dependencies:
      "@sentry/types" "7.65.0"
      tslib "^2.4.1 || ^1.9.3"
  
  "@sentry/webpack-plugin@1.20.0":
    version "1.20.0"
    resolved "https://registry.yarnpkg.com/@sentry/webpack-plugin/-/webpack-plugin-1.20.0.tgz#e7add76122708fb6b4ee7951294b521019720e58"
    integrity sha512-Ssj1mJVFsfU6vMCOM2d+h+KQR7QHSfeIP16t4l20Uq/neqWXZUQ2yvQfe4S3BjdbJXz/X4Rw8Hfy1Sd0ocunYw==
    dependencies:
      "@sentry/cli" "^1.74.6"
      webpack-sources "^2.0.0 || ^3.0.0"
  
  "@solana/buffer-layout@^4.0.0":
    version "4.0.1"
    resolved "https://registry.npmmirror.com/@solana/buffer-layout/-/buffer-layout-4.0.1.tgz#b996235eaec15b1e0b5092a8ed6028df77fa6c15"
    integrity sha512-E1ImOIAD1tBZFRdjeM4/pzTiTApC0AOBGwyAMS4fwIodCWArzJ3DWdoh8cKxeFM2fElkxBh2Aqts1BPC373rHA==
    dependencies:
      buffer "~6.0.3"
  
  "@solana/web3.js@^1.70.1":
    version "1.77.3"
    resolved "https://registry.npmmirror.com/@solana/web3.js/-/web3.js-1.77.3.tgz#2cbeaa1dd24f8fa386ac924115be82354dfbebab"
    integrity sha512-PHaO0BdoiQRPpieC1p31wJsBaxwIOWLh8j2ocXNKX8boCQVldt26Jqm2tZE4KlrvnCIV78owPLv1pEUgqhxZ3w==
    dependencies:
      "@babel/runtime" "^7.12.5"
      "@noble/curves" "^1.0.0"
      "@noble/hashes" "^1.3.0"
      "@solana/buffer-layout" "^4.0.0"
      agentkeepalive "^4.2.1"
      bigint-buffer "^1.1.5"
      bn.js "^5.0.0"
      borsh "^0.7.0"
      bs58 "^4.0.1"
      buffer "6.0.3"
      fast-stable-stringify "^1.0.0"
      jayson "^4.1.0"
      node-fetch "^2.6.7"
      rpc-websockets "^7.5.1"
      superstruct "^0.14.2"
  
  "@spruceid/siwe-parser@*":
    version "2.0.2"
    resolved "https://registry.yarnpkg.com/@spruceid/siwe-parser/-/siwe-parser-2.0.2.tgz#964dbe9e5611fe95d39e21aa96e67407f610374f"
    integrity sha512-9WuA0ios2537cWYu39MMeH0O2KdrMKgKlOBUTWRTXQjCYu5B+mHCA0JkCbFaJ/0EjxoVIcYCXIW/DoPEpw+PqA==
    dependencies:
      "@noble/hashes" "^1.1.2"
      apg-js "^4.1.1"
      uri-js "^4.4.1"
      valid-url "^1.0.9"
  
  "@stablelib/aead@^1.0.1":
    version "1.0.1"
    resolved "https://registry.npmmirror.com/@stablelib/aead/-/aead-1.0.1.tgz#c4b1106df9c23d1b867eb9b276d8f42d5fc4c0c3"
    integrity sha512-q39ik6sxGHewqtO0nP4BuSe3db5G1fEJE8ukvngS2gLkBXyy6E7pLubhbYgnkDFv6V8cWaxcE4Xn0t6LWcJkyg==
  
  "@stablelib/binary@^1.0.1":
    version "1.0.1"
    resolved "https://registry.npmmirror.com/@stablelib/binary/-/binary-1.0.1.tgz#c5900b94368baf00f811da5bdb1610963dfddf7f"
    integrity sha512-ClJWvmL6UBM/wjkvv/7m5VP3GMr9t0osr4yVgLZsLCOz4hGN9gIAFEqnJ0TsSMAN+n840nf2cHZnA5/KFqHC7Q==
    dependencies:
      "@stablelib/int" "^1.0.1"
  
  "@stablelib/bytes@^1.0.1":
    version "1.0.1"
    resolved "https://registry.npmmirror.com/@stablelib/bytes/-/bytes-1.0.1.tgz#0f4aa7b03df3080b878c7dea927d01f42d6a20d8"
    integrity sha512-Kre4Y4kdwuqL8BR2E9hV/R5sOrUj6NanZaZis0V6lX5yzqC3hBuVSDXUIBqQv/sCpmuWRiHLwqiT1pqqjuBXoQ==
  
  "@stablelib/chacha20poly1305@1.0.1":
    version "1.0.1"
    resolved "https://registry.npmmirror.com/@stablelib/chacha20poly1305/-/chacha20poly1305-1.0.1.tgz#de6b18e283a9cb9b7530d8767f99cde1fec4c2ee"
    integrity sha512-MmViqnqHd1ymwjOQfghRKw2R/jMIGT3wySN7cthjXCBdO+qErNPUBnRzqNpnvIwg7JBCg3LdeCZZO4de/yEhVA==
    dependencies:
      "@stablelib/aead" "^1.0.1"
      "@stablelib/binary" "^1.0.1"
      "@stablelib/chacha" "^1.0.1"
      "@stablelib/constant-time" "^1.0.1"
      "@stablelib/poly1305" "^1.0.1"
      "@stablelib/wipe" "^1.0.1"
  
  "@stablelib/chacha@^1.0.1":
    version "1.0.1"
    resolved "https://registry.npmmirror.com/@stablelib/chacha/-/chacha-1.0.1.tgz#deccfac95083e30600c3f92803a3a1a4fa761371"
    integrity sha512-Pmlrswzr0pBzDofdFuVe1q7KdsHKhhU24e8gkEwnTGOmlC7PADzLVxGdn2PoNVBBabdg0l/IfLKg6sHAbTQugg==
    dependencies:
      "@stablelib/binary" "^1.0.1"
      "@stablelib/wipe" "^1.0.1"
  
  "@stablelib/constant-time@^1.0.1":
    version "1.0.1"
    resolved "https://registry.npmmirror.com/@stablelib/constant-time/-/constant-time-1.0.1.tgz#bde361465e1cf7b9753061b77e376b0ca4c77e35"
    integrity sha512-tNOs3uD0vSJcK6z1fvef4Y+buN7DXhzHDPqRLSXUel1UfqMB1PWNsnnAezrKfEwTLpN0cGH2p9NNjs6IqeD0eg==
  
  "@stablelib/ed25519@^1.0.2":
    version "1.0.3"
    resolved "https://registry.npmmirror.com/@stablelib/ed25519/-/ed25519-1.0.3.tgz#f8fdeb6f77114897c887bb6a3138d659d3f35996"
    integrity sha512-puIMWaX9QlRsbhxfDc5i+mNPMY+0TmQEskunY1rZEBPi1acBCVQAhnsk/1Hk50DGPtVsZtAWQg4NHGlVaO9Hqg==
    dependencies:
      "@stablelib/random" "^1.0.2"
      "@stablelib/sha512" "^1.0.1"
      "@stablelib/wipe" "^1.0.1"
  
  "@stablelib/hash@^1.0.1":
    version "1.0.1"
    resolved "https://registry.npmmirror.com/@stablelib/hash/-/hash-1.0.1.tgz#3c944403ff2239fad8ebb9015e33e98444058bc5"
    integrity sha512-eTPJc/stDkdtOcrNMZ6mcMK1e6yBbqRBaNW55XA1jU8w/7QdnCF0CmMmOD1m7VSkBR44PWrMHU2l6r8YEQHMgg==
  
  "@stablelib/hkdf@1.0.1":
    version "1.0.1"
    resolved "https://registry.npmmirror.com/@stablelib/hkdf/-/hkdf-1.0.1.tgz#b4efd47fd56fb43c6a13e8775a54b354f028d98d"
    integrity sha512-SBEHYE16ZXlHuaW5RcGk533YlBj4grMeg5TooN80W3NpcHRtLZLLXvKyX0qcRFxf+BGDobJLnwkvgEwHIDBR6g==
    dependencies:
      "@stablelib/hash" "^1.0.1"
      "@stablelib/hmac" "^1.0.1"
      "@stablelib/wipe" "^1.0.1"
  
  "@stablelib/hmac@^1.0.1":
    version "1.0.1"
    resolved "https://registry.npmmirror.com/@stablelib/hmac/-/hmac-1.0.1.tgz#3d4c1b8cf194cb05d28155f0eed8a299620a07ec"
    integrity sha512-V2APD9NSnhVpV/QMYgCVMIYKiYG6LSqw1S65wxVoirhU/51ACio6D4yDVSwMzuTJXWZoVHbDdINioBwKy5kVmA==
    dependencies:
      "@stablelib/constant-time" "^1.0.1"
      "@stablelib/hash" "^1.0.1"
      "@stablelib/wipe" "^1.0.1"
  
  "@stablelib/int@^1.0.1":
    version "1.0.1"
    resolved "https://registry.npmmirror.com/@stablelib/int/-/int-1.0.1.tgz#75928cc25d59d73d75ae361f02128588c15fd008"
    integrity sha512-byr69X/sDtDiIjIV6m4roLVWnNNlRGzsvxw+agj8CIEazqWGOQp2dTYgQhtyVXV9wpO6WyXRQUzLV/JRNumT2w==
  
  "@stablelib/keyagreement@^1.0.1":
    version "1.0.1"
    resolved "https://registry.npmmirror.com/@stablelib/keyagreement/-/keyagreement-1.0.1.tgz#4612efb0a30989deb437cd352cee637ca41fc50f"
    integrity sha512-VKL6xBwgJnI6l1jKrBAfn265cspaWBPAPEc62VBQrWHLqVgNRE09gQ/AnOEyKUWrrqfD+xSQ3u42gJjLDdMDQg==
    dependencies:
      "@stablelib/bytes" "^1.0.1"
  
  "@stablelib/poly1305@^1.0.1":
    version "1.0.1"
    resolved "https://registry.npmmirror.com/@stablelib/poly1305/-/poly1305-1.0.1.tgz#93bfb836c9384685d33d70080718deae4ddef1dc"
    integrity sha512-1HlG3oTSuQDOhSnLwJRKeTRSAdFNVB/1djy2ZbS35rBSJ/PFqx9cf9qatinWghC2UbfOYD8AcrtbUQl8WoxabA==
    dependencies:
      "@stablelib/constant-time" "^1.0.1"
      "@stablelib/wipe" "^1.0.1"
  
  "@stablelib/random@^1.0.1", "@stablelib/random@^1.0.2":
    version "1.0.2"
    resolved "https://registry.npmmirror.com/@stablelib/random/-/random-1.0.2.tgz#2dece393636489bf7e19c51229dd7900eddf742c"
    integrity sha512-rIsE83Xpb7clHPVRlBj8qNe5L8ISQOzjghYQm/dZ7VaM2KHYwMW5adjQjrzTZCchFnNCNhkwtnOBa9HTMJCI8w==
    dependencies:
      "@stablelib/binary" "^1.0.1"
      "@stablelib/wipe" "^1.0.1"
  
  "@stablelib/sha256@1.0.1":
    version "1.0.1"
    resolved "https://registry.npmmirror.com/@stablelib/sha256/-/sha256-1.0.1.tgz#77b6675b67f9b0ea081d2e31bda4866297a3ae4f"
    integrity sha512-GIIH3e6KH+91FqGV42Kcj71Uefd/QEe7Dy42sBTeqppXV95ggCcxLTk39bEr+lZfJmp+ghsR07J++ORkRELsBQ==
    dependencies:
      "@stablelib/binary" "^1.0.1"
      "@stablelib/hash" "^1.0.1"
      "@stablelib/wipe" "^1.0.1"
  
  "@stablelib/sha512@^1.0.1":
    version "1.0.1"
    resolved "https://registry.npmmirror.com/@stablelib/sha512/-/sha512-1.0.1.tgz#6da700c901c2c0ceacbd3ae122a38ac57c72145f"
    integrity sha512-13gl/iawHV9zvDKciLo1fQ8Bgn2Pvf7OV6amaRVKiq3pjQ3UmEpXxWiAfV8tYjUpeZroBxtyrwtdooQT/i3hzw==
    dependencies:
      "@stablelib/binary" "^1.0.1"
      "@stablelib/hash" "^1.0.1"
      "@stablelib/wipe" "^1.0.1"
  
  "@stablelib/wipe@^1.0.1":
    version "1.0.1"
    resolved "https://registry.npmmirror.com/@stablelib/wipe/-/wipe-1.0.1.tgz#d21401f1d59ade56a62e139462a97f104ed19a36"
    integrity sha512-WfqfX/eXGiAd3RJe4VU2snh/ZPwtSjLG4ynQ/vYzvghTh7dHFcI1wl+nrkWG6lGhukOxOsUHfv8dUXr58D0ayg==
  
  "@stablelib/x25519@^1.0.3":
    version "1.0.3"
    resolved "https://registry.npmmirror.com/@stablelib/x25519/-/x25519-1.0.3.tgz#13c8174f774ea9f3e5e42213cbf9fc68a3c7b7fd"
    integrity sha512-KnTbKmUhPhHavzobclVJQG5kuivH+qDLpe84iRqX3CLrKp881cF160JvXJ+hjn1aMyCwYOKeIZefIH/P5cJoRw==
    dependencies:
      "@stablelib/keyagreement" "^1.0.1"
      "@stablelib/random" "^1.0.2"
      "@stablelib/wipe" "^1.0.1"
  
  "@svgr/babel-plugin-add-jsx-attribute@8.0.0":
    version "8.0.0"
    resolved "https://registry.yarnpkg.com/@svgr/babel-plugin-add-jsx-attribute/-/babel-plugin-add-jsx-attribute-8.0.0.tgz#4001f5d5dd87fa13303e36ee106e3ff3a7eb8b22"
    integrity sha512-b9MIk7yhdS1pMCZM8VeNfUlSKVRhsHZNMl5O9SfaX0l0t5wjdgu4IDzGB8bpnGBBOjGST3rRFVsaaEtI4W6f7g==
  
  "@svgr/babel-plugin-remove-jsx-attribute@8.0.0":
    version "8.0.0"
    resolved "https://registry.yarnpkg.com/@svgr/babel-plugin-remove-jsx-attribute/-/babel-plugin-remove-jsx-attribute-8.0.0.tgz#69177f7937233caca3a1afb051906698f2f59186"
    integrity sha512-BcCkm/STipKvbCl6b7QFrMh/vx00vIP63k2eM66MfHJzPr6O2U0jYEViXkHJWqXqQYjdeA9cuCl5KWmlwjDvbA==
  
  "@svgr/babel-plugin-remove-jsx-empty-expression@8.0.0":
    version "8.0.0"
    resolved "https://registry.yarnpkg.com/@svgr/babel-plugin-remove-jsx-empty-expression/-/babel-plugin-remove-jsx-empty-expression-8.0.0.tgz#c2c48104cfd7dcd557f373b70a56e9e3bdae1d44"
    integrity sha512-5BcGCBfBxB5+XSDSWnhTThfI9jcO5f0Ai2V24gZpG+wXF14BzwxxdDb4g6trdOux0rhibGs385BeFMSmxtS3uA==
  
  "@svgr/babel-plugin-replace-jsx-attribute-value@8.0.0":
    version "8.0.0"
    resolved "https://registry.yarnpkg.com/@svgr/babel-plugin-replace-jsx-attribute-value/-/babel-plugin-replace-jsx-attribute-value-8.0.0.tgz#8fbb6b2e91fa26ac5d4aa25c6b6e4f20f9c0ae27"
    integrity sha512-KVQ+PtIjb1BuYT3ht8M5KbzWBhdAjjUPdlMtpuw/VjT8coTrItWX6Qafl9+ji831JaJcu6PJNKCV0bp01lBNzQ==
  
  "@svgr/babel-plugin-svg-dynamic-title@8.0.0":
    version "8.0.0"
    resolved "https://registry.yarnpkg.com/@svgr/babel-plugin-svg-dynamic-title/-/babel-plugin-svg-dynamic-title-8.0.0.tgz#1d5ba1d281363fc0f2f29a60d6d936f9bbc657b0"
    integrity sha512-omNiKqwjNmOQJ2v6ge4SErBbkooV2aAWwaPFs2vUY7p7GhVkzRkJ00kILXQvRhA6miHnNpXv7MRnnSjdRjK8og==
  
  "@svgr/babel-plugin-svg-em-dimensions@8.0.0":
    version "8.0.0"
    resolved "https://registry.yarnpkg.com/@svgr/babel-plugin-svg-em-dimensions/-/babel-plugin-svg-em-dimensions-8.0.0.tgz#35e08df300ea8b1d41cb8f62309c241b0369e501"
    integrity sha512-mURHYnu6Iw3UBTbhGwE/vsngtCIbHE43xCRK7kCw4t01xyGqb2Pd+WXekRRoFOBIY29ZoOhUCTEweDMdrjfi9g==
  
  "@svgr/babel-plugin-transform-react-native-svg@8.1.0":
    version "8.1.0"
    resolved "https://registry.yarnpkg.com/@svgr/babel-plugin-transform-react-native-svg/-/babel-plugin-transform-react-native-svg-8.1.0.tgz#90a8b63998b688b284f255c6a5248abd5b28d754"
    integrity sha512-Tx8T58CHo+7nwJ+EhUwx3LfdNSG9R2OKfaIXXs5soiy5HtgoAEkDay9LIimLOcG8dJQH1wPZp/cnAv6S9CrR1Q==
  
  "@svgr/babel-plugin-transform-svg-component@8.0.0":
    version "8.0.0"
    resolved "https://registry.yarnpkg.com/@svgr/babel-plugin-transform-svg-component/-/babel-plugin-transform-svg-component-8.0.0.tgz#013b4bfca88779711f0ed2739f3f7efcefcf4f7e"
    integrity sha512-DFx8xa3cZXTdb/k3kfPeaixecQLgKh5NVBMwD0AQxOzcZawK4oo1Jh9LbrcACUivsCA7TLG8eeWgrDXjTMhRmw==
  
  "@svgr/babel-preset@8.1.0":
    version "8.1.0"
    resolved "https://registry.yarnpkg.com/@svgr/babel-preset/-/babel-preset-8.1.0.tgz#0e87119aecdf1c424840b9d4565b7137cabf9ece"
    integrity sha512-7EYDbHE7MxHpv4sxvnVPngw5fuR6pw79SkcrILHJ/iMpuKySNCl5W1qcwPEpU+LgyRXOaAFgH0KhwD18wwg6ug==
    dependencies:
      "@svgr/babel-plugin-add-jsx-attribute" "8.0.0"
      "@svgr/babel-plugin-remove-jsx-attribute" "8.0.0"
      "@svgr/babel-plugin-remove-jsx-empty-expression" "8.0.0"
      "@svgr/babel-plugin-replace-jsx-attribute-value" "8.0.0"
      "@svgr/babel-plugin-svg-dynamic-title" "8.0.0"
      "@svgr/babel-plugin-svg-em-dimensions" "8.0.0"
      "@svgr/babel-plugin-transform-react-native-svg" "8.1.0"
      "@svgr/babel-plugin-transform-svg-component" "8.0.0"
  
  "@svgr/core@8.1.0":
    version "8.1.0"
    resolved "https://registry.yarnpkg.com/@svgr/core/-/core-8.1.0.tgz#41146f9b40b1a10beaf5cc4f361a16a3c1885e88"
    integrity sha512-8QqtOQT5ACVlmsvKOJNEaWmRPmcojMOzCz4Hs2BGG/toAp/K38LcsMRyLp349glq5AzJbCEeimEoxaX6v/fLrA==
    dependencies:
      "@babel/core" "^7.21.3"
      "@svgr/babel-preset" "8.1.0"
      camelcase "^6.2.0"
      cosmiconfig "^8.1.3"
      snake-case "^3.0.4"
  
  "@svgr/hast-util-to-babel-ast@8.0.0":
    version "8.0.0"
    resolved "https://registry.yarnpkg.com/@svgr/hast-util-to-babel-ast/-/hast-util-to-babel-ast-8.0.0.tgz#6952fd9ce0f470e1aded293b792a2705faf4ffd4"
    integrity sha512-EbDKwO9GpfWP4jN9sGdYwPBU0kdomaPIL2Eu4YwmgP+sJeXT+L7bMwJUBnhzfH8Q2qMBqZ4fJwpCyYsAN3mt2Q==
    dependencies:
      "@babel/types" "^7.21.3"
      entities "^4.4.0"
  
  "@svgr/plugin-jsx@8.1.0":
    version "8.1.0"
    resolved "https://registry.yarnpkg.com/@svgr/plugin-jsx/-/plugin-jsx-8.1.0.tgz#96969f04a24b58b174ee4cd974c60475acbd6928"
    integrity sha512-0xiIyBsLlr8quN+WyuxooNW9RJ0Dpr8uOnH/xrCVO8GLUcwHISwj1AG0k+LFzteTkAA0GbX0kj9q6Dk70PTiPA==
    dependencies:
      "@babel/core" "^7.21.3"
      "@svgr/babel-preset" "8.1.0"
      "@svgr/hast-util-to-babel-ast" "8.0.0"
      svg-parser "^2.0.4"
  
  "@svgr/plugin-svgo@8.1.0":
    version "8.1.0"
    resolved "https://registry.yarnpkg.com/@svgr/plugin-svgo/-/plugin-svgo-8.1.0.tgz#b115b7b967b564f89ac58feae89b88c3decd0f00"
    integrity sha512-Ywtl837OGO9pTLIN/onoWLmDQ4zFUycI1g76vuKGEz6evR/ZTJlJuz3G/fIkb6OVBJ2g0o6CGJzaEjfmEo3AHA==
    dependencies:
      cosmiconfig "^8.1.3"
      deepmerge "^4.3.1"
      svgo "^3.0.2"
  
  "@svgr/webpack@^8.1.0":
    version "8.1.0"
    resolved "https://registry.yarnpkg.com/@svgr/webpack/-/webpack-8.1.0.tgz#16f1b5346f102f89fda6ec7338b96a701d8be0c2"
    integrity sha512-LnhVjMWyMQV9ZmeEy26maJk+8HTIbd59cH4F2MJ439k9DqejRisfFNGAPvRYlKETuh9LrImlS8aKsBgKjMA8WA==
    dependencies:
      "@babel/core" "^7.21.3"
      "@babel/plugin-transform-react-constant-elements" "^7.21.3"
      "@babel/preset-env" "^7.20.2"
      "@babel/preset-react" "^7.18.6"
      "@babel/preset-typescript" "^7.21.0"
      "@svgr/core" "8.1.0"
      "@svgr/plugin-jsx" "8.1.0"
      "@svgr/plugin-svgo" "8.1.0"
  
  "@swc/helpers@0.5.1":
    version "0.5.1"
    resolved "https://registry.yarnpkg.com/@swc/helpers/-/helpers-0.5.1.tgz#e9031491aa3f26bfcc974a67f48bd456c8a5357a"
    integrity sha512-sJ902EfIzn1Fa+qYmjdQqh8tPsoxyBz+8yBKC2HKUxyezKJFwPGOn7pv4WY6QuQW//ySQi5lJjA/ZT9sNWWNTg==
    dependencies:
      tslib "^2.4.0"
  
  "@tanstack/query-core@4.29.19":
    version "4.29.19"
    resolved "https://registry.npmmirror.com/@tanstack/query-core/-/query-core-4.29.19.tgz#49ccbd0606633d1e55baf3b91ab7cc7aef411b1d"
    integrity sha512-uPe1DukeIpIHpQi6UzIgBcXsjjsDaLnc7hF+zLBKnaUlh7jFE/A+P8t4cU4VzKPMFB/C970n/9SxtpO5hmIRgw==
  
  "@tanstack/query-persist-client-core@4.29.19":
    version "4.29.19"
    resolved "https://registry.npmmirror.com/@tanstack/query-persist-client-core/-/query-persist-client-core-4.29.19.tgz#c0cd03eca74d33e5aa40c95cadd5585620ff2320"
    integrity sha512-rr6p3xwEZCz3cEDZsj3QGePf6PG44WxRUGQVcm2JFPZOq9TkG/0i5+hQ3STiHm1Fj6qwCH8xIi62L8kG0zRj/Q==
    dependencies:
      "@tanstack/query-core" "4.29.19"
  
  "@tanstack/query-sync-storage-persister@^4.27.1":
    version "4.29.19"
    resolved "https://registry.npmmirror.com/@tanstack/query-sync-storage-persister/-/query-sync-storage-persister-4.29.19.tgz#292d33cdc9b38b11127f2f07b1935a73039cbba4"
    integrity sha512-B3wDl3D3YBFTlY2yeXecEh4NEG/8Hr8pqsxnWJijRwBqvOKlqD4bUgk5kl5nbn1mShD2vnQ+yvH900/11X29Zw==
    dependencies:
      "@tanstack/query-persist-client-core" "4.29.19"
  
  "@tanstack/react-query-persist-client@^4.28.0":
    version "4.29.19"
    resolved "https://registry.npmmirror.com/@tanstack/react-query-persist-client/-/react-query-persist-client-4.29.19.tgz#27b24ec5c8983894d6f23450e2f922d07f47706f"
    integrity sha512-LfcasTosdnI9K66HTP0Rk72Ypza3tCgrcF9bc2qFlKsBleYOYo8bz7/GiiOHj1SQH4GRQlKB+P4+/it+qlJg4g==
    dependencies:
      "@tanstack/query-persist-client-core" "4.29.19"
  
  "@tanstack/react-query@^4.28.0":
    version "4.29.19"
    resolved "https://registry.npmmirror.com/@tanstack/react-query/-/react-query-4.29.19.tgz#6ba187f2d0ea36ae83ff1f67068f53c88ce7b228"
    integrity sha512-XiTIOHHQ5Cw1WUlHaD4fmVUMhoWjuNJlAeJGq7eM4BraI5z7y8WkZO+NR8PSuRnQGblpuVdjClQbDFtwxTtTUw==
    dependencies:
      "@tanstack/query-core" "4.29.19"
      use-sync-external-store "^1.2.0"
  
  "@trysound/sax@0.2.0":
    version "0.2.0"
    resolved "https://registry.yarnpkg.com/@trysound/sax/-/sax-0.2.0.tgz#cccaab758af56761eb7bf37af6f03f326dd798ad"
    integrity sha512-L7z9BgrNEcYyUYtF+HaEfiS5ebkh9jXqbszz7pC0hRBPaatV0XjSD3+eHrpqFemQfgwiFF0QPIarnIihIDn7OA==
  
  "@tsconfig/node10@^1.0.7":
    version "1.0.9"
    resolved "https://registry.yarnpkg.com/@tsconfig/node10/-/node10-1.0.9.tgz#df4907fc07a886922637b15e02d4cebc4c0021b2"
    integrity sha512-jNsYVVxU8v5g43Erja32laIDHXeoNvFEpX33OK4d6hljo3jDhCBDhx5dhCCTMWUojscpAagGiRkBKxpdl9fxqA==
  
  "@tsconfig/node12@^1.0.7":
    version "1.0.11"
    resolved "https://registry.yarnpkg.com/@tsconfig/node12/-/node12-1.0.11.tgz#ee3def1f27d9ed66dac6e46a295cffb0152e058d"
    integrity sha512-cqefuRsh12pWyGsIoBKJA9luFu3mRxCA+ORZvA4ktLSzIuCUtWVxGIuXigEwO5/ywWFMZ2QEGKWvkZG1zDMTag==
  
  "@tsconfig/node14@^1.0.0":
    version "1.0.3"
    resolved "https://registry.yarnpkg.com/@tsconfig/node14/-/node14-1.0.3.tgz#e4386316284f00b98435bf40f72f75a09dabf6c1"
    integrity sha512-ysT8mhdixWK6Hw3i1V2AeRqZ5WfXg1G43mqoYlM2nc6388Fq5jcXyr5mRsqViLx/GJYdoL0bfXD8nmF+Zn/Iow==
  
  "@tsconfig/node16@^1.0.2":
    version "1.0.3"
    resolved "https://registry.yarnpkg.com/@tsconfig/node16/-/node16-1.0.3.tgz#472eaab5f15c1ffdd7f8628bd4c4f753995ec79e"
    integrity sha512-yOlFc+7UtL/89t2ZhjPvvB/DeAr3r+Dq58IgzsFkOAvVC6NMJXmCGjbptdXdR9qsX7pKcTL+s87FtYREi2dEEQ==
  
  "@types/bn.js@^5.1.0":
    version "5.1.1"
    resolved "https://registry.npmmirror.com/@types/bn.js/-/bn.js-5.1.1.tgz#b51e1b55920a4ca26e9285ff79936bbdec910682"
    integrity sha512-qNrYbZqMx0uJAfKnKclPh+dTwK33KfLHYqtyODwd5HnXOjnkhc4qgn3BrK6RWyGZm5+sIFE7Q7Vz6QQtJB7w7g==
    dependencies:
      "@types/node" "*"
  
  "@types/connect@^3.4.33":
    version "3.4.35"
    resolved "https://registry.npmmirror.com/@types/connect/-/connect-3.4.35.tgz#5fcf6ae445e4021d1fc2219a4873cc73a3bb2ad1"
    integrity sha512-cdeYyv4KWoEgpBISTxWvqYsVy444DOqehiF3fM3ne10AmJ62RSyNkUnxMJXHQWRQQX2eR94m5y1IZyDwBjV9FQ==
    dependencies:
      "@types/node" "*"
  
  "@types/debug@^4.1.7":
    version "4.1.8"
    resolved "https://registry.npmmirror.com/@types/debug/-/debug-4.1.8.tgz#cef723a5d0a90990313faec2d1e22aee5eecb317"
    integrity sha512-/vPO1EPOs306Cvhwv7KfVfYvOJqA/S/AXjaHQiJboCZzcNDb+TIJFN9/2C9DZ//ijSKWioNyUxD792QmDJ+HKQ==
    dependencies:
      "@types/ms" "*"
  
  "@types/estree@*", "@types/estree@^1.0.0":
    version "1.0.1"
    resolved "https://registry.yarnpkg.com/@types/estree/-/estree-1.0.1.tgz#aa22750962f3bf0e79d753d3cc067f010c95f194"
    integrity sha512-LG4opVs2ANWZ1TJoKc937iMmNstM/d0ae1vNbnBvBhqCSezgVUOzcLCqbI5elV8Vy6WKwKjaqR+zO9VKirBBCA==
  
  "@types/json5@^0.0.29":
    version "0.0.29"
    resolved "https://registry.yarnpkg.com/@types/json5/-/json5-0.0.29.tgz#ee28707ae94e11d2b827bcbe5270bcea7f3e71ee"
    integrity sha512-dRLjCWHYg4oaA77cxO64oO+7JwCwnIzkZPdrrC71jQmQtlhM556pwKo5bUzqvZndkVbeFLIIi+9TC40JNF5hNQ==
  
  "@types/lodash-es@^4.17.8":
    version "4.17.8"
    resolved "https://registry.yarnpkg.com/@types/lodash-es/-/lodash-es-4.17.8.tgz#cfffd0969507830c22da18dbb20d2ca126fdaa8b"
    integrity sha512-euY3XQcZmIzSy7YH5+Unb3b2X12Wtk54YWINBvvGQ5SmMvwb11JQskGsfkH/5HXK77Kr8GF0wkVDIxzAisWtog==
    dependencies:
      "@types/lodash" "*"
  
  "@types/lodash.merge@^4.6.7":
    version "4.6.7"
    resolved "https://registry.yarnpkg.com/@types/lodash.merge/-/lodash.merge-4.6.7.tgz#0af6555dd8bc6568ef73e5e0d820a027362946b1"
    integrity sha512-OwxUJ9E50gw3LnAefSHJPHaBLGEKmQBQ7CZe/xflHkyy/wH2zVyEIAKReHvVrrn7zKdF58p16We9kMfh7v0RRQ==
    dependencies:
      "@types/lodash" "*"
  
  "@types/lodash@*":
    version "4.14.195"
    resolved "https://registry.yarnpkg.com/@types/lodash/-/lodash-4.14.195.tgz#bafc975b252eb6cea78882ce8a7b6bf22a6de632"
    integrity sha512-Hwx9EUgdwf2GLarOjQp5ZH8ZmblzcbTBC2wtQWNKARBSxM9ezRIAUpeDTgoQRAFB0+8CNWXVA9+MaSOzOF3nPg==
  
  "@types/ms@*":
    version "0.7.31"
    resolved "https://registry.npmmirror.com/@types/ms/-/ms-0.7.31.tgz#31b7ca6407128a3d2bbc27fe2d21b345397f6197"
    integrity sha512-iiUgKzV9AuaEkZqkOLDIvlQiL6ltuZd9tGcW3gwpnX8JbuiuhFlEGmmFXEXkN50Cvq7Os88IY2v0dkDqXYWVgA==
  
  "@types/node@*":
    version "20.3.2"
    resolved "https://registry.yarnpkg.com/@types/node/-/node-20.3.2.tgz#fa6a90f2600e052a03c18b8cb3fd83dd4e599898"
    integrity sha512-vOBLVQeCQfIcF/2Y7eKFTqrMnizK5lRNQ7ykML/5RuwVXVWxYkgwS7xbt4B6fKCUPgbSL5FSsjHQpaGQP/dQmw==
  
  "@types/node@20.5.7":
    version "20.5.7"
    resolved "https://registry.yarnpkg.com/@types/node/-/node-20.5.7.tgz#4b8ecac87fbefbc92f431d09c30e176fc0a7c377"
    integrity sha512-dP7f3LdZIysZnmvP3ANJYTSwg+wLLl8p7RqniVlV7j+oXSXAbt9h0WIBFmJy5inWZoX9wZN6eXx+YXd9Rh3RBA==
  
  "@types/node@^12.12.54":
    version "12.20.55"
    resolved "https://registry.npmmirror.com/@types/node/-/node-12.20.55.tgz#c329cbd434c42164f846b909bd6f85b5537f6240"
    integrity sha512-J8xLz7q2OFulZ2cyGTLE1TbbZcjpno7FaN6zdJNrgAdrJ+DZzh/uFR6YrTb4C+nXakvud8Q4+rbhoIWlYQbUFQ==
  
  "@types/parse-json@^4.0.0":
    version "4.0.0"
    resolved "https://registry.yarnpkg.com/@types/parse-json/-/parse-json-4.0.0.tgz#2f8bb441434d163b35fb8ffdccd7138927ffb8c0"
    integrity sha512-//oorEZjL6sbPcKUaCdIGlIUeH26mgzimjBB77G6XRgnDl/L5wOnpyBGRe/Mmf5CVW3PwEBE1NjiMZ/ssFh4wA==
  
  "@types/pbkdf2@^3.0.0":
    version "3.1.0"
    resolved "https://registry.npmmirror.com/@types/pbkdf2/-/pbkdf2-3.1.0.tgz#039a0e9b67da0cdc4ee5dab865caa6b267bb66b1"
    integrity sha512-Cf63Rv7jCQ0LaL8tNXmEyqTHuIJxRdlS5vMh1mj5voN4+QFhVZnlZruezqpWYDiJ8UTzhP0VmeLXCmBk66YrMQ==
    dependencies:
      "@types/node" "*"
  
  "@types/prop-types@*", "@types/prop-types@^15.7.5":
    version "15.7.5"
    resolved "https://registry.yarnpkg.com/@types/prop-types/-/prop-types-15.7.5.tgz#5f19d2b85a98e9558036f6a3cacc8819420f05cf"
    integrity sha512-JCB8C6SnDoQf0cNycqd/35A7MjcnK+ZTqE7judS6o7utxUCg6imJg3QK2qzHKszlTjcj2cn+NwMB2i96ubpj7w==
  
  "@types/qs@^6.9.7":
    version "6.9.7"
    resolved "https://registry.yarnpkg.com/@types/qs/-/qs-6.9.7.tgz#63bb7d067db107cc1e457c303bc25d511febf6cb"
    integrity sha512-FGa1F62FT09qcrueBA6qYTrJPVDzah9a+493+o2PCXsesWHIn27G98TsSMs3WPNbZIEj4+VJf6saSFpvD+3Zsw==
  
  "@types/react-dom@18.2.7":
    version "18.2.7"
    resolved "https://registry.yarnpkg.com/@types/react-dom/-/react-dom-18.2.7.tgz#67222a08c0a6ae0a0da33c3532348277c70abb63"
    integrity sha512-GRaAEriuT4zp9N4p1i8BDBYmEyfo+xQ3yHjJU4eiK5NDa1RmUZG+unZABUTK4/Ox/M+GaHwb6Ow8rUITrtjszA==
    dependencies:
      "@types/react" "*"
  
  "@types/react-infinite-scroller@^1.2.3":
    version "1.2.3"
    resolved "https://registry.yarnpkg.com/@types/react-infinite-scroller/-/react-infinite-scroller-1.2.3.tgz#b8dcb0e5762c3f79cc92e574d2c77402524cab71"
    integrity sha512-l60JckVoO+dxmKW2eEG7jbliEpITsTJvRPTe97GazjF5+ylagAuyYdXl8YY9DQsTP9QjhqGKZROknzgscGJy0A==
    dependencies:
      "@types/react" "*"
  
  "@types/react-is@^18.2.1":
    version "18.2.1"
    resolved "https://registry.yarnpkg.com/@types/react-is/-/react-is-18.2.1.tgz#61d01c2a6fc089a53520c0b66996d458fdc46863"
    integrity sha512-wyUkmaaSZEzFZivD8F2ftSyAfk6L+DfFliVj/mYdOXbVjRcS87fQJLTnhk6dRZPuJjI+9g6RZJO4PNCngUrmyw==
    dependencies:
      "@types/react" "*"
  
  "@types/react-transition-group@^4.4.6":
    version "4.4.6"
    resolved "https://registry.yarnpkg.com/@types/react-transition-group/-/react-transition-group-4.4.6.tgz#18187bcda5281f8e10dfc48f0943e2fdf4f75e2e"
    integrity sha512-VnCdSxfcm08KjsJVQcfBmhEQAPnLB8G08hAxn39azX1qYBQ/5RVQuoHuKIcfKOdncuaUvEpFKFzEvbtIMsfVew==
    dependencies:
      "@types/react" "*"
  
  "@types/react@*":
    version "18.0.38"
    resolved "https://registry.yarnpkg.com/@types/react/-/react-18.0.38.tgz#02a23bef8848b360a0d1dceef4432c15c21c600c"
    integrity sha512-ExsidLLSzYj4cvaQjGnQCk4HFfVT9+EZ9XZsQ8Hsrcn8QNgXtpZ3m9vSIC2MWtx7jHictK6wYhQgGh6ic58oOw==
    dependencies:
      "@types/prop-types" "*"
      "@types/scheduler" "*"
      csstype "^3.0.2"
  
  "@types/react@18.2.21":
    version "18.2.21"
    resolved "https://registry.yarnpkg.com/@types/react/-/react-18.2.21.tgz#774c37fd01b522d0b91aed04811b58e4e0514ed9"
    integrity sha512-neFKG/sBAwGxHgXiIxnbm3/AAVQ/cMRS93hvBpg8xYRbeQSPVABp9U2bRnPf0iI4+Ucdv3plSxKK+3CW2ENJxA==
    dependencies:
      "@types/prop-types" "*"
      "@types/scheduler" "*"
      csstype "^3.0.2"
  
  "@types/scheduler@*":
    version "0.16.3"
    resolved "https://registry.yarnpkg.com/@types/scheduler/-/scheduler-0.16.3.tgz#cef09e3ec9af1d63d2a6cc5b383a737e24e6dcf5"
    integrity sha512-5cJ8CB4yAx7BH1oMvdU0Jh9lrEXyPkar6F9G/ERswkCuvP4KQZfZkSjcMbAICCpQTN4OuZn8tz0HiKv9TGZgrQ==
  
  "@types/secp256k1@^4.0.1":
    version "4.0.3"
    resolved "https://registry.npmmirror.com/@types/secp256k1/-/secp256k1-4.0.3.tgz#1b8e55d8e00f08ee7220b4d59a6abe89c37a901c"
    integrity sha512-Da66lEIFeIz9ltsdMZcpQvmrmmoqrfju8pm1BH8WbYjZSwUgCwXLb9C+9XYogwBITnbsSaMdVPb2ekf7TV+03w==
    dependencies:
      "@types/node" "*"
  
  "@types/trusted-types@^2.0.2":
    version "2.0.3"
    resolved "https://registry.npmmirror.com/@types/trusted-types/-/trusted-types-2.0.3.tgz#a136f83b0758698df454e328759dbd3d44555311"
    integrity sha512-NfQ4gyz38SL8sDNrSixxU2Os1a5xcdFxipAFxYEuLUlvU2uDwS4NUpsImcf1//SlWItCVMMLiylsxbmNMToV/g==
  
  "@types/uuid@^9.0.2":
    version "9.0.2"
    resolved "https://registry.yarnpkg.com/@types/uuid/-/uuid-9.0.2.tgz#ede1d1b1e451548d44919dc226253e32a6952c4b"
    integrity sha512-kNnC1GFBLuhImSnV7w4njQkUiJi0ZXUycu1rUaouPqiKlXkh77JKgdRnTAp1x5eBwcIwbtI+3otwzuIDEuDoxQ==
  
  "@types/ws@^7.4.4":
    version "7.4.7"
    resolved "https://registry.npmmirror.com/@types/ws/-/ws-7.4.7.tgz#f7c390a36f7a0679aa69de2d501319f4f8d9b702"
    integrity sha512-JQbbmxZTZehdc2iszGKs5oC3NFnjeay7mtAWrdt7qNtAVK0g19muApzAy4bm9byz79xa2ZnO/BOBC2R8RC5Lww==
    dependencies:
      "@types/node" "*"
  
  "@types/ws@^8.5.4":
    version "8.5.5"
    resolved "https://registry.yarnpkg.com/@types/ws/-/ws-8.5.5.tgz#af587964aa06682702ee6dcbc7be41a80e4b28eb"
    integrity sha512-lwhs8hktwxSjf9UaZ9tG5M03PGogvFaH8gUgLNbN9HKIg0dvv6q+gkSuJ8HN4/VbyxkuLzCjlN7GquQ0gUJfIg==
    dependencies:
      "@types/node" "*"
  
  "@typescript-eslint/parser@^5.4.2 || ^6.0.0":
    version "6.3.0"
    resolved "https://registry.yarnpkg.com/@typescript-eslint/parser/-/parser-6.3.0.tgz#359684c443f4f848db3c4f14674f544f169c8f46"
    integrity sha512-ibP+y2Gr6p0qsUkhs7InMdXrwldjxZw66wpcQq9/PzAroM45wdwyu81T+7RibNCh8oc0AgrsyCwJByncY0Ongg==
    dependencies:
      "@typescript-eslint/scope-manager" "6.3.0"
      "@typescript-eslint/types" "6.3.0"
      "@typescript-eslint/typescript-estree" "6.3.0"
      "@typescript-eslint/visitor-keys" "6.3.0"
      debug "^4.3.4"
  
  "@typescript-eslint/scope-manager@6.3.0":
    version "6.3.0"
    resolved "https://registry.yarnpkg.com/@typescript-eslint/scope-manager/-/scope-manager-6.3.0.tgz#6b74e338c4b88d5e1dfc1a28c570dd5cf8c86b09"
    integrity sha512-WlNFgBEuGu74ahrXzgefiz/QlVb+qg8KDTpknKwR7hMH+lQygWyx0CQFoUmMn1zDkQjTBBIn75IxtWss77iBIQ==
    dependencies:
      "@typescript-eslint/types" "6.3.0"
      "@typescript-eslint/visitor-keys" "6.3.0"
  
  "@typescript-eslint/types@6.3.0":
    version "6.3.0"
    resolved "https://registry.yarnpkg.com/@typescript-eslint/types/-/types-6.3.0.tgz#84517f1427923e714b8418981e493b6635ab4c9d"
    integrity sha512-K6TZOvfVyc7MO9j60MkRNWyFSf86IbOatTKGrpTQnzarDZPYPVy0oe3myTMq7VjhfsUAbNUW8I5s+2lZvtx1gg==
  
  "@typescript-eslint/typescript-estree@6.3.0":
    version "6.3.0"
    resolved "https://registry.yarnpkg.com/@typescript-eslint/typescript-estree/-/typescript-estree-6.3.0.tgz#20e1e10e2f51cdb9e19a2751215cac92c003643c"
    integrity sha512-Xh4NVDaC4eYKY4O3QGPuQNp5NxBAlEvNQYOqJquR2MePNxO11E5K3t5x4M4Mx53IZvtpW+mBxIT0s274fLUocg==
    dependencies:
      "@typescript-eslint/types" "6.3.0"
      "@typescript-eslint/visitor-keys" "6.3.0"
      debug "^4.3.4"
      globby "^11.1.0"
      is-glob "^4.0.3"
      semver "^7.5.4"
      ts-api-utils "^1.0.1"
  
  "@typescript-eslint/visitor-keys@6.3.0":
    version "6.3.0"
    resolved "https://registry.yarnpkg.com/@typescript-eslint/visitor-keys/-/visitor-keys-6.3.0.tgz#8d09aa3e389ae0971426124c155ac289afbe450a"
    integrity sha512-kEhRRj7HnvaSjux1J9+7dBen15CdWmDnwrpyiHsFX6Qx2iW5LOBUgNefOFeh2PjWPlNwN8TOn6+4eBU3J/gupw==
    dependencies:
      "@typescript-eslint/types" "6.3.0"
      eslint-visitor-keys "^3.4.1"
  
  "@vanilla-extract/css@1.9.1":
    version "1.9.1"
    resolved "https://registry.npmmirror.com/@vanilla-extract/css/-/css-1.9.1.tgz#337b79faa5f8f98915a90c3fe3c30b54be746c09"
    integrity sha512-pu2SFiff5jRhPwvGoj8cM5l/qIyLvigOmy22ss5DGjwV5pJYezRjDLxWumi2luIwioMWvh9EozCjyfH8nq+7fQ==
    dependencies:
      "@emotion/hash" "^0.8.0"
      "@vanilla-extract/private" "^1.0.3"
      ahocorasick "1.0.2"
      chalk "^4.1.1"
      css-what "^5.0.1"
      cssesc "^3.0.0"
      csstype "^3.0.7"
      deep-object-diff "^1.1.0"
      deepmerge "^4.2.2"
      media-query-parser "^2.0.2"
      outdent "^0.8.0"
  
  "@vanilla-extract/dynamic@2.0.2":
    version "2.0.2"
    resolved "https://registry.npmmirror.com/@vanilla-extract/dynamic/-/dynamic-2.0.2.tgz#13a3e461964c8029a52e6b6b631009ca6a8b27f5"
    integrity sha512-U4nKaEQ8Kuz+exXEr51DUpyaOuzo24/S/k1YbDPQR06cYcNjQqvwFRnwWtZ+9ImocqM1wTKtzrdUgSTtLGIwAg==
    dependencies:
      "@vanilla-extract/private" "^1.0.3"
  
  "@vanilla-extract/private@^1.0.3":
    version "1.0.3"
    resolved "https://registry.npmmirror.com/@vanilla-extract/private/-/private-1.0.3.tgz#7ec72bc2ff6fe51f9d650f962e8d1989b073690f"
    integrity sha512-17kVyLq3ePTKOkveHxXuIJZtGYs+cSoev7BlP+Lf4916qfDhk/HBjvlYDe8egrea7LNPHKwSZJK/bzZC+Q6AwQ==
  
  "@vanilla-extract/sprinkles@1.5.0":
    version "1.5.0"
    resolved "https://registry.npmmirror.com/@vanilla-extract/sprinkles/-/sprinkles-1.5.0.tgz#c921183ae518bb484299c2dc81f2acefd91c3dbe"
    integrity sha512-W58f2Rzz5lLmk0jbhgStVlZl5wEiPB1Ur3fRvUaBM+MrifZ3qskmFq/CiH//fEYeG5Dh9vF1qRviMMH46cX9Nw==
  
  "@vercel/analytics@^1.0.2":
    version "1.0.2"
    resolved "https://registry.yarnpkg.com/@vercel/analytics/-/analytics-1.0.2.tgz#7af719a1bf33734840aee6f04eb548d2cedab9ec"
    integrity sha512-BZFxVrv24VbNNl5xMxqUojQIegEeXMI6rX3rg1uVLYUEXsuKNBSAEQf4BWEcjQDp/8aYJOj6m8V4PUA3x/cxgg==
  
  "@wagmi/chains@1.2.0":
    version "1.2.0"
    resolved "https://registry.npmmirror.com/@wagmi/chains/-/chains-1.2.0.tgz#d59eaa70ec51a5fdcd113975926992acfb17ab12"
    integrity sha512-dmDRipsE54JfyudOBkuhEexqQWcrZqxn/qiujG8SBzMh/az/AH5xlJSA+j1CPWTx9+QofSMF3B7A4gb6XRmSaQ==
  
  "@wagmi/chains@1.7.0":
    version "1.7.0"
    resolved "https://registry.yarnpkg.com/@wagmi/chains/-/chains-1.7.0.tgz#8f6ad81cf867e1788417f7c978ca92bc083ecaf6"
    integrity sha512-TKVeHv0GqP5sV1yQ8BDGYToAFezPnCexbbBpeH14x7ywi5a1dDStPffpt9x+ytE6LJWkZ6pAMs/HNWXBQ5Nqmw==
  
  "@wagmi/connectors@2.7.0":
    version "2.7.0"
    resolved "https://registry.yarnpkg.com/@wagmi/connectors/-/connectors-2.7.0.tgz#547972502cbe6719217043fe5b610ac48534dc93"
    integrity sha512-1KOL0HTJl5kzSC/YdKwFwiokr6poUQn1V/tcT0TpG3iH2x0lSM7FTkvCjVVY/6lKzTXrLlo9y2aE7AsOPnkvqg==
    dependencies:
      "@coinbase/wallet-sdk" "^3.6.6"
      "@ledgerhq/connect-kit-loader" "^1.1.0"
      "@safe-global/safe-apps-provider" "^0.17.1"
      "@safe-global/safe-apps-sdk" "^8.0.0"
      "@walletconnect/ethereum-provider" "2.9.2"
      "@walletconnect/legacy-provider" "^2.0.0"
      "@walletconnect/modal" "2.6.1"
      "@walletconnect/utils" "2.9.2"
      abitype "0.8.7"
      eventemitter3 "^4.0.7"
  
  "@wagmi/core@1.3.9":
    version "1.3.9"
    resolved "https://registry.yarnpkg.com/@wagmi/core/-/core-1.3.9.tgz#16bac164fe74203fde68abe7991b947d3a26e6ab"
    integrity sha512-SrnABCrsDvhiMCLLLyzyHnZbEumsFT/XWlJJQZeyEDcixL95R7XQwOaaoRI4MpNilCtMtu3jzN57tA5Z2iA+kw==
    dependencies:
      "@wagmi/chains" "1.7.0"
      "@wagmi/connectors" "2.7.0"
      abitype "0.8.7"
      eventemitter3 "^4.0.7"
      zustand "^4.3.1"
  
  "@walletconnect/core@2.9.2":
    version "2.9.2"
    resolved "https://registry.yarnpkg.com/@walletconnect/core/-/core-2.9.2.tgz#c46734ca63771b28fd77606fd521930b7ecfc5e1"
    integrity sha512-VARMPAx8sIgodeyngDHbealP3B621PQqjqKsByFUTOep8ZI1/R/20zU+cmq6j9RCrL+kLKZcrZqeVzs8Z7OlqQ==
    dependencies:
      "@walletconnect/heartbeat" "1.2.1"
      "@walletconnect/jsonrpc-provider" "1.0.13"
      "@walletconnect/jsonrpc-types" "1.0.3"
      "@walletconnect/jsonrpc-utils" "1.0.8"
      "@walletconnect/jsonrpc-ws-connection" "1.0.13"
      "@walletconnect/keyvaluestorage" "^1.0.2"
      "@walletconnect/logger" "^2.0.1"
      "@walletconnect/relay-api" "^1.0.9"
      "@walletconnect/relay-auth" "^1.0.4"
      "@walletconnect/safe-json" "^1.0.2"
      "@walletconnect/time" "^1.0.2"
      "@walletconnect/types" "2.9.2"
      "@walletconnect/utils" "2.9.2"
      events "^3.3.0"
      lodash.isequal "4.5.0"
      uint8arrays "^3.1.0"
  
  "@walletconnect/crypto@^1.0.3":
    version "1.0.3"
    resolved "https://registry.npmmirror.com/@walletconnect/crypto/-/crypto-1.0.3.tgz#7b8dd4d7e2884fe3543c7c07aea425eef5ef9dd4"
    integrity sha512-+2jdORD7XQs76I2Odgr3wwrtyuLUXD/kprNVsjWRhhhdO9Mt6WqVzOPu0/t7OHSmgal8k7SoBQzUc5hu/8zL/g==
    dependencies:
      "@walletconnect/encoding" "^1.0.2"
      "@walletconnect/environment" "^1.0.1"
      "@walletconnect/randombytes" "^1.0.3"
      aes-js "^3.1.2"
      hash.js "^1.1.7"
      tslib "1.14.1"
  
  "@walletconnect/encoding@^1.0.2":
    version "1.0.2"
    resolved "https://registry.npmmirror.com/@walletconnect/encoding/-/encoding-1.0.2.tgz#cb3942ad038d6a6bf01158f66773062dd25724da"
    integrity sha512-CrwSBrjqJ7rpGQcTL3kU+Ief+Bcuu9PH6JLOb+wM6NITX1GTxR/MfNwnQfhLKK6xpRAyj2/nM04OOH6wS8Imag==
    dependencies:
      is-typedarray "1.0.0"
      tslib "1.14.1"
      typedarray-to-buffer "3.1.5"
  
  "@walletconnect/environment@^1.0.1":
    version "1.0.1"
    resolved "https://registry.npmmirror.com/@walletconnect/environment/-/environment-1.0.1.tgz#1d7f82f0009ab821a2ba5ad5e5a7b8ae3b214cd7"
    integrity sha512-T426LLZtHj8e8rYnKfzsw1aG6+M0BT1ZxayMdv/p8yM0MU+eJDISqNY3/bccxRr4LrF9csq02Rhqt08Ibl0VRg==
    dependencies:
      tslib "1.14.1"
  
  "@walletconnect/ethereum-provider@2.9.2":
    version "2.9.2"
    resolved "https://registry.yarnpkg.com/@walletconnect/ethereum-provider/-/ethereum-provider-2.9.2.tgz#fb3a6fca279bb4e98e75baa2fb9730545d41bb99"
    integrity sha512-eO1dkhZffV1g7vpG19XUJTw09M/bwGUwwhy1mJ3AOPbOSbMPvwiCuRz2Kbtm1g9B0Jv15Dl+TvJ9vTgYF8zoZg==
    dependencies:
      "@walletconnect/jsonrpc-http-connection" "^1.0.7"
      "@walletconnect/jsonrpc-provider" "^1.0.13"
      "@walletconnect/jsonrpc-types" "^1.0.3"
      "@walletconnect/jsonrpc-utils" "^1.0.8"
      "@walletconnect/sign-client" "2.9.2"
      "@walletconnect/types" "2.9.2"
      "@walletconnect/universal-provider" "2.9.2"
      "@walletconnect/utils" "2.9.2"
      events "^3.3.0"
  
  "@walletconnect/events@^1.0.1":
    version "1.0.1"
    resolved "https://registry.npmmirror.com/@walletconnect/events/-/events-1.0.1.tgz#2b5f9c7202019e229d7ccae1369a9e86bda7816c"
    integrity sha512-NPTqaoi0oPBVNuLv7qPaJazmGHs5JGyO8eEAk5VGKmJzDR7AHzD4k6ilox5kxk1iwiOnFopBOOMLs86Oa76HpQ==
    dependencies:
      keyvaluestorage-interface "^1.0.0"
      tslib "1.14.1"
  
  "@walletconnect/heartbeat@1.2.1":
    version "1.2.1"
    resolved "https://registry.npmmirror.com/@walletconnect/heartbeat/-/heartbeat-1.2.1.tgz#afaa3a53232ae182d7c9cff41c1084472d8f32e9"
    integrity sha512-yVzws616xsDLJxuG/28FqtZ5rzrTA4gUjdEMTbWB5Y8V1XHRmqq4efAxCw5ie7WjbXFSUyBHaWlMR+2/CpQC5Q==
    dependencies:
      "@walletconnect/events" "^1.0.1"
      "@walletconnect/time" "^1.0.2"
      tslib "1.14.1"
  
  "@walletconnect/jsonrpc-http-connection@^1.0.4", "@walletconnect/jsonrpc-http-connection@^1.0.7":
    version "1.0.7"
    resolved "https://registry.npmmirror.com/@walletconnect/jsonrpc-http-connection/-/jsonrpc-http-connection-1.0.7.tgz#a6973569b8854c22da707a759d241e4f5c2d5a98"
    integrity sha512-qlfh8fCfu8LOM9JRR9KE0s0wxP6ZG9/Jom8M0qsoIQeKF3Ni0FyV4V1qy/cc7nfI46SLQLSl4tgWSfLiE1swyQ==
    dependencies:
      "@walletconnect/jsonrpc-utils" "^1.0.6"
      "@walletconnect/safe-json" "^1.0.1"
      cross-fetch "^3.1.4"
      tslib "1.14.1"
  
  "@walletconnect/jsonrpc-provider@1.0.13", "@walletconnect/jsonrpc-provider@^1.0.13", "@walletconnect/jsonrpc-provider@^1.0.6":
    version "1.0.13"
    resolved "https://registry.npmmirror.com/@walletconnect/jsonrpc-provider/-/jsonrpc-provider-1.0.13.tgz#9a74da648d015e1fffc745f0c7d629457f53648b"
    integrity sha512-K73EpThqHnSR26gOyNEL+acEex3P7VWZe6KE12ZwKzAt2H4e5gldZHbjsu2QR9cLeJ8AXuO7kEMOIcRv1QEc7g==
    dependencies:
      "@walletconnect/jsonrpc-utils" "^1.0.8"
      "@walletconnect/safe-json" "^1.0.2"
      tslib "1.14.1"
  
  "@walletconnect/jsonrpc-types@1.0.3", "@walletconnect/jsonrpc-types@^1.0.2", "@walletconnect/jsonrpc-types@^1.0.3":
    version "1.0.3"
    resolved "https://registry.npmmirror.com/@walletconnect/jsonrpc-types/-/jsonrpc-types-1.0.3.tgz#65e3b77046f1a7fa8347ae02bc1b841abe6f290c"
    integrity sha512-iIQ8hboBl3o5ufmJ8cuduGad0CQm3ZlsHtujv9Eu16xq89q+BG7Nh5VLxxUgmtpnrePgFkTwXirCTkwJH1v+Yw==
    dependencies:
      keyvaluestorage-interface "^1.0.0"
      tslib "1.14.1"
  
  "@walletconnect/jsonrpc-utils@1.0.8", "@walletconnect/jsonrpc-utils@^1.0.4", "@walletconnect/jsonrpc-utils@^1.0.6", "@walletconnect/jsonrpc-utils@^1.0.7", "@walletconnect/jsonrpc-utils@^1.0.8":
    version "1.0.8"
    resolved "https://registry.npmmirror.com/@walletconnect/jsonrpc-utils/-/jsonrpc-utils-1.0.8.tgz#82d0cc6a5d6ff0ecc277cb35f71402c91ad48d72"
    integrity sha512-vdeb03bD8VzJUL6ZtzRYsFMq1eZQcM3EAzT0a3st59dyLfJ0wq+tKMpmGH7HlB7waD858UWgfIcudbPFsbzVdw==
    dependencies:
      "@walletconnect/environment" "^1.0.1"
      "@walletconnect/jsonrpc-types" "^1.0.3"
      tslib "1.14.1"
  
  "@walletconnect/jsonrpc-ws-connection@1.0.13":
    version "1.0.13"
    resolved "https://registry.yarnpkg.com/@walletconnect/jsonrpc-ws-connection/-/jsonrpc-ws-connection-1.0.13.tgz#23b0cdd899801bfbb44a6556936ec2b93ef2adf4"
    integrity sha512-mfOM7uFH4lGtQxG+XklYuFBj6dwVvseTt5/ahOkkmpcAEgz2umuzu7fTR+h5EmjQBdrmYyEBOWADbeaFNxdySg==
    dependencies:
      "@walletconnect/jsonrpc-utils" "^1.0.6"
      "@walletconnect/safe-json" "^1.0.2"
      events "^3.3.0"
      tslib "1.14.1"
      ws "^7.5.1"
  
  "@walletconnect/keyvaluestorage@^1.0.2":
    version "1.0.2"
    resolved "https://registry.npmmirror.com/@walletconnect/keyvaluestorage/-/keyvaluestorage-1.0.2.tgz#92f5ca0f54c1a88a093778842ce0c874d86369c8"
    integrity sha512-U/nNG+VLWoPFdwwKx0oliT4ziKQCEoQ27L5Hhw8YOFGA2Po9A9pULUYNWhDgHkrb0gYDNt//X7wABcEWWBd3FQ==
    dependencies:
      safe-json-utils "^1.1.1"
      tslib "1.14.1"
  
  "@walletconnect/legacy-client@^2.0.0":
    version "2.0.0"
    resolved "https://registry.npmmirror.com/@walletconnect/legacy-client/-/legacy-client-2.0.0.tgz#9f2c09694789fd4b6c5d68d6423b44bac55aed30"
    integrity sha512-v5L7rYk9loVnfvUf0mF+76bUPFaU5/Vh7mzL6/950CD/yoGdzYZ3Kj+L7mkC6HPMEGeQsBP1+sqBuiVGZ/aODA==
    dependencies:
      "@walletconnect/crypto" "^1.0.3"
      "@walletconnect/encoding" "^1.0.2"
      "@walletconnect/jsonrpc-utils" "^1.0.4"
      "@walletconnect/legacy-types" "^2.0.0"
      "@walletconnect/legacy-utils" "^2.0.0"
      "@walletconnect/safe-json" "^1.0.1"
      "@walletconnect/window-getters" "^1.0.1"
      "@walletconnect/window-metadata" "^1.0.1"
      detect-browser "^5.3.0"
      query-string "^6.13.5"
  
  "@walletconnect/legacy-modal@^2.0.0":
    version "2.0.0"
    resolved "https://registry.npmmirror.com/@walletconnect/legacy-modal/-/legacy-modal-2.0.0.tgz#d0fab01a1337a8f5d88cdb1430cbef2d46072bbf"
    integrity sha512-jckNd8lMhm4X7dX9TDdxM3bXKJnaqkRs6K2Mo5j6GmbIF9Eyx40jZ5+q457RVxvM6ciZEDT5s1wBHWdWoOo+9Q==
    dependencies:
      "@walletconnect/legacy-types" "^2.0.0"
      "@walletconnect/legacy-utils" "^2.0.0"
      copy-to-clipboard "^3.3.3"
      preact "^10.12.0"
      qrcode "^1.5.1"
  
  "@walletconnect/legacy-provider@^2.0.0":
    version "2.0.0"
    resolved "https://registry.npmmirror.com/@walletconnect/legacy-provider/-/legacy-provider-2.0.0.tgz#08e2db1e4c234743b2f30422bc8100bc42e8fc44"
    integrity sha512-A8xPebMI1A+50HbWwTpFCbwP7G+1NGKdTKyg8BUUg3h3Y9JucpC1W6w/x0v1Xw7qFEqQnz74LoIN/A3ytH9xrQ==
    dependencies:
      "@walletconnect/jsonrpc-http-connection" "^1.0.4"
      "@walletconnect/jsonrpc-provider" "^1.0.6"
      "@walletconnect/legacy-client" "^2.0.0"
      "@walletconnect/legacy-modal" "^2.0.0"
      "@walletconnect/legacy-types" "^2.0.0"
      "@walletconnect/legacy-utils" "^2.0.0"
  
  "@walletconnect/legacy-types@^2.0.0":
    version "2.0.0"
    resolved "https://registry.npmmirror.com/@walletconnect/legacy-types/-/legacy-types-2.0.0.tgz#224278ae2874c6a2ca805c2d1d062a511dcf7227"
    integrity sha512-sOVrA7HUdbI1OwKyPOQU0/DdvTSVFlsXWpAk2K2WvP2erTkBWPMTJq6cv2BmKdoJ3p6gLApT7sd+jHi3OF71uw==
    dependencies:
      "@walletconnect/jsonrpc-types" "^1.0.2"
  
  "@walletconnect/legacy-utils@^2.0.0":
    version "2.0.0"
    resolved "https://registry.npmmirror.com/@walletconnect/legacy-utils/-/legacy-utils-2.0.0.tgz#e3a637c00783f9cd2ae139b640f82223ab78ed9d"
    integrity sha512-CPWxSVVXw0kgNCxvU126g4GiV3mzXmC8IPJ15twE46aJ1FX+RHEIfAzFMFz2F2+fEhBxL63A7dwNQKDXorRPcQ==
    dependencies:
      "@walletconnect/encoding" "^1.0.2"
      "@walletconnect/jsonrpc-utils" "^1.0.4"
      "@walletconnect/legacy-types" "^2.0.0"
      "@walletconnect/safe-json" "^1.0.1"
      "@walletconnect/window-getters" "^1.0.1"
      "@walletconnect/window-metadata" "^1.0.1"
      detect-browser "^5.3.0"
      query-string "^6.13.5"
  
  "@walletconnect/logger@^2.0.1":
    version "2.0.1"
    resolved "https://registry.npmmirror.com/@walletconnect/logger/-/logger-2.0.1.tgz#7f489b96e9a1ff6bf3e58f0fbd6d69718bf844a8"
    integrity sha512-SsTKdsgWm+oDTBeNE/zHxxr5eJfZmE9/5yp/Ku+zJtcTAjELb3DXueWkDXmE9h8uHIbJzIb5wj5lPdzyrjT6hQ==
    dependencies:
      pino "7.11.0"
      tslib "1.14.1"
  
  "@walletconnect/modal-core@2.6.1":
    version "2.6.1"
    resolved "https://registry.yarnpkg.com/@walletconnect/modal-core/-/modal-core-2.6.1.tgz#bc76055d0b644a2d4b98024324825c108a700905"
    integrity sha512-f2hYlJ5pwzGvjyaZ6BoGR5uiMgXzWXt6w6ktt1N8lmY6PiYp8whZgqx2hTxVWwVlsGnaIfh6UHp1hGnANx0eTQ==
    dependencies:
      valtio "1.11.0"
  
  "@walletconnect/modal-ui@2.6.1":
    version "2.6.1"
    resolved "https://registry.yarnpkg.com/@walletconnect/modal-ui/-/modal-ui-2.6.1.tgz#200c54c8dfe3c71321abb2724e18bb357dfd6371"
    integrity sha512-RFUOwDAMijSK8B7W3+KoLKaa1l+KEUG0LCrtHqaB0H0cLnhEGdLR+kdTdygw+W8+yYZbkM5tXBm7MlFbcuyitA==
    dependencies:
      "@walletconnect/modal-core" "2.6.1"
      lit "2.7.6"
      motion "10.16.2"
      qrcode "1.5.3"
  
  "@walletconnect/modal@2.6.1":
    version "2.6.1"
    resolved "https://registry.yarnpkg.com/@walletconnect/modal/-/modal-2.6.1.tgz#066fdbfcff83b58c8a9da66ab4af0eb93e3626de"
    integrity sha512-G84tSzdPKAFk1zimgV7JzIUFT5olZUVtI3GcOk77OeLYjlMfnDT23RVRHm5EyCrjkptnvpD0wQScXePOFd2Xcw==
    dependencies:
      "@walletconnect/modal-core" "2.6.1"
      "@walletconnect/modal-ui" "2.6.1"
  
  "@walletconnect/randombytes@^1.0.3":
    version "1.0.3"
    resolved "https://registry.npmmirror.com/@walletconnect/randombytes/-/randombytes-1.0.3.tgz#e795e4918367fd1e6a2215e075e64ab93e23985b"
    integrity sha512-35lpzxcHFbTN3ABefC9W+uBpNZl1GC4Wpx0ed30gibfO/y9oLdy1NznbV96HARQKSBV9J9M/rrtIvf6a23jfYw==
    dependencies:
      "@walletconnect/encoding" "^1.0.2"
      "@walletconnect/environment" "^1.0.1"
      randombytes "^2.1.0"
      tslib "1.14.1"
  
  "@walletconnect/relay-api@^1.0.9":
    version "1.0.9"
    resolved "https://registry.npmmirror.com/@walletconnect/relay-api/-/relay-api-1.0.9.tgz#f8c2c3993dddaa9f33ed42197fc9bfebd790ecaf"
    integrity sha512-Q3+rylJOqRkO1D9Su0DPE3mmznbAalYapJ9qmzDgK28mYF9alcP3UwG/og5V7l7CFOqzCLi7B8BvcBUrpDj0Rg==
    dependencies:
      "@walletconnect/jsonrpc-types" "^1.0.2"
      tslib "1.14.1"
  
  "@walletconnect/relay-auth@^1.0.4":
    version "1.0.4"
    resolved "https://registry.npmmirror.com/@walletconnect/relay-auth/-/relay-auth-1.0.4.tgz#0b5c55c9aa3b0ef61f526ce679f3ff8a5c4c2c7c"
    integrity sha512-kKJcS6+WxYq5kshpPaxGHdwf5y98ZwbfuS4EE/NkQzqrDFm5Cj+dP8LofzWvjrrLkZq7Afy7WrQMXdLy8Sx7HQ==
    dependencies:
      "@stablelib/ed25519" "^1.0.2"
      "@stablelib/random" "^1.0.1"
      "@walletconnect/safe-json" "^1.0.1"
      "@walletconnect/time" "^1.0.2"
      tslib "1.14.1"
      uint8arrays "^3.0.0"
  
  "@walletconnect/safe-json@^1.0.1", "@walletconnect/safe-json@^1.0.2":
    version "1.0.2"
    resolved "https://registry.npmmirror.com/@walletconnect/safe-json/-/safe-json-1.0.2.tgz#7237e5ca48046e4476154e503c6d3c914126fa77"
    integrity sha512-Ogb7I27kZ3LPC3ibn8ldyUr5544t3/STow9+lzz7Sfo808YD7SBWk7SAsdBFlYgP2zDRy2hS3sKRcuSRM0OTmA==
    dependencies:
      tslib "1.14.1"
  
  "@walletconnect/sign-client@2.9.2":
    version "2.9.2"
    resolved "https://registry.yarnpkg.com/@walletconnect/sign-client/-/sign-client-2.9.2.tgz#ff4c81c082c2078878367d07f24bcb20b1f7ab9e"
    integrity sha512-anRwnXKlR08lYllFMEarS01hp1gr6Q9XUgvacr749hoaC/AwGVlxYFdM8+MyYr3ozlA+2i599kjbK/mAebqdXg==
    dependencies:
      "@walletconnect/core" "2.9.2"
      "@walletconnect/events" "^1.0.1"
      "@walletconnect/heartbeat" "1.2.1"
      "@walletconnect/jsonrpc-utils" "1.0.8"
      "@walletconnect/logger" "^2.0.1"
      "@walletconnect/time" "^1.0.2"
      "@walletconnect/types" "2.9.2"
      "@walletconnect/utils" "2.9.2"
      events "^3.3.0"
  
  "@walletconnect/time@^1.0.2":
    version "1.0.2"
    resolved "https://registry.npmmirror.com/@walletconnect/time/-/time-1.0.2.tgz#6c5888b835750ecb4299d28eecc5e72c6d336523"
    integrity sha512-uzdd9woDcJ1AaBZRhqy5rNC9laqWGErfc4dxA9a87mPdKOgWMD85mcFo9dIYIts/Jwocfwn07EC6EzclKubk/g==
    dependencies:
      tslib "1.14.1"
  
  "@walletconnect/types@2.9.2":
    version "2.9.2"
    resolved "https://registry.yarnpkg.com/@walletconnect/types/-/types-2.9.2.tgz#d5fd5a61dc0f41cbdca59d1885b85207ac7bf8c5"
    integrity sha512-7Rdn30amnJEEal4hk83cdwHUuxI1SWQ+K7fFFHBMqkuHLGi3tpMY6kpyfDxnUScYEZXqgRps4Jo5qQgnRqVM7A==
    dependencies:
      "@walletconnect/events" "^1.0.1"
      "@walletconnect/heartbeat" "1.2.1"
      "@walletconnect/jsonrpc-types" "1.0.3"
      "@walletconnect/keyvaluestorage" "^1.0.2"
      "@walletconnect/logger" "^2.0.1"
      events "^3.3.0"
  
  "@walletconnect/universal-provider@2.9.2":
    version "2.9.2"
    resolved "https://registry.yarnpkg.com/@walletconnect/universal-provider/-/universal-provider-2.9.2.tgz#40e54e98bc48b1f2f5f77eb5b7f05462093a8506"
    integrity sha512-JmaolkO8D31UdRaQCHwlr8uIFUI5BYhBzqYFt54Mc6gbIa1tijGOmdyr6YhhFO70LPmS6gHIjljwOuEllmlrxw==
    dependencies:
      "@walletconnect/jsonrpc-http-connection" "^1.0.7"
      "@walletconnect/jsonrpc-provider" "1.0.13"
      "@walletconnect/jsonrpc-types" "^1.0.2"
      "@walletconnect/jsonrpc-utils" "^1.0.7"
      "@walletconnect/logger" "^2.0.1"
      "@walletconnect/sign-client" "2.9.2"
      "@walletconnect/types" "2.9.2"
      "@walletconnect/utils" "2.9.2"
      events "^3.3.0"
  
  "@walletconnect/utils@2.9.2":
    version "2.9.2"
    resolved "https://registry.yarnpkg.com/@walletconnect/utils/-/utils-2.9.2.tgz#035bdb859ee81a4bcc6420f56114cc5ec3e30afb"
    integrity sha512-D44hwXET/8JhhIjqljY6qxSu7xXnlPrf63UN/Qfl98vDjWlYVcDl2+JIQRxD9GPastw0S8XZXdRq59XDXLuZBg==
    dependencies:
      "@stablelib/chacha20poly1305" "1.0.1"
      "@stablelib/hkdf" "1.0.1"
      "@stablelib/random" "^1.0.2"
      "@stablelib/sha256" "1.0.1"
      "@stablelib/x25519" "^1.0.3"
      "@walletconnect/relay-api" "^1.0.9"
      "@walletconnect/safe-json" "^1.0.2"
      "@walletconnect/time" "^1.0.2"
      "@walletconnect/types" "2.9.2"
      "@walletconnect/window-getters" "^1.0.1"
      "@walletconnect/window-metadata" "^1.0.1"
      detect-browser "5.3.0"
      query-string "7.1.3"
      uint8arrays "^3.1.0"
  
  "@walletconnect/window-getters@^1.0.1":
    version "1.0.1"
    resolved "https://registry.npmmirror.com/@walletconnect/window-getters/-/window-getters-1.0.1.tgz#f36d1c72558a7f6b87ecc4451fc8bd44f63cbbdc"
    integrity sha512-vHp+HqzGxORPAN8gY03qnbTMnhqIwjeRJNOMOAzePRg4xVEEE2WvYsI9G2NMjOknA8hnuYbU3/hwLcKbjhc8+Q==
    dependencies:
      tslib "1.14.1"
  
  "@walletconnect/window-metadata@^1.0.1":
    version "1.0.1"
    resolved "https://registry.npmmirror.com/@walletconnect/window-metadata/-/window-metadata-1.0.1.tgz#2124f75447b7e989e4e4e1581d55d25bc75f7be5"
    integrity sha512-9koTqyGrM2cqFRW517BPY/iEtUDx2r1+Pwwu5m7sJ7ka79wi3EyqhqcICk/yDmv6jAS1rjKgTKXlEhanYjijcA==
    dependencies:
      "@walletconnect/window-getters" "^1.0.1"
      tslib "1.14.1"
  
  JSONStream@^1.3.5:
    version "1.3.5"
    resolved "https://registry.npmmirror.com/JSONStream/-/JSONStream-1.3.5.tgz#3208c1f08d3a4d99261ab64f92302bc15e111ca0"
    integrity sha512-E+iruNOY8VV9s4JEbe1aNEm6MiszPRr/UfcHMz0TQh1BXSxHK+ASV1R6W4HpjBhSeS+54PIsAMCBmwD06LLsqQ==
    dependencies:
      jsonparse "^1.2.0"
      through ">=2.2.7 <3"
  
  abitype@0.8.7:
    version "0.8.7"
    resolved "https://registry.npmmirror.com/abitype/-/abitype-0.8.7.tgz#e4b3f051febd08111f486c0cc6a98fa72d033622"
    integrity sha512-wQ7hV8Yg/yKmGyFpqrNZufCxbszDe5es4AZGYPBitocfSqXtjrTG9JMWFcc4N30ukl2ve48aBTwt7NJxVQdU3w==
  
  abitype@0.9.3:
    version "0.9.3"
    resolved "https://registry.yarnpkg.com/abitype/-/abitype-0.9.3.tgz#294d25288ee683d72baf4e1fed757034e3c8c277"
    integrity sha512-dz4qCQLurx97FQhnb/EIYTk/ldQ+oafEDUqC0VVIeQS1Q48/YWt/9YNfMmp9SLFqN41ktxny3c8aYxHjmFIB/w==
  
  abort-controller@^3.0.0:
    version "3.0.0"
    resolved "https://registry.yarnpkg.com/abort-controller/-/abort-controller-3.0.0.tgz#eaf54d53b62bae4138e809ca225c8439a6efb392"
    integrity sha512-h8lQ8tacZYnR3vNQTgibj+tODHI5/+l06Au2Pcriv/Gmet0eaj4TwWH41sO9wnHDiQsEj19q0drzdWdeAHtweg==
    dependencies:
      event-target-shim "^5.0.0"
  
  acorn-jsx@^5.3.2:
    version "5.3.2"
    resolved "https://registry.yarnpkg.com/acorn-jsx/-/acorn-jsx-5.3.2.tgz#7ed5bb55908b3b2f1bc55c6af1653bada7f07937"
    integrity sha512-rq9s+JNhf0IChjtDXxllJ7g41oZk5SlXtp0LHwyA5cejwn7vKmKp4pPri6YEePv2PU65sAsegbXtIinmDFDXgQ==
  
  acorn-walk@^8.1.1:
    version "8.2.0"
    resolved "https://registry.yarnpkg.com/acorn-walk/-/acorn-walk-8.2.0.tgz#741210f2e2426454508853a2f44d0ab83b7f69c1"
    integrity sha512-k+iyHEuPgSw6SbuDpGQM+06HQUa04DZ3o+F6CSzXMvvI5KMvnaEqXe+YVe555R9nn6GPt404fos4wcgpw12SDA==
  
  acorn@^8.4.1:
    version "8.8.2"
    resolved "https://registry.yarnpkg.com/acorn/-/acorn-8.8.2.tgz#1b2f25db02af965399b9776b0c2c391276d37c4a"
    integrity sha512-xjIYgE8HBrkpd/sJqOGNspf8uHG+NOHGOw6a/Urj8taM2EXfdNAH2oFcPeIFfsv3+kz/mJrS5VuMqbNLjCa2vw==
  
  acorn@^8.9.0:
    version "8.10.0"
    resolved "https://registry.yarnpkg.com/acorn/-/acorn-8.10.0.tgz#8be5b3907a67221a81ab23c7889c4c5526b62ec5"
    integrity sha512-F0SAmZ8iUtS//m8DmCTA0jlh6TDKkHQyK6xc6V4KDTyZKA9dnvX9/3sRTVQrWm79glUAZbnmmNcdYwUIHWVybw==
  
  aes-js@3.0.0:
    version "3.0.0"
    resolved "https://registry.yarnpkg.com/aes-js/-/aes-js-3.0.0.tgz#e21df10ad6c2053295bcbb8dab40b09dbea87e4d"
    integrity sha512-H7wUZRn8WpTq9jocdxQ2c8x2sKo9ZVmzfRE13GiNJXfp7NcKYEdvl3vspKjXox6RIG2VtaRe4JFvxG4rqp2Zuw==
  
  aes-js@^3.1.2:
    version "3.1.2"
    resolved "https://registry.npmmirror.com/aes-js/-/aes-js-3.1.2.tgz#db9aabde85d5caabbfc0d4f2a4446960f627146a"
    integrity sha512-e5pEa2kBnBOgR4Y/p20pskXI74UEz7de8ZGVo58asOtvSVG5YAbJeELPZxOmt+Bnz3rX753YKhfIn4X4l1PPRQ==
  
  agent-base@6:
    version "6.0.2"
    resolved "https://registry.yarnpkg.com/agent-base/-/agent-base-6.0.2.tgz#49fff58577cfee3f37176feab4c22e00f86d7f77"
    integrity sha512-RZNwNclF7+MS/8bDg70amg32dyeZGZxiDuQmZxKLAlQjr3jGyLx+4Kkk58UO7D2QdgFIQCovuSuZESne6RG6XQ==
    dependencies:
      debug "4"
  
  agentkeepalive@^4.2.1:
    version "4.3.0"
    resolved "https://registry.npmmirror.com/agentkeepalive/-/agentkeepalive-4.3.0.tgz#bb999ff07412653c1803b3ced35e50729830a255"
    integrity sha512-7Epl1Blf4Sy37j4v9f9FjICCh4+KAQOyXgHEwlyBiAQLbhKdq/i2QQU3amQalS/wPhdPzDXPL5DMR5bkn+YeWg==
    dependencies:
      debug "^4.1.0"
      depd "^2.0.0"
      humanize-ms "^1.2.1"
  
  ahocorasick@1.0.2:
    version "1.0.2"
    resolved "https://registry.npmmirror.com/ahocorasick/-/ahocorasick-1.0.2.tgz#9eee93aef9d02bfb476d9b648d9b7a40ef2fd500"
    integrity sha512-hCOfMzbFx5IDutmWLAt6MZwOUjIfSM9G9FyVxytmE4Rs/5YDPWQrD/+IR1w+FweD9H2oOZEnv36TmkjhNURBVA==
  
  ajv@^6.12.4:
    version "6.12.6"
    resolved "https://registry.yarnpkg.com/ajv/-/ajv-6.12.6.tgz#baf5a62e802b07d977034586f8c3baf5adf26df4"
    integrity sha512-j3fVLgvTo527anyYyJOGTYJbG+vnnQYvE0m5mmkc1TK+nxAppkCLMIL0aZ4dblVCNoGShhm+kzE4ZUykBoMg4g==
    dependencies:
      fast-deep-equal "^3.1.1"
      fast-json-stable-stringify "^2.0.0"
      json-schema-traverse "^0.4.1"
      uri-js "^4.2.2"
  
  ansi-regex@^5.0.1:
    version "5.0.1"
    resolved "https://registry.yarnpkg.com/ansi-regex/-/ansi-regex-5.0.1.tgz#082cb2c89c9fe8659a311a53bd6a4dc5301db304"
    integrity sha512-quJQXlTSUGL2LH9SUXo8VwsY4soanhgo6LNSm84E1LBcE8s3O0wpdiRzyR9z/ZZJMlMWv37qOOb9pdJlMUEKFQ==
  
  ansi-styles@^3.2.1:
    version "3.2.1"
    resolved "https://registry.yarnpkg.com/ansi-styles/-/ansi-styles-3.2.1.tgz#41fbb20243e50b12be0f04b8dedbf07520ce841d"
    integrity sha512-VT0ZI6kZRdTh8YyJw3SMbYm/u+NqfsAxEpWO0Pf9sq8/e94WxxOpPKx9FR1FlyCtOVDNOQ+8ntlqFxiRc+r5qA==
    dependencies:
      color-convert "^1.9.0"
  
  ansi-styles@^4.0.0, ansi-styles@^4.1.0:
    version "4.3.0"
    resolved "https://registry.yarnpkg.com/ansi-styles/-/ansi-styles-4.3.0.tgz#edd803628ae71c04c85ae7a0906edad34b648937"
    integrity sha512-zbB9rCJAT1rbjiVDb2hqKFHNYLxgtk8NURxZ3IZwD3F6NtxbXZQCnnSi1Lkx+IDohdPlFp222wVALIheZJQSEg==
    dependencies:
      color-convert "^2.0.1"
  
  apg-js@^4.1.1:
    version "4.1.3"
    resolved "https://registry.yarnpkg.com/apg-js/-/apg-js-4.1.3.tgz#0cb9dc99f8830740d7a8f9fc0048fa618ae4d199"
    integrity sha512-XYyDcoBho8OpnWPRnedMwyL+76ovCtsESerHZEfY39dO4IrEqN97mdEYkOyHa0XTX5+3+U5FmpqPLttK0f7n6g==
  
  arg@^4.1.0:
    version "4.1.3"
    resolved "https://registry.yarnpkg.com/arg/-/arg-4.1.3.tgz#269fc7ad5b8e42cb63c896d5666017261c144089"
    integrity sha512-58S9QDqG0Xx27YwPSt9fJxivjYl432YCwfDMfZ+71RAqUrZef7LrKQZ3LHLOwCS4FLNBplP533Zx895SeOCHvA==
  
  argparse@^2.0.1:
    version "2.0.1"
    resolved "https://registry.yarnpkg.com/argparse/-/argparse-2.0.1.tgz#246f50f3ca78a3240f6c997e8a9bd1eac49e4b38"
    integrity sha512-8+9WqebbFzpX9OR+Wa6O29asIogeRMzcGtAINdpMHHyAg10f05aSFVBbcEqGf/PXw1EjAZ+q2/bEBg3DvurK3Q==
  
  aria-query@^5.1.3:
    version "5.1.3"
    resolved "https://registry.yarnpkg.com/aria-query/-/aria-query-5.1.3.tgz#19db27cd101152773631396f7a95a3b58c22c35e"
    integrity sha512-R5iJ5lkuHybztUfuOAznmboyjWq8O6sqNqtK7CLOqdydi54VNbORp49mb14KbWgG1QD3JFO9hJdZ+y4KutfdOQ==
    dependencies:
      deep-equal "^2.0.5"
  
  array-buffer-byte-length@^1.0.0:
    version "1.0.0"
    resolved "https://registry.yarnpkg.com/array-buffer-byte-length/-/array-buffer-byte-length-1.0.0.tgz#fabe8bc193fea865f317fe7807085ee0dee5aead"
    integrity sha512-LPuwb2P+NrQw3XhxGc36+XSvuBPopovXYTR9Ew++Du9Yb/bx5AzBfrIsBoj0EZUifjQU+sHL21sseZ3jerWO/A==
    dependencies:
      call-bind "^1.0.2"
      is-array-buffer "^3.0.1"
  
  array-includes@^3.1.5, array-includes@^3.1.6:
    version "3.1.6"
    resolved "https://registry.yarnpkg.com/array-includes/-/array-includes-3.1.6.tgz#9e9e720e194f198266ba9e18c29e6a9b0e4b225f"
    integrity sha512-sgTbLvL6cNnw24FnbaDyjmvddQ2ML8arZsgaJhoABMoplz/4QRhtrYS+alr1BUM1Bwp6dhx8vVCBSLG+StwOFw==
    dependencies:
      call-bind "^1.0.2"
      define-properties "^1.1.4"
      es-abstract "^1.20.4"
      get-intrinsic "^1.1.3"
      is-string "^1.0.7"
  
  array-union@^2.1.0:
    version "2.1.0"
    resolved "https://registry.yarnpkg.com/array-union/-/array-union-2.1.0.tgz#b798420adbeb1de828d84acd8a2e23d3efe85e8d"
    integrity sha512-HGyxoOTYUyCM6stUe6EJgnd4EoewAI7zMdfqO+kGjnlZmBDz/cR5pf8r/cR4Wq60sL/p0IkcjUEEPwS3GFrIyw==
  
  array.prototype.flat@^1.3.1:
    version "1.3.1"
    resolved "https://registry.yarnpkg.com/array.prototype.flat/-/array.prototype.flat-1.3.1.tgz#ffc6576a7ca3efc2f46a143b9d1dda9b4b3cf5e2"
    integrity sha512-roTU0KWIOmJ4DRLmwKd19Otg0/mT3qPNt0Qb3GWW8iObuZXxrjB/pzn0R3hqpRSWg4HCwqx+0vwOnWnvlOyeIA==
    dependencies:
      call-bind "^1.0.2"
      define-properties "^1.1.4"
      es-abstract "^1.20.4"
      es-shim-unscopables "^1.0.0"
  
  array.prototype.flatmap@^1.3.1:
    version "1.3.1"
    resolved "https://registry.yarnpkg.com/array.prototype.flatmap/-/array.prototype.flatmap-1.3.1.tgz#1aae7903c2100433cb8261cd4ed310aab5c4a183"
    integrity sha512-8UGn9O1FDVvMNB0UlLv4voxRMze7+FpHyF5mSMRjWHUMlpoDViniy05870VlxhfgTnLbpuwTzvD76MTtWxB/mQ==
    dependencies:
      call-bind "^1.0.2"
      define-properties "^1.1.4"
      es-abstract "^1.20.4"
      es-shim-unscopables "^1.0.0"
  
  array.prototype.tosorted@^1.1.1:
    version "1.1.1"
    resolved "https://registry.yarnpkg.com/array.prototype.tosorted/-/array.prototype.tosorted-1.1.1.tgz#ccf44738aa2b5ac56578ffda97c03fd3e23dd532"
    integrity sha512-pZYPXPRl2PqWcsUs6LOMn+1f1532nEoPTYowBtqLwAW+W8vSVhkIGnmOX1t/UQjD6YGI0vcD2B1U7ZFGQH9jnQ==
    dependencies:
      call-bind "^1.0.2"
      define-properties "^1.1.4"
      es-abstract "^1.20.4"
      es-shim-unscopables "^1.0.0"
      get-intrinsic "^1.1.3"
  
  ast-types-flow@^0.0.7:
    version "0.0.7"
    resolved "https://registry.yarnpkg.com/ast-types-flow/-/ast-types-flow-0.0.7.tgz#f70b735c6bca1a5c9c22d982c3e39e7feba3bdad"
    integrity sha512-eBvWn1lvIApYMhzQMsu9ciLfkBY499mFZlNqG+/9WR7PVlroQw0vG30cOQQbaKz3sCEc44TAOu2ykzqXSNnwag==
  
  async-mutex@^0.2.6:
    version "0.2.6"
    resolved "https://registry.npmmirror.com/async-mutex/-/async-mutex-0.2.6.tgz#0d7a3deb978bc2b984d5908a2038e1ae2e54ff40"
    integrity sha512-Hs4R+4SPgamu6rSGW8C7cV9gaWUKEHykfzCCvIRuaVv636Ju10ZdeUbvb4TBEW0INuq2DHZqXbK4Nd3yG4RaRw==
    dependencies:
      tslib "^2.0.0"
  
  async_hooks@^1.0.0:
    version "1.0.0"
    resolved "https://registry.yarnpkg.com/async_hooks/-/async_hooks-1.0.0.tgz#815f5e861fe73f64eb29fd942c32e95c8064052f"
    integrity sha512-t4BSJgx48V3e7U6Ll3/WOUNmxIRPzmPdxVfgbyzcnRItEnn4iKp4F//b0sV3L9hzbdr5qxWdNWzOF7t+rjYSfA==
  
  asynckit@^0.4.0:
    version "0.4.0"
    resolved "https://registry.yarnpkg.com/asynckit/-/asynckit-0.4.0.tgz#c79ed97f7f34cb8f2ba1bc9790bcc366474b4b79"
    integrity sha512-Oei9OH4tRh0YqU3GxhX79dM/mwVgvbZJaSNaRk+bshkj0S5cfHcgYakreBjrHwatXKbz+IoIdYLxrKim2MjW0Q==
  
  atomic-sleep@^1.0.0:
    version "1.0.0"
    resolved "https://registry.npmmirror.com/atomic-sleep/-/atomic-sleep-1.0.0.tgz#eb85b77a601fc932cfe432c5acd364a9e2c9075b"
    integrity sha512-kNOjDqAh7px0XWNI+4QbzoiR/nTkHAWNud2uvnJquD1/x5a7EQZMJT0AczqK0Qn67oY/TTQ1LbUKajZpp3I9tQ==
  
  available-typed-arrays@^1.0.5:
    version "1.0.5"
    resolved "https://registry.yarnpkg.com/available-typed-arrays/-/available-typed-arrays-1.0.5.tgz#92f95616501069d07d10edb2fc37d3e1c65123b7"
    integrity sha512-DMD0KiN46eipeziST1LPP/STfDU0sufISXmjSgvVsoU2tqxctQeASejWcfNtxYKqETM1UxQ8sp2OrSBWpHY6sw==
  
  axe-core@^4.6.2:
    version "4.7.0"
    resolved "https://registry.yarnpkg.com/axe-core/-/axe-core-4.7.0.tgz#34ba5a48a8b564f67e103f0aa5768d76e15bbbbf"
    integrity sha512-M0JtH+hlOL5pLQwHOLNYZaXuhqmvS8oExsqB1SBYgA4Dk7u/xx+YdGHXaK5pyUfed5mYXdlYiphWq3G8cRi5JQ==
  
  axios@^1.5.0:
    version "1.5.0"
    resolved "https://registry.yarnpkg.com/axios/-/axios-1.5.0.tgz#f02e4af823e2e46a9768cfc74691fdd0517ea267"
    integrity sha512-D4DdjDo5CY50Qms0qGQTTw6Q44jl7zRwY7bthds06pUGfChBCTcQs+N743eFWGEd6pRTMd6A+I87aWyFV5wiZQ==
    dependencies:
      follow-redirects "^1.15.0"
      form-data "^4.0.0"
      proxy-from-env "^1.1.0"
  
  axobject-query@^3.1.1:
    version "3.1.1"
    resolved "https://registry.yarnpkg.com/axobject-query/-/axobject-query-3.1.1.tgz#3b6e5c6d4e43ca7ba51c5babf99d22a9c68485e1"
    integrity sha512-goKlv8DZrK9hUh975fnHzhNIO4jUnFCfv/dszV5VwUGDFjI6vQ2VwoyjYjYNEbBE8AH87TduWP5uyDR1D+Iteg==
    dependencies:
      deep-equal "^2.0.5"
  
  b4a@^1.6.4:
    version "1.6.4"
    resolved "https://registry.yarnpkg.com/b4a/-/b4a-1.6.4.tgz#ef1c1422cae5ce6535ec191baeed7567443f36c9"
    integrity sha512-fpWrvyVHEKyeEvbKZTVOeZF3VSKKWtJxFIxX/jaVPf+cLbGUSitjb49pHLqPV2BUNNZ0LcoeEGfE/YCpyDYHIw==
  
  babel-plugin-macros@^3.1.0:
    version "3.1.0"
    resolved "https://registry.yarnpkg.com/babel-plugin-macros/-/babel-plugin-macros-3.1.0.tgz#9ef6dc74deb934b4db344dc973ee851d148c50c1"
    integrity sha512-Cg7TFGpIr01vOQNODXOOaGz2NpCU5gl8x1qJFbb6hbZxR7XrcE2vtbAsTAbJ7/xwJtUuJEw8K8Zr/AE0LHlesg==
    dependencies:
      "@babel/runtime" "^7.12.5"
      cosmiconfig "^7.0.0"
      resolve "^1.19.0"
  
  babel-plugin-polyfill-corejs2@^0.4.3:
    version "0.4.3"
    resolved "https://registry.yarnpkg.com/babel-plugin-polyfill-corejs2/-/babel-plugin-polyfill-corejs2-0.4.3.tgz#75044d90ba5043a5fb559ac98496f62f3eb668fd"
    integrity sha512-bM3gHc337Dta490gg+/AseNB9L4YLHxq1nGKZZSHbhXv4aTYU2MD2cjza1Ru4S6975YLTaL1K8uJf6ukJhhmtw==
    dependencies:
      "@babel/compat-data" "^7.17.7"
      "@babel/helper-define-polyfill-provider" "^0.4.0"
      semver "^6.1.1"
  
  babel-plugin-polyfill-corejs3@^0.8.1:
    version "0.8.1"
    resolved "https://registry.yarnpkg.com/babel-plugin-polyfill-corejs3/-/babel-plugin-polyfill-corejs3-0.8.1.tgz#39248263c38191f0d226f928d666e6db1b4b3a8a"
    integrity sha512-ikFrZITKg1xH6pLND8zT14UPgjKHiGLqex7rGEZCH2EvhsneJaJPemmpQaIZV5AL03II+lXylw3UmddDK8RU5Q==
    dependencies:
      "@babel/helper-define-polyfill-provider" "^0.4.0"
      core-js-compat "^3.30.1"
  
  babel-plugin-polyfill-regenerator@^0.5.0:
    version "0.5.0"
    resolved "https://registry.yarnpkg.com/babel-plugin-polyfill-regenerator/-/babel-plugin-polyfill-regenerator-0.5.0.tgz#e7344d88d9ef18a3c47ded99362ae4a757609380"
    integrity sha512-hDJtKjMLVa7Z+LwnTCxoDLQj6wdc+B8dun7ayF2fYieI6OzfuvcLMB32ihJZ4UhCBwNYGl5bg/x/P9cMdnkc2g==
    dependencies:
      "@babel/helper-define-polyfill-provider" "^0.4.0"
  
  balanced-match@^1.0.0:
    version "1.0.2"
    resolved "https://registry.yarnpkg.com/balanced-match/-/balanced-match-1.0.2.tgz#e83e3a7e3f300b34cb9d87f615fa0cbf357690ee"
    integrity sha512-3oSeUO0TMV67hN1AmbXsK4yaqU7tjiHlbxRDZOpH0KW9+CeX4bRAaX0Anxt0tx2MrpRpWwQaPwIlISEJhYU5Pw==
  
  base-x@^3.0.2:
    version "3.0.9"
    resolved "https://registry.npmmirror.com/base-x/-/base-x-3.0.9.tgz#6349aaabb58526332de9f60995e548a53fe21320"
    integrity sha512-H7JU6iBHTal1gp56aKoaa//YUxEaAOUiydvrV/pILqIHXTtqxSkATOnDA2u+jZ/61sD+L/412+7kzXRtWukhpQ==
    dependencies:
      safe-buffer "^5.0.1"
  
  base64-js@^1.3.1:
    version "1.5.1"
    resolved "https://registry.npmmirror.com/base64-js/-/base64-js-1.5.1.tgz#1b1b440160a5bf7ad40b650f095963481903930a"
    integrity sha512-AKpaYlHn8t4SVbOHCy+b5+KKgvR4vrsD8vbvrbiQJps7fKDTkjkDry6ji0rUJjC0kzbNePLwzxq8iypo41qeWA==
  
  bech32@1.1.4:
    version "1.1.4"
    resolved "https://registry.yarnpkg.com/bech32/-/bech32-1.1.4.tgz#e38c9f37bf179b8eb16ae3a772b40c356d4832e9"
    integrity sha512-s0IrSOzLlbvX7yp4WBfPITzpAU8sqQcpsmwXDiKwrG4r491vwCO/XpejasRNl0piBMe/DvP4Tz0mIS/X1DPJBQ==
  
  bigint-buffer@^1.1.5:
    version "1.1.5"
    resolved "https://registry.npmmirror.com/bigint-buffer/-/bigint-buffer-1.1.5.tgz#d038f31c8e4534c1f8d0015209bf34b4fa6dd442"
    integrity sha512-trfYco6AoZ+rKhKnxA0hgX0HAbVP/s808/EuDSe2JDzUnCp/xAsli35Orvk67UrTEcwuxZqYZDmfA2RXJgxVvA==
    dependencies:
      bindings "^1.3.0"
  
  bignumber.js@^9.0.1:
    version "9.1.1"
    resolved "https://registry.yarnpkg.com/bignumber.js/-/bignumber.js-9.1.1.tgz#c4df7dc496bd849d4c9464344c1aa74228b4dac6"
    integrity sha512-pHm4LsMJ6lzgNGVfZHjMoO8sdoRhOzOH4MLmY65Jg70bpxCKu5iOHNJyfF6OyvYw7t8Fpf35RuzUyqnQsj8Vig==
  
  bignumber.js@^9.1.2:
    version "9.1.2"
    resolved "https://registry.yarnpkg.com/bignumber.js/-/bignumber.js-9.1.2.tgz#b7c4242259c008903b13707983b5f4bbd31eda0c"
    integrity sha512-2/mKyZH9K85bzOEfhXDBFZTGd1CTs+5IHpeFQo9luiBG7hghdC851Pj2WAhb6E3R6b9tZj/XKhbg4fum+Kepug==
  
  bind-decorator@^1.0.11:
    version "1.0.11"
    resolved "https://registry.npmmirror.com/bind-decorator/-/bind-decorator-1.0.11.tgz#e41bc06a1f65dd9cec476c91c5daf3978488252f"
    integrity sha512-yzkH0uog6Vv/vQ9+rhSKxecnqGUZHYncg7qS7voz3Q76+TAi1SGiOKk2mlOvusQnFz9Dc4BC/NMkeXu11YgjJg==
  
  bindings@^1.3.0:
    version "1.5.0"
    resolved "https://registry.npmmirror.com/bindings/-/bindings-1.5.0.tgz#10353c9e945334bc0511a6d90b38fbc7c9c504df"
    integrity sha512-p2q/t/mhvuOj/UeLlV6566GD/guowlr0hHxClI0W9m7MWYkL1F0hLo+0Aexs9HSPCtR1SXQ0TD3MMKrXZajbiQ==
    dependencies:
      file-uri-to-path "1.0.0"
  
  bl@^4.0.3:
    version "4.1.0"
    resolved "https://registry.yarnpkg.com/bl/-/bl-4.1.0.tgz#451535264182bec2fbbc83a62ab98cf11d9f7b3a"
    integrity sha512-1W07cM9gS6DcLperZfFSj+bWLtaPGSOHWhPiGzXmvVJbRLdG82sH/Kn8EtW1VqWVA54AKf2h5k5BbnIbwF3h6w==
    dependencies:
      buffer "^5.5.0"
      inherits "^2.0.4"
      readable-stream "^3.4.0"
  
  blakejs@^1.1.0:
    version "1.2.1"
    resolved "https://registry.npmmirror.com/blakejs/-/blakejs-1.2.1.tgz#5057e4206eadb4a97f7c0b6e197a505042fc3814"
    integrity sha512-QXUSXI3QVc/gJME0dBpXrag1kbzOqCjCX8/b54ntNyW6sjtoqxqRk3LTmXzaJoh71zMsDCjM+47jS7XiwN/+fQ==
  
  bn.js@4.11.6:
    version "4.11.6"
    resolved "https://registry.npmmirror.com/bn.js/-/bn.js-4.11.6.tgz#53344adb14617a13f6e8dd2ce28905d1c0ba3215"
    integrity sha512-XWwnNNFCuuSQ0m3r3C4LE3EiORltHd9M05pq6FOlVeiophzRbMo50Sbz1ehl8K3Z+jw9+vmgnXefY1hz8X+2wA==
  
  bn.js@^4.11.9:
    version "4.12.0"
    resolved "https://registry.yarnpkg.com/bn.js/-/bn.js-4.12.0.tgz#775b3f278efbb9718eec7361f483fb36fbbfea88"
    integrity sha512-c98Bf3tPniI+scsdk237ku1Dc3ujXQTSgyiPUDEOe7tRkhrqridvh8klBv0HCEso1OLOYcHuCv/cS6DNxKH+ZA==
  
  bn.js@^5.0.0, bn.js@^5.1.1, bn.js@^5.1.2, bn.js@^5.2.0, bn.js@^5.2.1:
    version "5.2.1"
    resolved "https://registry.npmmirror.com/bn.js/-/bn.js-5.2.1.tgz#0bc527a6a0d18d0aa8d5b0538ce4a77dccfa7b70"
    integrity sha512-eXRvHzWyYPBuB4NBy0cmYQjGitUrtqwbvlzP3G6VFnNRbsZQIxQ10PbKKHt8gZ/HW/D/747aDl+QkDqg3KQLMQ==
  
  boolbase@^1.0.0:
    version "1.0.0"
    resolved "https://registry.yarnpkg.com/boolbase/-/boolbase-1.0.0.tgz#68dff5fbe60c51eb37725ea9e3ed310dcc1e776e"
    integrity sha512-JZOSA7Mo9sNGB8+UjSgzdLtokWAky1zbztM3WRLCbZ70/3cTANmQmOdR7y2g+J0e2WXywy1yS468tY+IruqEww==
  
  borsh@^0.7.0:
    version "0.7.0"
    resolved "https://registry.npmmirror.com/borsh/-/borsh-0.7.0.tgz#6e9560d719d86d90dc589bca60ffc8a6c51fec2a"
    integrity sha512-CLCsZGIBCFnPtkNnieW/a8wmreDmfUtjU2m9yHrzPXIlNbqVs0AQrSatSG6vdNYUqdc83tkQi2eHfF98ubzQLA==
    dependencies:
      bn.js "^5.2.0"
      bs58 "^4.0.0"
      text-encoding-utf-8 "^1.0.2"
  
  brace-expansion@^1.1.7:
    version "1.1.11"
    resolved "https://registry.yarnpkg.com/brace-expansion/-/brace-expansion-1.1.11.tgz#3c7fcbf529d87226f3d2f52b966ff5271eb441dd"
    integrity sha512-iCuPHDFgrHX7H2vEI/5xpz07zSHB00TpugqhmYtVmMO6518mCuRMoOYFldEBl0g187ufozdaHgWKcYFb61qGiA==
    dependencies:
      balanced-match "^1.0.0"
      concat-map "0.0.1"
  
  brace-expansion@^2.0.1:
    version "2.0.1"
    resolved "https://registry.yarnpkg.com/brace-expansion/-/brace-expansion-2.0.1.tgz#1edc459e0f0c548486ecf9fc99f2221364b9a0ae"
    integrity sha512-XnAIvQ8eM+kC6aULx6wuQiwVsnzsi9d3WxzV3FpWTGA19F621kwdbsAcFKXgKUHZWsy+mY6iL1sHTxWEFCytDA==
    dependencies:
      balanced-match "^1.0.0"
  
  braces@^3.0.2:
    version "3.0.2"
    resolved "https://registry.yarnpkg.com/braces/-/braces-3.0.2.tgz#3454e1a462ee8d599e236df336cd9ea4f8afe107"
    integrity sha512-b8um+L1RzM3WDSzvhm6gIz1yfTbBt6YTlcEKAvsmqCZZFw46z626lVj9j1yEPW33H5H+lBQpZMP1k8l+78Ha0A==
    dependencies:
      fill-range "^7.0.1"
  
  brorand@^1.1.0:
    version "1.1.0"
    resolved "https://registry.yarnpkg.com/brorand/-/brorand-1.1.0.tgz#12c25efe40a45e3c323eb8675a0a0ce57b22371f"
    integrity sha512-cKV8tMCEpQs4hK/ik71d6LrPOnpkpGBR0wzxqr68g2m/LB2GxVYQroAjMJZRVM1Y4BCjCKc3vAamxSzOY2RP+w==
  
  browserify-aes@^1.2.0:
    version "1.2.0"
    resolved "https://registry.npmmirror.com/browserify-aes/-/browserify-aes-1.2.0.tgz#326734642f403dabc3003209853bb70ad428ef48"
    integrity sha512-+7CHXqGuspUn/Sl5aO7Ea0xWGAtETPXNSAjHo48JfLdPWcMng33Xe4znFvQweqc/uzk5zSOI3H52CYnjCfb5hA==
    dependencies:
      buffer-xor "^1.0.3"
      cipher-base "^1.0.0"
      create-hash "^1.1.0"
      evp_bytestokey "^1.0.3"
      inherits "^2.0.1"
      safe-buffer "^5.0.1"
  
  browserslist@^4.21.3, browserslist@^4.21.5:
    version "4.21.8"
    resolved "https://registry.yarnpkg.com/browserslist/-/browserslist-4.21.8.tgz#db2498e1f4b80ed199c076248a094935860b6017"
    integrity sha512-j+7xYe+v+q2Id9qbBeCI8WX5NmZSRe8es1+0xntD/+gaWXznP8tFEkv5IgSaHf5dS1YwVMbX/4W6m937mj+wQw==
    dependencies:
      caniuse-lite "^1.0.30001502"
      electron-to-chromium "^1.4.428"
      node-releases "^2.0.12"
      update-browserslist-db "^1.0.11"
  
  bs58@^4.0.0, bs58@^4.0.1:
    version "4.0.1"
    resolved "https://registry.npmmirror.com/bs58/-/bs58-4.0.1.tgz#be161e76c354f6f788ae4071f63f34e8c4f0a42a"
    integrity sha512-Ok3Wdf5vOIlBrgCvTq96gBkJw+JUEzdBgyaza5HLtPm7yTHkjRy8+JzNyHF7BHa0bNWOQIp3m5YF0nnFcOIKLw==
    dependencies:
      base-x "^3.0.2"
  
  bs58check@^2.1.2:
    version "2.1.2"
    resolved "https://registry.npmmirror.com/bs58check/-/bs58check-2.1.2.tgz#53b018291228d82a5aa08e7d796fdafda54aebfc"
    integrity sha512-0TS1jicxdU09dwJMNZtVAfzPi6Q6QeN0pM1Fkzrjn+XYHvzMKPU3pHVpva+769iNVSfIYWf7LJ6WR+BuuMf8cA==
    dependencies:
      bs58 "^4.0.0"
      create-hash "^1.1.0"
      safe-buffer "^5.1.2"
  
  buffer-reverse@^1.0.1:
    version "1.0.1"
    resolved "https://registry.npmmirror.com/buffer-reverse/-/buffer-reverse-1.0.1.tgz#49283c8efa6f901bc01fa3304d06027971ae2f60"
    integrity sha512-M87YIUBsZ6N924W57vDwT/aOu8hw7ZgdByz6ijksLjmHJELBASmYTTlNHRgjE+pTsT9oJXGaDSgqqwfdHotDUg==
  
  buffer-xor@^1.0.3:
    version "1.0.3"
    resolved "https://registry.npmmirror.com/buffer-xor/-/buffer-xor-1.0.3.tgz#26e61ed1422fb70dd42e6e36729ed51d855fe8d9"
    integrity sha512-571s0T7nZWK6vB67HI5dyUF7wXiNcfaPPPTl6zYCNApANjIvYJTg7hlud/+cJpdAhS7dVzqMLmfhfHR3rAcOjQ==
  
  buffer@6.0.3, buffer@^6.0.3, buffer@~6.0.3:
    version "6.0.3"
    resolved "https://registry.npmmirror.com/buffer/-/buffer-6.0.3.tgz#2ace578459cc8fbe2a70aaa8f52ee63b6a74c6c6"
    integrity sha512-FTiCpNxtwiZZHEZbcbTIcZjERVICn9yq/pDFkTl95/AxzD1naBctN7YO68riM/gLSDY7sdrMby8hofADYuuqOA==
    dependencies:
      base64-js "^1.3.1"
      ieee754 "^1.2.1"
  
  buffer@^5.5.0:
    version "5.7.1"
    resolved "https://registry.yarnpkg.com/buffer/-/buffer-5.7.1.tgz#ba62e7c13133053582197160851a8f648e99eed0"
    integrity sha512-EHcyIPBQ4BSGlvjB16k5KgAJ27CIsHY/2JBmCRReo48y9rQ3MaUzWX3KVlBa4U7MyX02HdVj0K7C3WaB3ju7FQ==
    dependencies:
      base64-js "^1.3.1"
      ieee754 "^1.1.13"
  
  bufferutil@^4.0.1:
    version "4.0.7"
    resolved "https://registry.npmmirror.com/bufferutil/-/bufferutil-4.0.7.tgz#60c0d19ba2c992dd8273d3f73772ffc894c153ad"
    integrity sha512-kukuqc39WOHtdxtw4UScxF/WVnMFVSQVKhtx3AjZJzhd0RGZZldcrfSEbVsWWe6KNH253574cq5F+wpv0G9pJw==
    dependencies:
      node-gyp-build "^4.3.0"
  
  busboy@1.6.0:
    version "1.6.0"
    resolved "https://registry.yarnpkg.com/busboy/-/busboy-1.6.0.tgz#966ea36a9502e43cdb9146962523b92f531f6893"
    integrity sha512-8SFQbg/0hQ9xy3UNTB0YEnsNBbWfhf7RtnzpL7TkBiTBRfrQ9Fxcnz7VJsleJpyp6rVLvXiuORqjlHi5q+PYuA==
    dependencies:
      streamsearch "^1.1.0"
  
  call-bind@^1.0.0, call-bind@^1.0.2:
    version "1.0.2"
    resolved "https://registry.yarnpkg.com/call-bind/-/call-bind-1.0.2.tgz#b1d4e89e688119c3c9a903ad30abb2f6a919be3c"
    integrity sha512-7O+FbCihrB5WGbFYesctwmTKae6rOiIzmz1icreWJ+0aA7LJfuqhEso2T9ncpcFtzMQtzXf2QGGueWJGTYsqrA==
    dependencies:
      function-bind "^1.1.1"
      get-intrinsic "^1.0.2"
  
  callsites@^3.0.0:
    version "3.1.0"
    resolved "https://registry.yarnpkg.com/callsites/-/callsites-3.1.0.tgz#b3630abd8943432f54b3f0519238e33cd7df2f73"
    integrity sha512-P8BjAsXvZS+VIDUI11hHCQEv74YT67YUi5JJFNWIqL235sBmjX4+qx9Muvls5ivyNENctx46xQLQ3aTuE7ssaQ==
  
  camelcase@^5.0.0:
    version "5.3.1"
    resolved "https://registry.npmmirror.com/camelcase/-/camelcase-5.3.1.tgz#e3c9b31569e106811df242f715725a1f4c494320"
    integrity sha512-L28STB170nwWS63UjtlEOE3dldQApaJXZkOI1uMFfzf3rRuPegHaHesyee+YxQ+W6SvRDQV6UrdOdRiR153wJg==
  
  camelcase@^6.2.0:
    version "6.3.0"
    resolved "https://registry.yarnpkg.com/camelcase/-/camelcase-6.3.0.tgz#5685b95eb209ac9c0c177467778c9c84df58ba9a"
    integrity sha512-Gmy6FhYlCY7uOElZUSbxo2UCDH8owEk996gkbrpsgGtrJLM3J7jGxl9Ic7Qwwj4ivOE5AWZWRMecDdF7hqGjFA==
  
  caniuse-lite@^1.0.30001406:
    version "1.0.30001481"
    resolved "https://registry.yarnpkg.com/caniuse-lite/-/caniuse-lite-1.0.30001481.tgz#f58a717afe92f9e69d0e35ff64df596bfad93912"
    integrity sha512-KCqHwRnaa1InZBtqXzP98LPg0ajCVujMKjqKDhZEthIpAsJl/YEIa3YvXjGXPVqzZVguccuu7ga9KOE1J9rKPQ==
  
  caniuse-lite@^1.0.30001502:
    version "1.0.30001502"
    resolved "https://registry.yarnpkg.com/caniuse-lite/-/caniuse-lite-1.0.30001502.tgz#f7e4a76eb1d2d585340f773767be1fefc118dca8"
    integrity sha512-AZ+9tFXw1sS0o0jcpJQIXvFTOB/xGiQ4OQ2t98QX3NDn2EZTSRBC801gxrsGgViuq2ak/NLkNgSNEPtCr5lfKg==
  
  chalk@3.0.0:
    version "3.0.0"
    resolved "https://registry.yarnpkg.com/chalk/-/chalk-3.0.0.tgz#3f73c2bf526591f574cc492c51e2456349f844e4"
    integrity sha512-4D3B6Wf41KOYRFdszmDqMCGq5VV/uMAB273JILmO+3jAlh8X4qDtdtgCR3fxtbLEMzSx22QdhnDcJvu2u1fVwg==
    dependencies:
      ansi-styles "^4.1.0"
      supports-color "^7.1.0"
  
  chalk@^2.0.0:
    version "2.4.2"
    resolved "https://registry.yarnpkg.com/chalk/-/chalk-2.4.2.tgz#cd42541677a54333cf541a49108c1432b44c9424"
    integrity sha512-Mti+f9lpJNcwF4tWV8/OrTTtF1gZi+f8FqlyAdouralcFWFQWF2+NgCHShjkCb+IFBLq9buZwE1xckQU4peSuQ==
    dependencies:
      ansi-styles "^3.2.1"
      escape-string-regexp "^1.0.5"
      supports-color "^5.3.0"
  
  chalk@^4.0.0, chalk@^4.1.1:
    version "4.1.2"
    resolved "https://registry.yarnpkg.com/chalk/-/chalk-4.1.2.tgz#aac4e2b7734a740867aeb16bf02aad556a1e7a01"
    integrity sha512-oKnbhFyRIXpUuez8iBMmyEa4nbj4IOQyuhc/wy9kY7/WVPcwIO9VA668Pu8RkO7+0G76SLROeyw9CpQ061i4mA==
    dependencies:
      ansi-styles "^4.1.0"
      supports-color "^7.1.0"
  
  chownr@^1.1.1:
    version "1.1.4"
    resolved "https://registry.yarnpkg.com/chownr/-/chownr-1.1.4.tgz#6fc9d7b42d32a583596337666e7d08084da2cc6b"
    integrity sha512-jJ0bqzaylmJtVnNgzTeSOs8DPavpbYgEr/b0YL8/2GO3xJEhInFmhKMUnEJQjZumK7KXGFhUy89PrsJWlakBVg==
  
  cipher-base@^1.0.0, cipher-base@^1.0.1, cipher-base@^1.0.3:
    version "1.0.4"
    resolved "https://registry.npmmirror.com/cipher-base/-/cipher-base-1.0.4.tgz#8760e4ecc272f4c363532f926d874aae2c1397de"
    integrity sha512-Kkht5ye6ZGmwv40uUDZztayT2ThLQGfnj/T71N/XzeZeo3nf8foyW7zGTsPYkEya3m5f3cAypH+qe7YOrM1U2Q==
    dependencies:
      inherits "^2.0.1"
      safe-buffer "^5.0.1"
  
  client-only@0.0.1:
    version "0.0.1"
    resolved "https://registry.yarnpkg.com/client-only/-/client-only-0.0.1.tgz#38bba5d403c41ab150bff64a95c85013cf73bca1"
    integrity sha512-IV3Ou0jSMzZrd3pZ48nLkT9DA7Ag1pnPzaiQhpW7c3RbcqqzvzzVu+L8gfqMp/8IM2MQtSiqaCxrrcfu8I8rMA==
  
  cliui@^6.0.0:
    version "6.0.0"
    resolved "https://registry.npmmirror.com/cliui/-/cliui-6.0.0.tgz#511d702c0c4e41ca156d7d0e96021f23e13225b1"
    integrity sha512-t6wbgtoCXvAzst7QgXxJYqPt0usEfbgQdftEPbLL/cvv6HPE5VgvqCuAIDR0NgU52ds6rFwqrgakNLrHEjCbrQ==
    dependencies:
      string-width "^4.2.0"
      strip-ansi "^6.0.0"
      wrap-ansi "^6.2.0"
  
  clsx@1.1.1:
    version "1.1.1"
    resolved "https://registry.npmmirror.com/clsx/-/clsx-1.1.1.tgz#98b3134f9abbdf23b2663491ace13c5c03a73188"
    integrity sha512-6/bPho624p3S2pMyvP5kKBPXnI3ufHLObBFCfgx+LkeR5lg2XYy2hqZqUf45ypD8COn2bhgGJSUE+l5dhNBieA==
  
  clsx@^1.1.0:
    version "1.2.1"
    resolved "https://registry.yarnpkg.com/clsx/-/clsx-1.2.1.tgz#0ddc4a20a549b59c93a4116bb26f5294ca17dc12"
    integrity sha512-EcR6r5a8bj6pu3ycsa/E/cKVGuTgZJZdsyUYHOksG/UHIiKfjxzRxYJpyVBwYaQeOvghal9fcc4PidlgzugAQg==
  
  clsx@^2.0.0:
    version "2.0.0"
    resolved "https://registry.yarnpkg.com/clsx/-/clsx-2.0.0.tgz#12658f3fd98fafe62075595a5c30e43d18f3d00b"
    integrity sha512-rQ1+kcj+ttHG0MKVGBUXwayCCF1oh39BF5COIpRzuCEv8Mwjv0XucrI2ExNTOn9IlLifGClWQcU9BrZORvtw6Q==
  
  color-convert@^1.9.0:
    version "1.9.3"
    resolved "https://registry.yarnpkg.com/color-convert/-/color-convert-1.9.3.tgz#bb71850690e1f136567de629d2d5471deda4c1e8"
    integrity sha512-QfAUtd+vFdAtFQcC8CCyYt1fYWxSqAiK2cSD6zDB8N3cpsEBAvRxp9zOGg6G/SHHJYAT88/az/IuDGALsNVbGg==
    dependencies:
      color-name "1.1.3"
  
  color-convert@^2.0.1:
    version "2.0.1"
    resolved "https://registry.yarnpkg.com/color-convert/-/color-convert-2.0.1.tgz#72d3a68d598c9bdb3af2ad1e84f21d896abd4de3"
    integrity sha512-RRECPsj7iu/xb5oKYcsFHSppFNnsj/52OVTRKb4zP5onXwVF3zVmmToNcOfGC+CRDpfK/U584fMg38ZHCaElKQ==
    dependencies:
      color-name "~1.1.4"
  
  color-name@1.1.3:
    version "1.1.3"
    resolved "https://registry.yarnpkg.com/color-name/-/color-name-1.1.3.tgz#a7d0558bd89c42f795dd42328f740831ca53bc25"
    integrity sha512-72fSenhMw2HZMTVHeCA9KCmpEIbzWiQsjN+BHcBbS9vr1mtt+vJjPdksIBNUmKAW8TFUDPJK5SUU3QhE9NEXDw==
  
  color-name@^1.0.0, color-name@~1.1.4:
    version "1.1.4"
    resolved "https://registry.yarnpkg.com/color-name/-/color-name-1.1.4.tgz#c2a09a87acbde69543de6f63fa3995c826c536a2"
    integrity sha512-dOy+3AuW3a2wNbZHIuMZpTcgjGuLU/uBL/ubcZF9OXbDo8ff4O8yVp5Bf0efS8uEoYo5q4Fx7dY9OgQGXgAsQA==
  
  color-string@^1.9.0:
    version "1.9.1"
    resolved "https://registry.yarnpkg.com/color-string/-/color-string-1.9.1.tgz#4467f9146f036f855b764dfb5bf8582bf342c7a4"
    integrity sha512-shrVawQFojnZv6xM40anx4CkoDP+fZsw/ZerEMsW/pyzsRbElpsL/DBVW7q3ExxwusdNXI3lXpuhEZkzs8p5Eg==
    dependencies:
      color-name "^1.0.0"
      simple-swizzle "^0.2.2"
  
  color@^4.2.3:
    version "4.2.3"
    resolved "https://registry.yarnpkg.com/color/-/color-4.2.3.tgz#d781ecb5e57224ee43ea9627560107c0e0c6463a"
    integrity sha512-1rXeuUUiGGrykh+CeBdu5Ie7OJwinCgQY0bc7GCRxy5xVHy+moaqkpL/jqQq0MtQOeYcrqEz4abc5f0KtU7W4A==
    dependencies:
      color-convert "^2.0.1"
      color-string "^1.9.0"
  
  colorette@^2.0.7:
    version "2.0.20"
    resolved "https://registry.yarnpkg.com/colorette/-/colorette-2.0.20.tgz#9eb793e6833067f7235902fcd3b09917a000a95a"
    integrity sha512-IfEDxwoWIjkeXL1eXcDiow4UbKjhLdq6/EuSVR9GMN7KVH3r9gQ83e73hsz1Nd1T3ijd5xv1wcWRYO+D6kCI2w==
  
  combined-stream@^1.0.8:
    version "1.0.8"
    resolved "https://registry.yarnpkg.com/combined-stream/-/combined-stream-1.0.8.tgz#c3d45a8b34fd730631a110a8a2520682b31d5a7f"
    integrity sha512-FQN4MRfuJeHf7cBbBMJFXhKSDq+2kAArBlmRBvcvFE5BB1HZKXtSFASDhdlz9zOYwxh8lDdnvmMOe/+5cdoEdg==
    dependencies:
      delayed-stream "~1.0.0"
  
  commander@^2.20.3:
    version "2.20.3"
    resolved "https://registry.npmmirror.com/commander/-/commander-2.20.3.tgz#fd485e84c03eb4881c20722ba48035e8531aeb33"
    integrity sha512-GpVkmM8vF2vQUkj2LvZmD35JxeJOLCwJ9cUkugyk2nuhbv3+mJvpLYYt+0+USMxE+oj+ey/lJEnhZw75x/OMcQ==
  
  commander@^7.2.0:
    version "7.2.0"
    resolved "https://registry.yarnpkg.com/commander/-/commander-7.2.0.tgz#a36cb57d0b501ce108e4d20559a150a391d97ab7"
    integrity sha512-QrWXB+ZQSVPmIWIhtEO9H+gwHaMGYiF5ChvoJ+K9ZGHG/sVsa6yiesAD1GC/x46sET00Xlwo1u49RVVVzvcSkw==
  
  commondir@^1.0.1:
    version "1.0.1"
    resolved "https://registry.yarnpkg.com/commondir/-/commondir-1.0.1.tgz#ddd800da0c66127393cca5950ea968a3aaf1253b"
    integrity sha512-W9pAhw0ja1Edb5GVdIF1mjZw/ASI0AlShXM83UUGe2DVr5TdAPEA1OA8m/g8zWp9x6On7gqufY+FatDbC3MDQg==
  
  concat-map@0.0.1:
    version "0.0.1"
    resolved "https://registry.yarnpkg.com/concat-map/-/concat-map-0.0.1.tgz#d8a96bd77fd68df7793a73036a3ba0d5405d477b"
    integrity sha512-/Srv4dswyQNBfohGpz9o6Yb3Gz3SrUDqBH5rTuhGR7ahtlbYKnVxw2bCFMRljaA7EXHaXZ8wsHdodFvbkhKmqg==
  
  convert-source-map@^1.5.0, convert-source-map@^1.7.0:
    version "1.9.0"
    resolved "https://registry.yarnpkg.com/convert-source-map/-/convert-source-map-1.9.0.tgz#7faae62353fb4213366d0ca98358d22e8368b05f"
    integrity sha512-ASFBup0Mz1uyiIjANan1jzLQami9z1PoYSZCiiYW2FczPbenXc45FZdBZLzOT+r6+iciuEModtmCti+hjaAk0A==
  
  cookie@^0.4.1:
    version "0.4.2"
    resolved "https://registry.yarnpkg.com/cookie/-/cookie-0.4.2.tgz#0e41f24de5ecf317947c82fc789e06a884824432"
    integrity sha512-aSWTXFzaKWkvHO1Ny/s+ePFpvKsPnjc551iI41v3ny/ow6tBG5Vd+FuqGNhh1LxOmVzOlGUriIlOaokOvhaStA==
  
  copy-to-clipboard@^3.3.3:
    version "3.3.3"
    resolved "https://registry.npmmirror.com/copy-to-clipboard/-/copy-to-clipboard-3.3.3.tgz#55ac43a1db8ae639a4bd99511c148cdd1b83a1b0"
    integrity sha512-2KV8NhB5JqC3ky0r9PMCAZKbUHSwtEo4CwCs0KXgruG43gX5PMqDEBbVU4OUzw2MuAWUfsuFmWvEKG5QRfSnJA==
    dependencies:
      toggle-selection "^1.0.6"
  
  core-js-compat@^3.30.1, core-js-compat@^3.30.2:
    version "3.31.0"
    resolved "https://registry.yarnpkg.com/core-js-compat/-/core-js-compat-3.31.0.tgz#4030847c0766cc0e803dcdfb30055d7ef2064bf1"
    integrity sha512-hM7YCu1cU6Opx7MXNu0NuumM0ezNeAeRKadixyiQELWY3vT3De9S4J5ZBMraWV2vZnrE1Cirl0GtFtDtMUXzPw==
    dependencies:
      browserslist "^4.21.5"
  
  cosmiconfig@^7.0.0:
    version "7.1.0"
    resolved "https://registry.yarnpkg.com/cosmiconfig/-/cosmiconfig-7.1.0.tgz#1443b9afa596b670082ea46cbd8f6a62b84635f6"
    integrity sha512-AdmX6xUzdNASswsFtmwSt7Vj8po9IuqXm0UXz7QKPuEUmPB4XyjGfaAr2PSuELMwkRMVH1EpIkX5bTZGRB3eCA==
    dependencies:
      "@types/parse-json" "^4.0.0"
      import-fresh "^3.2.1"
      parse-json "^5.0.0"
      path-type "^4.0.0"
      yaml "^1.10.0"
  
  cosmiconfig@^8.1.3:
    version "8.2.0"
    resolved "https://registry.yarnpkg.com/cosmiconfig/-/cosmiconfig-8.2.0.tgz#f7d17c56a590856cd1e7cee98734dca272b0d8fd"
    integrity sha512-3rTMnFJA1tCOPwRxtgF4wd7Ab2qvDbL8jX+3smjIbS4HlZBagTlpERbdN7iAbWlrfxE3M8c27kTwTawQ7st+OQ==
    dependencies:
      import-fresh "^3.2.1"
      js-yaml "^4.1.0"
      parse-json "^5.0.0"
      path-type "^4.0.0"
  
  create-hash@^1.1.0, create-hash@^1.1.2, create-hash@^1.2.0:
    version "1.2.0"
    resolved "https://registry.npmmirror.com/create-hash/-/create-hash-1.2.0.tgz#889078af11a63756bcfb59bd221996be3a9ef196"
    integrity sha512-z00bCGNHDG8mHAkP7CtT1qVu+bFQUPjYq/4Iv3C3kWjTFV10zIjfSoeqXo9Asws8gwSHDGj/hl2u4OGIjapeCg==
    dependencies:
      cipher-base "^1.0.1"
      inherits "^2.0.1"
      md5.js "^1.3.4"
      ripemd160 "^2.0.1"
      sha.js "^2.4.0"
  
  create-hmac@^1.1.4, create-hmac@^1.1.7:
    version "1.1.7"
    resolved "https://registry.npmmirror.com/create-hmac/-/create-hmac-1.1.7.tgz#69170c78b3ab957147b2b8b04572e47ead2243ff"
    integrity sha512-MJG9liiZ+ogc4TzUwuvbER1JRdgvUFSB5+VR/g5h82fGaIRWMWddtKBHi7/sVhfjQZ6SehlyhvQYrcYkaUIpLg==
    dependencies:
      cipher-base "^1.0.3"
      create-hash "^1.1.0"
      inherits "^2.0.1"
      ripemd160 "^2.0.0"
      safe-buffer "^5.0.1"
      sha.js "^2.4.8"
  
  create-require@^1.1.0:
    version "1.1.1"
    resolved "https://registry.yarnpkg.com/create-require/-/create-require-1.1.1.tgz#c1d7e8f1e5f6cfc9ff65f9cd352d37348756c333"
    integrity sha512-dcKFX3jn0MpIaXjisoRvexIJVEKzaq7z2rZKxf+MSr9TkdmHmsU4m2lcLojrj/FHl8mk5VxMmYA+ftRkP/3oKQ==
  
  cross-fetch@^3.1.4, cross-fetch@^3.1.5:
    version "3.1.6"
    resolved "https://registry.npmmirror.com/cross-fetch/-/cross-fetch-3.1.6.tgz#bae05aa31a4da760969756318feeee6e70f15d6c"
    integrity sha512-riRvo06crlE8HiqOwIpQhxwdOk4fOeR7FVM/wXoxchFEqMNUjvbs3bfo4OTgMEMHzppd4DxFBDbyySj8Cv781g==
    dependencies:
      node-fetch "^2.6.11"
  
  cross-spawn@^7.0.2, cross-spawn@^7.0.3:
    version "7.0.3"
    resolved "https://registry.yarnpkg.com/cross-spawn/-/cross-spawn-7.0.3.tgz#f73a85b9d5d41d045551c177e2882d4ac85728a6"
    integrity sha512-iRDPJKUPVEND7dHPO8rkbOnPpyDygcDFtWjpeWNCgy8WP2rXcxXL8TskReQl6OrB2G7+UJrags1q15Fudc7G6w==
    dependencies:
      path-key "^3.1.0"
      shebang-command "^2.0.0"
      which "^2.0.1"
  
  crypto-js@^3.1.9-1:
    version "3.3.0"
    resolved "https://registry.npmmirror.com/crypto-js/-/crypto-js-3.3.0.tgz#846dd1cce2f68aacfa156c8578f926a609b7976b"
    integrity sha512-DIT51nX0dCfKltpRiXV+/TVZq+Qq2NgF4644+K7Ttnla7zEzqc+kjJyiB96BHNyUTBxyjzRcZYpUdZa+QAqi6Q==
  
  css-select@^5.1.0:
    version "5.1.0"
    resolved "https://registry.yarnpkg.com/css-select/-/css-select-5.1.0.tgz#b8ebd6554c3637ccc76688804ad3f6a6fdaea8a6"
    integrity sha512-nwoRF1rvRRnnCqqY7updORDsuqKzqYJ28+oSMaJMMgOauh3fvwHqMS7EZpIPqK8GL+g9mKxF1vP/ZjSeNjEVHg==
    dependencies:
      boolbase "^1.0.0"
      css-what "^6.1.0"
      domhandler "^5.0.2"
      domutils "^3.0.1"
      nth-check "^2.0.1"
  
  css-tree@^2.2.1:
    version "2.3.1"
    resolved "https://registry.yarnpkg.com/css-tree/-/css-tree-2.3.1.tgz#10264ce1e5442e8572fc82fbe490644ff54b5c20"
    integrity sha512-6Fv1DV/TYw//QF5IzQdqsNDjx/wc8TrMBZsqjL9eW01tWb7R7k/mq+/VXfJCl7SoD5emsJop9cOByJZfs8hYIw==
    dependencies:
      mdn-data "2.0.30"
      source-map-js "^1.0.1"
  
  css-tree@~2.2.0:
    version "2.2.1"
    resolved "https://registry.yarnpkg.com/css-tree/-/css-tree-2.2.1.tgz#36115d382d60afd271e377f9c5f67d02bd48c032"
    integrity sha512-OA0mILzGc1kCOCSJerOeqDxDQ4HOh+G8NbOJFOTgOCzpw7fCBubk0fEyxp8AgOL/jvLgYA/uV0cMbe43ElF1JA==
    dependencies:
      mdn-data "2.0.28"
      source-map-js "^1.0.1"
  
  css-what@^5.0.1:
    version "5.1.0"
    resolved "https://registry.npmmirror.com/css-what/-/css-what-5.1.0.tgz#3f7b707aadf633baf62c2ceb8579b545bb40f7fe"
    integrity sha512-arSMRWIIFY0hV8pIxZMEfmMI47Wj3R/aWpZDDxWYCPEiOMv6tfOrnpDtgxBYPEQD4V0Y/958+1TdC3iWTFcUPw==
  
  css-what@^6.1.0:
    version "6.1.0"
    resolved "https://registry.yarnpkg.com/css-what/-/css-what-6.1.0.tgz#fb5effcf76f1ddea2c81bdfaa4de44e79bac70f4"
    integrity sha512-HTUrgRJ7r4dsZKU6GjmpfRK1O76h97Z8MfS1G0FozR+oF2kG6Vfe8JE6zwrkbxigziPHinCJ+gCPjA9EaBDtRw==
  
  cssesc@^3.0.0:
    version "3.0.0"
    resolved "https://registry.npmmirror.com/cssesc/-/cssesc-3.0.0.tgz#37741919903b868565e1c09ea747445cd18983ee"
    integrity sha512-/Tb/JcjK111nNScGob5MNtsntNM1aCNUDipB/TkwZFhyDrrE47SOx/18wF2bbjgc3ZzCSKW1T5nt5EbFoAz/Vg==
  
  csso@^5.0.5:
    version "5.0.5"
    resolved "https://registry.yarnpkg.com/csso/-/csso-5.0.5.tgz#f9b7fe6cc6ac0b7d90781bb16d5e9874303e2ca6"
    integrity sha512-0LrrStPOdJj+SPCCrGhzryycLjwcgUSHBtxNA8aIDxf0GLsRh1cKYhB00Gd1lDOS4yGH69+SNn13+TWbVHETFQ==
    dependencies:
      css-tree "~2.2.0"
  
  csstype@^3.0.2, csstype@^3.0.7, csstype@^3.1.2:
    version "3.1.2"
    resolved "https://registry.yarnpkg.com/csstype/-/csstype-3.1.2.tgz#1d4bf9d572f11c14031f0436e1c10bc1f571f50b"
    integrity sha512-I7K1Uu0MBPzaFKg4nI5Q7Vs2t+3gWWW648spaF+Rg7pI9ds18Ugn+lvg4SHczUdKlHI5LWBXyqfS8+DufyBsgQ==
  
  damerau-levenshtein@^1.0.8:
    version "1.0.8"
    resolved "https://registry.yarnpkg.com/damerau-levenshtein/-/damerau-levenshtein-1.0.8.tgz#b43d286ccbd36bc5b2f7ed41caf2d0aba1f8a6e7"
    integrity sha512-sdQSFB7+llfUcQHUQO3+B8ERRj0Oa4w9POWMI/puGtuf7gFywGmkaLCElnudfTiKZV+NvHqL0ifzdrI8Ro7ESA==
  
  dateformat@^4.6.3:
    version "4.6.3"
    resolved "https://registry.yarnpkg.com/dateformat/-/dateformat-4.6.3.tgz#556fa6497e5217fedb78821424f8a1c22fa3f4b5"
    integrity sha512-2P0p0pFGzHS5EMnhdxQi7aJN+iMheud0UhG4dlE1DLAlvL8JHjJJTX/CSm4JXwV0Ka5nGk3zC5mcb5bUQUxxMA==
  
  dayjs@^1.11.9:
    version "1.11.9"
    resolved "https://registry.yarnpkg.com/dayjs/-/dayjs-1.11.9.tgz#9ca491933fadd0a60a2c19f6c237c03517d71d1a"
    integrity sha512-QvzAURSbQ0pKdIye2txOzNaHmxtUBXerpY0FJsFXUMKbIZeFm5ht1LS/jFsrncjnmtv8HsG0W2g6c0zUjZWmpA==
  
  debug@4, debug@^4.1.0, debug@^4.1.1, debug@^4.3.2, debug@^4.3.4:
    version "4.3.4"
    resolved "https://registry.yarnpkg.com/debug/-/debug-4.3.4.tgz#1319f6579357f2338d3337d2cdd4914bb5dcc865"
    integrity sha512-PRWFHuSU3eDtQJPvnNY7Jcket1j0t5OuOsFzPPzsekD52Zl8qUfFIPEiswXqIvHWGVHOgX+7G/vCNNhehwxfkQ==
    dependencies:
      ms "2.1.2"
  
  debug@^3.2.7:
    version "3.2.7"
    resolved "https://registry.yarnpkg.com/debug/-/debug-3.2.7.tgz#72580b7e9145fb39b6676f9c5e5fb100b934179a"
    integrity sha512-CFjzYYAi4ThfiQvizrFQevTTXHtnCqWfe7x1AhgEscTz6ZbLbfoLRLPugTQyBth6f8ZERVUSyWHFD/7Wu4t1XQ==
    dependencies:
      ms "^2.1.1"
  
  decamelize@^1.2.0:
    version "1.2.0"
    resolved "https://registry.npmmirror.com/decamelize/-/decamelize-1.2.0.tgz#f6534d15148269b20352e7bee26f501f9a191290"
    integrity sha512-z2S+W9X73hAUUki+N+9Za2lBlun89zigOyGrsax+KUQ6wKW4ZoWpEYBkGhQjwAjjDCkWxhY0VKEhk8wzY7F5cA==
  
  decode-uri-component@^0.2.0, decode-uri-component@^0.2.2:
    version "0.2.2"
    resolved "https://registry.npmmirror.com/decode-uri-component/-/decode-uri-component-0.2.2.tgz#e69dbe25d37941171dd540e024c444cd5188e1e9"
    integrity sha512-FqUYQ+8o158GyGTrMFJms9qh3CqTKvAqgqsTnkLI8sKu0028orqBhxNMFkFen0zGyg6epACD32pjVk58ngIErQ==
  
  decompress-response@^6.0.0:
    version "6.0.0"
    resolved "https://registry.yarnpkg.com/decompress-response/-/decompress-response-6.0.0.tgz#ca387612ddb7e104bd16d85aab00d5ecf09c66fc"
    integrity sha512-aW35yZM6Bb/4oJlZncMH2LCoZtJXTRxES17vE3hoRiowU2kWHaJKFkSBDnDR+cm9J+9QhXmREyIfv0pji9ejCQ==
    dependencies:
      mimic-response "^3.1.0"
  
  deep-equal@^2.0.5:
    version "2.2.0"
    resolved "https://registry.yarnpkg.com/deep-equal/-/deep-equal-2.2.0.tgz#5caeace9c781028b9ff459f33b779346637c43e6"
    integrity sha512-RdpzE0Hv4lhowpIUKKMJfeH6C1pXdtT1/it80ubgWqwI3qpuxUBpC1S4hnHg+zjnuOoDkzUtUCEEkG+XG5l3Mw==
    dependencies:
      call-bind "^1.0.2"
      es-get-iterator "^1.1.2"
      get-intrinsic "^1.1.3"
      is-arguments "^1.1.1"
      is-array-buffer "^3.0.1"
      is-date-object "^1.0.5"
      is-regex "^1.1.4"
      is-shared-array-buffer "^1.0.2"
      isarray "^2.0.5"
      object-is "^1.1.5"
      object-keys "^1.1.1"
      object.assign "^4.1.4"
      regexp.prototype.flags "^1.4.3"
      side-channel "^1.0.4"
      which-boxed-primitive "^1.0.2"
      which-collection "^1.0.1"
      which-typed-array "^1.1.9"
  
  deep-extend@^0.6.0:
    version "0.6.0"
    resolved "https://registry.yarnpkg.com/deep-extend/-/deep-extend-0.6.0.tgz#c4fa7c95404a17a9c3e8ca7e1537312b736330ac"
    integrity sha512-LOHxIOaPYdHlJRtCQfDIVZtfw/ufM8+rVj649RIHzcm/vGwQRXFt6OPqIFWsm2XEMrNIEtWR64sY1LEKD2vAOA==
  
  deep-is@^0.1.3:
    version "0.1.4"
    resolved "https://registry.yarnpkg.com/deep-is/-/deep-is-0.1.4.tgz#a6f2dce612fadd2ef1f519b73551f17e85199831"
    integrity sha512-oIPzksmTg4/MriiaYGO+okXDT7ztn/w3Eptv/+gSIdMdKsJo0u4CfYNFJPy+4SKMuCqGw2wxnA+URMg3t8a/bQ==
  
  deep-object-diff@^1.1.0:
    version "1.1.9"
    resolved "https://registry.npmmirror.com/deep-object-diff/-/deep-object-diff-1.1.9.tgz#6df7ef035ad6a0caa44479c536ed7b02570f4595"
    integrity sha512-Rn+RuwkmkDwCi2/oXOFS9Gsr5lJZu/yTGpK7wAaAIE75CC+LCGEZHpY6VQJa/RoJcrmaA/docWJZvYohlNkWPA==
  
  deepmerge@^2.1.1:
    version "2.2.1"
    resolved "https://registry.yarnpkg.com/deepmerge/-/deepmerge-2.2.1.tgz#5d3ff22a01c00f645405a2fbc17d0778a1801170"
    integrity sha512-R9hc1Xa/NOBi9WRVUWg19rl1UB7Tt4kuPd+thNJgFZoxXsTz7ncaPaeIm+40oSGuP33DfMb4sZt1QIGiJzC4EA==
  
  deepmerge@^4.2.2, deepmerge@^4.3.1:
    version "4.3.1"
    resolved "https://registry.yarnpkg.com/deepmerge/-/deepmerge-4.3.1.tgz#44b5f2147cd3b00d4b56137685966f26fd25dd4a"
    integrity sha512-3sUqbMEc77XqpdNO7FRyRog+eW3ph+GYCbj+rK+uYyRMuwsVy0rMiVtPn+QJlKFvWP/1PYpapqYn0Me2knFn+A==
  
  define-lazy-prop@^2.0.0:
    version "2.0.0"
    resolved "https://registry.yarnpkg.com/define-lazy-prop/-/define-lazy-prop-2.0.0.tgz#3f7ae421129bcaaac9bc74905c98a0009ec9ee7f"
    integrity sha512-Ds09qNh8yw3khSjiJjiUInaGX9xlqZDY7JVryGxdxV7NPeuqQfplOpQ66yJFZut3jLa5zOwkXw1g9EI2uKh4Og==
  
  define-properties@^1.1.3, define-properties@^1.1.4, define-properties@^1.2.0:
    version "1.2.0"
    resolved "https://registry.yarnpkg.com/define-properties/-/define-properties-1.2.0.tgz#52988570670c9eacedd8064f4a990f2405849bd5"
    integrity sha512-xvqAVKGfT1+UAvPwKTVw/njhdQ8ZhXK4lI0bCIuCMrp2up9nPnaDftrLtmpTazqd1o+UY4zgzU+avtMbDP+ldA==
    dependencies:
      has-property-descriptors "^1.0.0"
      object-keys "^1.1.1"
  
  delay@^5.0.0:
    version "5.0.0"
    resolved "https://registry.npmmirror.com/delay/-/delay-5.0.0.tgz#137045ef1b96e5071060dd5be60bf9334436bd1d"
    integrity sha512-ReEBKkIfe4ya47wlPYf/gu5ib6yUG0/Aez0JQZQz94kiWtRQvZIQbTiehsnwHvLSWJnQdhVeqYue7Id1dKr0qw==
  
  delayed-stream@~1.0.0:
    version "1.0.0"
    resolved "https://registry.yarnpkg.com/delayed-stream/-/delayed-stream-1.0.0.tgz#df3ae199acadfb7d440aaae0b29e2272b24ec619"
    integrity sha512-ZySD7Nf91aLB0RxL4KGrKHBXl7Eds1DAmEdcoVawXnLD7SDhpNgtuII2aAkg7a7QS41jxPSZ17p4VdGnMHk3MQ==
  
  depd@^2.0.0:
    version "2.0.0"
    resolved "https://registry.npmmirror.com/depd/-/depd-2.0.0.tgz#b696163cc757560d09cf22cc8fad1571b79e76df"
    integrity sha512-g7nH6P6dyDioJogAAGprGpCtVImJhpPk/roCzdb3fIh61/s/nPsfR6onyMwkCAR/OlC3yBC0lESvUoQEAssIrw==
  
  detect-browser@5.3.0, detect-browser@^5.3.0:
    version "5.3.0"
    resolved "https://registry.npmmirror.com/detect-browser/-/detect-browser-5.3.0.tgz#9705ef2bddf46072d0f7265a1fe300e36fe7ceca"
    integrity sha512-53rsFbGdwMwlF7qvCt0ypLM5V5/Mbl0szB7GPN8y9NCcbknYOeVVXdrXEq+90IwAfrrzt6Hd+u2E2ntakICU8w==
  
  detect-libc@^2.0.0:
    version "2.0.1"
    resolved "https://registry.yarnpkg.com/detect-libc/-/detect-libc-2.0.1.tgz#e1897aa88fa6ad197862937fbc0441ef352ee0cd"
    integrity sha512-463v3ZeIrcWtdgIg6vI6XUncguvr2TnGl4SzDXinkt9mSLpBJKXT3mW6xT3VQdDN11+WVs29pgvivTc4Lp8v+w==
  
  detect-libc@^2.0.2:
    version "2.0.2"
    resolved "https://registry.yarnpkg.com/detect-libc/-/detect-libc-2.0.2.tgz#8ccf2ba9315350e1241b88d0ac3b0e1fbd99605d"
    integrity sha512-UX6sGumvvqSaXgdKGUsgZWqcUyIXZ/vZTrlRT/iobiKhGL0zL4d3osHj3uqllWJK+i+sixDS/3COVEOFbupFyw==
  
  detect-node-es@^1.1.0:
    version "1.1.0"
    resolved "https://registry.npmmirror.com/detect-node-es/-/detect-node-es-1.1.0.tgz#163acdf643330caa0b4cd7c21e7ee7755d6fa493"
    integrity sha512-ypdmJU/TbBby2Dxibuv7ZLW3Bs1QEmM7nHjEANfohJLvE0XVujisn1qPJcZxg+qDucsr+bP6fLD1rPS3AhJ7EQ==
  
  diff@^4.0.1:
    version "4.0.2"
    resolved "https://registry.yarnpkg.com/diff/-/diff-4.0.2.tgz#60f3aecb89d5fae520c11aa19efc2bb982aade7d"
    integrity sha512-58lmxKSA4BNyLz+HHMUzlOEpg09FV+ev6ZMe3vJihgdxzgcwZ8VoEEPmALCZG9LmqfVoNMMKpttIYTVG6uDY7A==
  
  dijkstrajs@^1.0.1:
    version "1.0.3"
    resolved "https://registry.npmmirror.com/dijkstrajs/-/dijkstrajs-1.0.3.tgz#4c8dbdea1f0f6478bff94d9c49c784d623e4fc23"
    integrity sha512-qiSlmBq9+BCdCA/L46dw8Uy93mloxsPSbwnm5yrKn2vMPiy8KyAskTF6zuV/j5BMsmOGZDPs7KjU+mjb670kfA==
  
  dir-glob@^3.0.1:
    version "3.0.1"
    resolved "https://registry.yarnpkg.com/dir-glob/-/dir-glob-3.0.1.tgz#56dbf73d992a4a93ba1584f4534063fd2e41717f"
    integrity sha512-WkrWp9GR4KXfKGYzOLmTuGVi1UWFfws377n9cc55/tb6DuqyF6pcQ5AbiHEshaDpY9v6oaSr2XCDidGmMwdzIA==
    dependencies:
      path-type "^4.0.0"
  
  doctrine@^2.1.0:
    version "2.1.0"
    resolved "https://registry.yarnpkg.com/doctrine/-/doctrine-2.1.0.tgz#5cd01fc101621b42c4cd7f5d1a66243716d3f39d"
    integrity sha512-35mSku4ZXK0vfCuHEDAwt55dg2jNajHZ1odvF+8SSr82EsZY4QmXfuWso8oEd8zRhVObSN18aM0CjSdoBX7zIw==
    dependencies:
      esutils "^2.0.2"
  
  doctrine@^3.0.0:
    version "3.0.0"
    resolved "https://registry.yarnpkg.com/doctrine/-/doctrine-3.0.0.tgz#addebead72a6574db783639dc87a121773973961"
    integrity sha512-yS+Q5i3hBf7GBkd4KG8a7eBNNWNGLTaEwwYWUijIYM7zrlYDM0BFXHjjPWlWZ1Rg7UaddZeIDmi9jF3HmqiQ2w==
    dependencies:
      esutils "^2.0.2"
  
  dom-helpers@^5.0.1:
    version "5.2.1"
    resolved "https://registry.yarnpkg.com/dom-helpers/-/dom-helpers-5.2.1.tgz#d9400536b2bf8225ad98fe052e029451ac40e902"
    integrity sha512-nRCa7CK3VTrM2NmGkIy4cbK7IZlgBE/PYMn55rrXefr5xXDP0LdtfPnblFDoVdcAfslJ7or6iqAUnx0CCGIWQA==
    dependencies:
      "@babel/runtime" "^7.8.7"
      csstype "^3.0.2"
  
  dom-serializer@^2.0.0:
    version "2.0.0"
    resolved "https://registry.yarnpkg.com/dom-serializer/-/dom-serializer-2.0.0.tgz#e41b802e1eedf9f6cae183ce5e622d789d7d8e53"
    integrity sha512-wIkAryiqt/nV5EQKqQpo3SToSOV9J0DnbJqwK7Wv/Trc92zIAYZ4FlMu+JPFW1DfGFt81ZTCGgDEabffXeLyJg==
    dependencies:
      domelementtype "^2.3.0"
      domhandler "^5.0.2"
      entities "^4.2.0"
  
  domelementtype@^2.3.0:
    version "2.3.0"
    resolved "https://registry.yarnpkg.com/domelementtype/-/domelementtype-2.3.0.tgz#5c45e8e869952626331d7aab326d01daf65d589d"
    integrity sha512-OLETBj6w0OsagBwdXnPdN0cnMfF9opN69co+7ZrbfPGrdpPVNBUj02spi6B1N7wChLQiPn4CSH/zJvXw56gmHw==
  
  domhandler@^5.0.2, domhandler@^5.0.3:
    version "5.0.3"
    resolved "https://registry.yarnpkg.com/domhandler/-/domhandler-5.0.3.tgz#cc385f7f751f1d1fc650c21374804254538c7d31"
    integrity sha512-cgwlv/1iFQiFnU96XXgROh8xTeetsnJiDsTc7TYCLFd9+/WNkIqPTxiM/8pSd8VIrhXGTf1Ny1q1hquVqDJB5w==
    dependencies:
      domelementtype "^2.3.0"
  
  domutils@^3.0.1:
    version "3.1.0"
    resolved "https://registry.yarnpkg.com/domutils/-/domutils-3.1.0.tgz#c47f551278d3dc4b0b1ab8cbb42d751a6f0d824e"
    integrity sha512-H78uMmQtI2AhgDJjWeQmHwJJ2bLPD3GMmO7Zja/ZZh84wkm+4ut+IUnUdRa8uCGX88DiVx1j6FRe1XfxEgjEZA==
    dependencies:
      dom-serializer "^2.0.0"
      domelementtype "^2.3.0"
      domhandler "^5.0.3"
  
  dot-case@^3.0.4:
    version "3.0.4"
    resolved "https://registry.yarnpkg.com/dot-case/-/dot-case-3.0.4.tgz#9b2b670d00a431667a8a75ba29cd1b98809ce751"
    integrity sha512-Kv5nKlh6yRrdrGvxeJ2e5y2eRUpkUosIW4A2AS38zwSz27zu7ufDwQPi5Jhs3XAlGNetl3bmnGhQsMtkKJnj3w==
    dependencies:
      no-case "^3.0.4"
      tslib "^2.0.3"
  
  duplexify@^4.1.2:
    version "4.1.2"
    resolved "https://registry.npmmirror.com/duplexify/-/duplexify-4.1.2.tgz#18b4f8d28289132fa0b9573c898d9f903f81c7b0"
    integrity sha512-fz3OjcNCHmRP12MJoZMPglx8m4rrFP8rovnk4vT8Fs+aonZoCwGg10dSsQsfP/E62eZcPTMSMP6686fu9Qlqtw==
    dependencies:
      end-of-stream "^1.4.1"
      inherits "^2.0.3"
      readable-stream "^3.1.1"
      stream-shift "^1.0.0"
  
  electron-to-chromium@^1.4.428:
    version "1.4.428"
    resolved "https://registry.yarnpkg.com/electron-to-chromium/-/electron-to-chromium-1.4.428.tgz#c31fc88e854f49d8305cdabf6ec934ff1588a902"
    integrity sha512-L7uUknyY286of0AYC8CKfgWstD0Smk2DvHDi9F0GWQhSH90Bzi7iDrmCbZKz75tYJxeGSAc7TYeKpmbjMDoh1w==
  
  elliptic@6.5.4, elliptic@^6.5.4:
    version "6.5.4"
    resolved "https://registry.yarnpkg.com/elliptic/-/elliptic-6.5.4.tgz#da37cebd31e79a1367e941b592ed1fbebd58abbb"
    integrity sha512-iLhC6ULemrljPZb+QutR5TQGB+pdW6KGD5RSegS+8sorOZT+rdQFbsQFJgvN3eRqNALqJer4oQ16YvJHlU8hzQ==
    dependencies:
      bn.js "^4.11.9"
      brorand "^1.1.0"
      hash.js "^1.0.0"
      hmac-drbg "^1.0.1"
      inherits "^2.0.4"
      minimalistic-assert "^1.0.1"
      minimalistic-crypto-utils "^1.0.1"
  
  emoji-regex@^8.0.0:
    version "8.0.0"
    resolved "https://registry.npmmirror.com/emoji-regex/-/emoji-regex-8.0.0.tgz#e818fd69ce5ccfcb404594f842963bf53164cc37"
    integrity sha512-MSjYzcWNOA0ewAHpz0MxpYFvwg6yjy1NG3xteoqz644VCo/RPgnr1/GGt+ic3iJTzQ8Eu3TdM14SawnVUmGE6A==
  
  emoji-regex@^9.2.2:
    version "9.2.2"
    resolved "https://registry.yarnpkg.com/emoji-regex/-/emoji-regex-9.2.2.tgz#840c8803b0d8047f4ff0cf963176b32d4ef3ed72"
    integrity sha512-L18DaJsXSUk2+42pv8mLs5jJT2hqFkFE4j21wOmgbUqsZ2hL72NsUU785g9RXgo3s0ZNgVl42TiHp3ZtOv/Vyg==
  
  encode-utf8@^1.0.3:
    version "1.0.3"
    resolved "https://registry.npmmirror.com/encode-utf8/-/encode-utf8-1.0.3.tgz#f30fdd31da07fb596f281beb2f6b027851994cda"
    integrity sha512-ucAnuBEhUK4boH2HjVYG5Q2mQyPorvv0u/ocS+zhdw0S8AlHYY+GOFhP1Gio5z4icpP2ivFSvhtFjQi8+T9ppw==
  
  encoding@^0.1.13:
    version "0.1.13"
    resolved "https://registry.yarnpkg.com/encoding/-/encoding-0.1.13.tgz#56574afdd791f54a8e9b2785c0582a2d26210fa9"
    integrity sha512-ETBauow1T35Y/WZMkio9jiM0Z5xjHHmJ4XmjZOq1l/dXz3lr2sRn87nJy20RupqSh1F2m3HHPSp8ShIPQJrJ3A==
    dependencies:
      iconv-lite "^0.6.2"
  
  end-of-stream@^1.1.0, end-of-stream@^1.4.1:
    version "1.4.4"
    resolved "https://registry.npmmirror.com/end-of-stream/-/end-of-stream-1.4.4.tgz#5ae64a5f45057baf3626ec14da0ca5e4b2431eb0"
    integrity sha512-+uw1inIHVPQoaVuHzRyXd21icM+cnt4CzD5rW+NC1wjOUSTOs+Te7FOv7AhN7vS9x/oIyhLP5PR1H+phQAHu5Q==
    dependencies:
      once "^1.4.0"
  
  enhanced-resolve@^5.12.0:
    version "5.13.0"
    resolved "https://registry.yarnpkg.com/enhanced-resolve/-/enhanced-resolve-5.13.0.tgz#26d1ecc448c02de997133217b5c1053f34a0a275"
    integrity sha512-eyV8f0y1+bzyfh8xAwW/WTSZpLbjhqc4ne9eGSH4Zo2ejdyiNG9pU6mf9DG8a7+Auk6MFTlNOT4Y2y/9k8GKVg==
    dependencies:
      graceful-fs "^4.2.4"
      tapable "^2.2.0"
  
  entities@^4.2.0, entities@^4.4.0:
    version "4.5.0"
    resolved "https://registry.yarnpkg.com/entities/-/entities-4.5.0.tgz#5d268ea5e7113ec74c4d033b79ea5a35a488fb48"
    integrity sha512-V0hjH4dGPh9Ao5p0MoRY6BVqtwCjhz6vI5LT8AJ55H+4g9/4vbHx1I54fS0XuclLhDHArPQCiMjDxjaL8fPxhw==
  
  error-ex@^1.3.1:
    version "1.3.2"
    resolved "https://registry.yarnpkg.com/error-ex/-/error-ex-1.3.2.tgz#b4ac40648107fdcdcfae242f428bea8a14d4f1bf"
    integrity sha512-7dFHNmqeFSEt2ZBsCriorKnn3Z2pj+fd9kmI6QoWw4//DL+icEBfc0U7qJCisqrTsKTjw4fNFy2pW9OqStD84g==
    dependencies:
      is-arrayish "^0.2.1"
  
  es-abstract@^1.19.0, es-abstract@^1.20.4:
    version "1.21.2"
    resolved "https://registry.yarnpkg.com/es-abstract/-/es-abstract-1.21.2.tgz#a56b9695322c8a185dc25975aa3b8ec31d0e7eff"
    integrity sha512-y/B5POM2iBnIxCiernH1G7rC9qQoM77lLIMQLuob0zhp8C56Po81+2Nj0WFKnd0pNReDTnkYryc+zhOzpEIROg==
    dependencies:
      array-buffer-byte-length "^1.0.0"
      available-typed-arrays "^1.0.5"
      call-bind "^1.0.2"
      es-set-tostringtag "^2.0.1"
      es-to-primitive "^1.2.1"
      function.prototype.name "^1.1.5"
      get-intrinsic "^1.2.0"
      get-symbol-description "^1.0.0"
      globalthis "^1.0.3"
      gopd "^1.0.1"
      has "^1.0.3"
      has-property-descriptors "^1.0.0"
      has-proto "^1.0.1"
      has-symbols "^1.0.3"
      internal-slot "^1.0.5"
      is-array-buffer "^3.0.2"
      is-callable "^1.2.7"
      is-negative-zero "^2.0.2"
      is-regex "^1.1.4"
      is-shared-array-buffer "^1.0.2"
      is-string "^1.0.7"
      is-typed-array "^1.1.10"
      is-weakref "^1.0.2"
      object-inspect "^1.12.3"
      object-keys "^1.1.1"
      object.assign "^4.1.4"
      regexp.prototype.flags "^1.4.3"
      safe-regex-test "^1.0.0"
      string.prototype.trim "^1.2.7"
      string.prototype.trimend "^1.0.6"
      string.prototype.trimstart "^1.0.6"
      typed-array-length "^1.0.4"
      unbox-primitive "^1.0.2"
      which-typed-array "^1.1.9"
  
  es-get-iterator@^1.1.2:
    version "1.1.3"
    resolved "https://registry.yarnpkg.com/es-get-iterator/-/es-get-iterator-1.1.3.tgz#3ef87523c5d464d41084b2c3c9c214f1199763d6"
    integrity sha512-sPZmqHBe6JIiTfN5q2pEi//TwxmAFHwj/XEuYjTuse78i8KxaqMTTzxPoFKuzRpDpTJ+0NAbpfenkmH2rePtuw==
    dependencies:
      call-bind "^1.0.2"
      get-intrinsic "^1.1.3"
      has-symbols "^1.0.3"
      is-arguments "^1.1.1"
      is-map "^2.0.2"
      is-set "^2.0.2"
      is-string "^1.0.7"
      isarray "^2.0.5"
      stop-iteration-iterator "^1.0.0"
  
  es-set-tostringtag@^2.0.1:
    version "2.0.1"
    resolved "https://registry.yarnpkg.com/es-set-tostringtag/-/es-set-tostringtag-2.0.1.tgz#338d502f6f674301d710b80c8592de8a15f09cd8"
    integrity sha512-g3OMbtlwY3QewlqAiMLI47KywjWZoEytKr8pf6iTC8uJq5bIAH52Z9pnQ8pVL6whrCto53JZDuUIsifGeLorTg==
    dependencies:
      get-intrinsic "^1.1.3"
      has "^1.0.3"
      has-tostringtag "^1.0.0"
  
  es-shim-unscopables@^1.0.0:
    version "1.0.0"
    resolved "https://registry.yarnpkg.com/es-shim-unscopables/-/es-shim-unscopables-1.0.0.tgz#702e632193201e3edf8713635d083d378e510241"
    integrity sha512-Jm6GPcCdC30eMLbZ2x8z2WuRwAws3zTBBKuusffYVUrNj/GVSUAZ+xKMaUpfNDR5IbyNA5LJbaecoUVbmUcB1w==
    dependencies:
      has "^1.0.3"
  
  es-to-primitive@^1.2.1:
    version "1.2.1"
    resolved "https://registry.yarnpkg.com/es-to-primitive/-/es-to-primitive-1.2.1.tgz#e55cd4c9cdc188bcefb03b366c736323fc5c898a"
    integrity sha512-QCOllgZJtaUo9miYBcLChTUaHNjJF3PYs1VidD7AwiEj1kYxKeQTctLAezAOH5ZKRH0g2IgPn6KwB4IT8iRpvA==
    dependencies:
      is-callable "^1.1.4"
      is-date-object "^1.0.1"
      is-symbol "^1.0.2"
  
  es6-promise@^4.0.3:
    version "4.2.8"
    resolved "https://registry.npmmirror.com/es6-promise/-/es6-promise-4.2.8.tgz#4eb21594c972bc40553d276e510539143db53e0a"
    integrity sha512-HJDGx5daxeIvxdBxvG2cb9g4tEvwIk3i8+nhX0yGrYmZUzbkdg8QbDevheDB8gd0//uPj4c1EQua8Q+MViT0/w==
  
  es6-promisify@^5.0.0:
    version "5.0.0"
    resolved "https://registry.npmmirror.com/es6-promisify/-/es6-promisify-5.0.0.tgz#5109d62f3e56ea967c4b63505aef08291c8a5203"
    integrity sha512-C+d6UdsYDk0lMebHNR4S2NybQMMngAOnOwYBQjTOiv0MkoJMP0Myw2mgpDLBcpfCmRLxyFqYhS/CfOENq4SJhQ==
    dependencies:
      es6-promise "^4.0.3"
  
  escalade@^3.1.1:
    version "3.1.1"
    resolved "https://registry.yarnpkg.com/escalade/-/escalade-3.1.1.tgz#d8cfdc7000965c5a0174b4a82eaa5c0552742e40"
    integrity sha512-k0er2gUkLf8O0zKJiAhmkTnJlTvINGv7ygDNPbeIsX/TJjGJZHuh9B2UxbsaEkmlEo9MfhrSzmhIlhRlI2GXnw==
  
  escape-string-regexp@^1.0.5:
    version "1.0.5"
    resolved "https://registry.yarnpkg.com/escape-string-regexp/-/escape-string-regexp-1.0.5.tgz#1b61c0562190a8dff6ae3bb2cf0200ca130b86d4"
    integrity sha512-vbRorB5FUQWvla16U8R/qgaFIya2qGzwDrNmCZuYKrbdSUMG6I1ZCGQRefkRVhuOkIGVne7BQ35DSfo1qvJqFg==
  
  escape-string-regexp@^4.0.0:
    version "4.0.0"
    resolved "https://registry.yarnpkg.com/escape-string-regexp/-/escape-string-regexp-4.0.0.tgz#14ba83a5d373e3d311e5afca29cf5bfad965bf34"
    integrity sha512-TtpcNJ3XAzx3Gq8sWRzJaVajRs0uVxA2YAkdb1jm2YkPz4G6egUFAyA3n5vtEIZefPk5Wa4UXbKuS5fKkJWdgA==
  
  eslint-config-next@13.4.19:
    version "13.4.19"
    resolved "https://registry.yarnpkg.com/eslint-config-next/-/eslint-config-next-13.4.19.tgz#f46be9d4bd9e52755f846338456132217081d7f8"
    integrity sha512-WE8367sqMnjhWHvR5OivmfwENRQ1ixfNE9hZwQqNCsd+iM3KnuMc1V8Pt6ytgjxjf23D+xbesADv9x3xaKfT3g==
    dependencies:
      "@next/eslint-plugin-next" "13.4.19"
      "@rushstack/eslint-patch" "^1.1.3"
      "@typescript-eslint/parser" "^5.4.2 || ^6.0.0"
      eslint-import-resolver-node "^0.3.6"
      eslint-import-resolver-typescript "^3.5.2"
      eslint-plugin-import "^2.26.0"
      eslint-plugin-jsx-a11y "^6.5.1"
      eslint-plugin-react "^7.31.7"
      eslint-plugin-react-hooks "^4.5.0 || 5.0.0-canary-7118f5dd7-20230705"
  
  eslint-import-resolver-node@^0.3.6, eslint-import-resolver-node@^0.3.7:
    version "0.3.7"
    resolved "https://registry.yarnpkg.com/eslint-import-resolver-node/-/eslint-import-resolver-node-0.3.7.tgz#83b375187d412324a1963d84fa664377a23eb4d7"
    integrity sha512-gozW2blMLJCeFpBwugLTGyvVjNoeo1knonXAcatC6bjPBZitotxdWf7Gimr25N4c0AAOo4eOUfaG82IJPDpqCA==
    dependencies:
      debug "^3.2.7"
      is-core-module "^2.11.0"
      resolve "^1.22.1"
  
  eslint-import-resolver-typescript@^3.5.2:
    version "3.5.5"
    resolved "https://registry.yarnpkg.com/eslint-import-resolver-typescript/-/eslint-import-resolver-typescript-3.5.5.tgz#0a9034ae7ed94b254a360fbea89187b60ea7456d"
    integrity sha512-TdJqPHs2lW5J9Zpe17DZNQuDnox4xo2o+0tE7Pggain9Rbc19ik8kFtXdxZ250FVx2kF4vlt2RSf4qlUpG7bhw==
    dependencies:
      debug "^4.3.4"
      enhanced-resolve "^5.12.0"
      eslint-module-utils "^2.7.4"
      get-tsconfig "^4.5.0"
      globby "^13.1.3"
      is-core-module "^2.11.0"
      is-glob "^4.0.3"
      synckit "^0.8.5"
  
  eslint-module-utils@^2.7.4:
    version "2.8.0"
    resolved "https://registry.yarnpkg.com/eslint-module-utils/-/eslint-module-utils-2.8.0.tgz#e439fee65fc33f6bba630ff621efc38ec0375c49"
    integrity sha512-aWajIYfsqCKRDgUfjEXNN/JlrzauMuSEy5sbd7WXbtW3EH6A6MpwEh42c7qD+MqQo9QMJ6fWLAeIJynx0g6OAw==
    dependencies:
      debug "^3.2.7"
  
  eslint-plugin-import@^2.26.0:
    version "2.27.5"
    resolved "https://registry.yarnpkg.com/eslint-plugin-import/-/eslint-plugin-import-2.27.5.tgz#876a6d03f52608a3e5bb439c2550588e51dd6c65"
    integrity sha512-LmEt3GVofgiGuiE+ORpnvP+kAm3h6MLZJ4Q5HCyHADofsb4VzXFsRiWj3c0OFiV+3DWFh0qg3v9gcPlfc3zRow==
    dependencies:
      array-includes "^3.1.6"
      array.prototype.flat "^1.3.1"
      array.prototype.flatmap "^1.3.1"
      debug "^3.2.7"
      doctrine "^2.1.0"
      eslint-import-resolver-node "^0.3.7"
      eslint-module-utils "^2.7.4"
      has "^1.0.3"
      is-core-module "^2.11.0"
      is-glob "^4.0.3"
      minimatch "^3.1.2"
      object.values "^1.1.6"
      resolve "^1.22.1"
      semver "^6.3.0"
      tsconfig-paths "^3.14.1"
  
  eslint-plugin-jsx-a11y@^6.5.1:
    version "6.7.1"
    resolved "https://registry.yarnpkg.com/eslint-plugin-jsx-a11y/-/eslint-plugin-jsx-a11y-6.7.1.tgz#fca5e02d115f48c9a597a6894d5bcec2f7a76976"
    integrity sha512-63Bog4iIethyo8smBklORknVjB0T2dwB8Mr/hIC+fBS0uyHdYYpzM/Ed+YC8VxTjlXHEWFOdmgwcDn1U2L9VCA==
    dependencies:
      "@babel/runtime" "^7.20.7"
      aria-query "^5.1.3"
      array-includes "^3.1.6"
      array.prototype.flatmap "^1.3.1"
      ast-types-flow "^0.0.7"
      axe-core "^4.6.2"
      axobject-query "^3.1.1"
      damerau-levenshtein "^1.0.8"
      emoji-regex "^9.2.2"
      has "^1.0.3"
      jsx-ast-utils "^3.3.3"
      language-tags "=1.0.5"
      minimatch "^3.1.2"
      object.entries "^1.1.6"
      object.fromentries "^2.0.6"
      semver "^6.3.0"
  
  "eslint-plugin-react-hooks@^4.5.0 || 5.0.0-canary-7118f5dd7-20230705":
    version "4.6.0"
    resolved "https://registry.yarnpkg.com/eslint-plugin-react-hooks/-/eslint-plugin-react-hooks-4.6.0.tgz#4c3e697ad95b77e93f8646aaa1630c1ba607edd3"
    integrity sha512-oFc7Itz9Qxh2x4gNHStv3BqJq54ExXmfC+a1NjAta66IAN87Wu0R/QArgIS9qKzX3dXKPI9H5crl9QchNMY9+g==
  
  eslint-plugin-react@^7.31.7:
    version "7.32.2"
    resolved "https://registry.yarnpkg.com/eslint-plugin-react/-/eslint-plugin-react-7.32.2.tgz#e71f21c7c265ebce01bcbc9d0955170c55571f10"
    integrity sha512-t2fBMa+XzonrrNkyVirzKlvn5RXzzPwRHtMvLAtVZrt8oxgnTQaYbU6SXTOO1mwQgp1y5+toMSKInnzGr0Knqg==
    dependencies:
      array-includes "^3.1.6"
      array.prototype.flatmap "^1.3.1"
      array.prototype.tosorted "^1.1.1"
      doctrine "^2.1.0"
      estraverse "^5.3.0"
      jsx-ast-utils "^2.4.1 || ^3.0.0"
      minimatch "^3.1.2"
      object.entries "^1.1.6"
      object.fromentries "^2.0.6"
      object.hasown "^1.1.2"
      object.values "^1.1.6"
      prop-types "^15.8.1"
      resolve "^2.0.0-next.4"
      semver "^6.3.0"
      string.prototype.matchall "^4.0.8"
  
  eslint-plugin-valtio@^0.6.2:
    version "0.6.2"
    resolved "https://registry.yarnpkg.com/eslint-plugin-valtio/-/eslint-plugin-valtio-0.6.2.tgz#b66791b3b6c5964a1736c6a75106355e8cfb63be"
    integrity sha512-7U870y+gjL6xsiwPyMcUFHFbrMPk2t02X6V4VF5rSDi0f3A/uQDqAVvsY7m035plKW0Ke2i1aRch4tNWtnRqLA==
  
  eslint-scope@^7.2.2:
    version "7.2.2"
    resolved "https://registry.yarnpkg.com/eslint-scope/-/eslint-scope-7.2.2.tgz#deb4f92563390f32006894af62a22dba1c46423f"
    integrity sha512-dOt21O7lTMhDM+X9mB4GX+DZrZtCUJPL/wlcTqxyrx5IvO0IYtILdtrQGQp+8n5S0gwSVmOf9NQrjMOgfQZlIg==
    dependencies:
      esrecurse "^4.3.0"
      estraverse "^5.2.0"
  
  eslint-visitor-keys@^3.3.0:
    version "3.4.0"
    resolved "https://registry.yarnpkg.com/eslint-visitor-keys/-/eslint-visitor-keys-3.4.0.tgz#c7f0f956124ce677047ddbc192a68f999454dedc"
    integrity sha512-HPpKPUBQcAsZOsHAFwTtIKcYlCje62XB7SEAcxjtmW6TD1WVpkS6i6/hOVtTZIl4zGj/mBqpFVGvaDneik+VoQ==
  
  eslint-visitor-keys@^3.4.1:
    version "3.4.1"
    resolved "https://registry.yarnpkg.com/eslint-visitor-keys/-/eslint-visitor-keys-3.4.1.tgz#c22c48f48942d08ca824cc526211ae400478a994"
    integrity sha512-pZnmmLwYzf+kWaM/Qgrvpen51upAktaaiI01nsJD/Yr3lMOdNtq0cxkrrg16w64VtisN6okbs7Q8AfGqj4c9fA==
  
  eslint-visitor-keys@^3.4.3:
    version "3.4.3"
    resolved "https://registry.yarnpkg.com/eslint-visitor-keys/-/eslint-visitor-keys-3.4.3.tgz#0cd72fe8550e3c2eae156a96a4dddcd1c8ac5800"
    integrity sha512-wpc+LXeiyiisxPlEkUzU6svyS1frIO3Mgxj1fdy7Pm8Ygzguax2N3Fa/D/ag1WqbOprdI+uY6wMUl8/a2G+iag==
  
  eslint@8.48.0:
    version "8.48.0"
    resolved "https://registry.yarnpkg.com/eslint/-/eslint-8.48.0.tgz#bf9998ba520063907ba7bfe4c480dc8be03c2155"
    integrity sha512-sb6DLeIuRXxeM1YljSe1KEx9/YYeZFQWcV8Rq9HfigmdDEugjLEVEa1ozDjL6YDjBpQHPJxJzze+alxi4T3OLg==
    dependencies:
      "@eslint-community/eslint-utils" "^4.2.0"
      "@eslint-community/regexpp" "^4.6.1"
      "@eslint/eslintrc" "^2.1.2"
      "@eslint/js" "8.48.0"
      "@humanwhocodes/config-array" "^0.11.10"
      "@humanwhocodes/module-importer" "^1.0.1"
      "@nodelib/fs.walk" "^1.2.8"
      ajv "^6.12.4"
      chalk "^4.0.0"
      cross-spawn "^7.0.2"
      debug "^4.3.2"
      doctrine "^3.0.0"
      escape-string-regexp "^4.0.0"
      eslint-scope "^7.2.2"
      eslint-visitor-keys "^3.4.3"
      espree "^9.6.1"
      esquery "^1.4.2"
      esutils "^2.0.2"
      fast-deep-equal "^3.1.3"
      file-entry-cache "^6.0.1"
      find-up "^5.0.0"
      glob-parent "^6.0.2"
      globals "^13.19.0"
      graphemer "^1.4.0"
      ignore "^5.2.0"
      imurmurhash "^0.1.4"
      is-glob "^4.0.0"
      is-path-inside "^3.0.3"
      js-yaml "^4.1.0"
      json-stable-stringify-without-jsonify "^1.0.1"
      levn "^0.4.1"
      lodash.merge "^4.6.2"
      minimatch "^3.1.2"
      natural-compare "^1.4.0"
      optionator "^0.9.3"
      strip-ansi "^6.0.1"
      text-table "^0.2.0"
  
  espree@^9.6.0:
    version "9.6.0"
    resolved "https://registry.yarnpkg.com/espree/-/espree-9.6.0.tgz#80869754b1c6560f32e3b6929194a3fe07c5b82f"
    integrity sha512-1FH/IiruXZ84tpUlm0aCUEwMl2Ho5ilqVh0VvQXw+byAz/4SAciyHLlfmL5WYqsvD38oymdUwBss0LtK8m4s/A==
    dependencies:
      acorn "^8.9.0"
      acorn-jsx "^5.3.2"
      eslint-visitor-keys "^3.4.1"
  
  espree@^9.6.1:
    version "9.6.1"
    resolved "https://registry.yarnpkg.com/espree/-/espree-9.6.1.tgz#a2a17b8e434690a5432f2f8018ce71d331a48c6f"
    integrity sha512-oruZaFkjorTpF32kDSI5/75ViwGeZginGGy2NoOSg3Q9bnwlnmDm4HLnkl0RE3n+njDXR037aY1+x58Z/zFdwQ==
    dependencies:
      acorn "^8.9.0"
      acorn-jsx "^5.3.2"
      eslint-visitor-keys "^3.4.1"
  
  esquery@^1.4.2:
    version "1.5.0"
    resolved "https://registry.yarnpkg.com/esquery/-/esquery-1.5.0.tgz#6ce17738de8577694edd7361c57182ac8cb0db0b"
    integrity sha512-YQLXUplAwJgCydQ78IMJywZCceoqk1oH01OERdSAJc/7U2AylwjhSCLDEtqwg811idIS/9fIU5GjG73IgjKMVg==
    dependencies:
      estraverse "^5.1.0"
  
  esrecurse@^4.3.0:
    version "4.3.0"
    resolved "https://registry.yarnpkg.com/esrecurse/-/esrecurse-4.3.0.tgz#7ad7964d679abb28bee72cec63758b1c5d2c9921"
    integrity sha512-KmfKL3b6G+RXvP8N1vr3Tq1kL/oCFgn2NYXEtqP8/L3pKapUA4G8cFVaoF3SU323CD4XypR/ffioHmkti6/Tag==
    dependencies:
      estraverse "^5.2.0"
  
  estraverse@^5.1.0, estraverse@^5.2.0, estraverse@^5.3.0:
    version "5.3.0"
    resolved "https://registry.yarnpkg.com/estraverse/-/estraverse-5.3.0.tgz#2eea5290702f26ab8fe5370370ff86c965d21123"
    integrity sha512-MMdARuVEQziNTeJD8DgMqmhwR11BRQ/cBP+pLtYdSTnf3MIO8fFeiINEbX36ZdNlfU/7A9f3gUw49B3oQsvwBA==
  
  estree-walker@^2.0.2:
    version "2.0.2"
    resolved "https://registry.yarnpkg.com/estree-walker/-/estree-walker-2.0.2.tgz#52f010178c2a4c117a7757cfe942adb7d2da4cac"
    integrity sha512-Rfkk/Mp/DL7JVje3u18FxFujQlTNR2q6QfMSMB7AvCBx91NGj/ba3kCfza0f6dVDbw7YlRf/nDrn7pQrCCyQ/w==
  
  esutils@^2.0.2:
    version "2.0.3"
    resolved "https://registry.yarnpkg.com/esutils/-/esutils-2.0.3.tgz#74d2eb4de0b8da1293711910d50775b9b710ef64"
    integrity sha512-kVscqXk4OCp68SZ0dkgEKVi6/8ij300KBWTJq32P/dYeWTSwK41WyTxalN1eRmA5Z9UU/LX9D7FWSmV9SAYx6g==
  
  eth-block-tracker@6.1.0:
    version "6.1.0"
    resolved "https://registry.npmmirror.com/eth-block-tracker/-/eth-block-tracker-6.1.0.tgz#0481f97bbb88a100b9d45806fe7e37af741cbefc"
    integrity sha512-K9SY8+/xMBi4M5HHTDdxnpEqEEGjbNpzHFqvxyjMZej8InV/B+CkFRKM6W+uvrFJ7m8Zd1E0qUkseU3vdIDFYQ==
    dependencies:
      "@metamask/safe-event-emitter" "^2.0.0"
      "@metamask/utils" "^3.0.1"
      json-rpc-random-id "^1.0.1"
      pify "^3.0.0"
  
  eth-json-rpc-filters@5.1.0:
    version "5.1.0"
    resolved "https://registry.npmmirror.com/eth-json-rpc-filters/-/eth-json-rpc-filters-5.1.0.tgz#f0c2aeaec2a45e2dc6ca1b9843d8e85447821427"
    integrity sha512-fos+9xmoa1A2Ytsc9eYof17r81BjdJOUcGcgZn4K/tKdCCTb+a8ytEtwlu1op5qsXFDlgGmstTELFrDEc89qEQ==
    dependencies:
      "@metamask/safe-event-emitter" "^2.0.0"
      async-mutex "^0.2.6"
      eth-query "^2.1.2"
      json-rpc-engine "^6.1.0"
      pify "^5.0.0"
  
  eth-query@^2.1.2:
    version "2.1.2"
    resolved "https://registry.npmmirror.com/eth-query/-/eth-query-2.1.2.tgz#d6741d9000106b51510c72db92d6365456a6da5e"
    integrity sha512-srES0ZcvwkR/wd5OQBRA1bIJMww1skfGS0s8wlwK3/oNP4+wnds60krvu5R1QbpRQjMmpG5OMIWro5s7gvDPsA==
    dependencies:
      json-rpc-random-id "^1.0.0"
      xtend "^4.0.1"
  
  eth-rpc-errors@4.0.2:
    version "4.0.2"
    resolved "https://registry.npmmirror.com/eth-rpc-errors/-/eth-rpc-errors-4.0.2.tgz#11bc164e25237a679061ac05b7da7537b673d3b7"
    integrity sha512-n+Re6Gu8XGyfFy1it0AwbD1x0MUzspQs0D5UiPs1fFPCr6WAwZM+vbIhXheBFrpgosqN9bs5PqlB4Q61U/QytQ==
    dependencies:
      fast-safe-stringify "^2.0.6"
  
  eth-rpc-errors@^4.0.2:
    version "4.0.3"
    resolved "https://registry.npmmirror.com/eth-rpc-errors/-/eth-rpc-errors-4.0.3.tgz#6ddb6190a4bf360afda82790bb7d9d5e724f423a"
    integrity sha512-Z3ymjopaoft7JDoxZcEb3pwdGh7yiYMhOwm2doUt6ASXlMavpNlK6Cre0+IMl2VSGyEU9rkiperQhp5iRxn5Pg==
    dependencies:
      fast-safe-stringify "^2.0.6"
  
  ethereum-bloom-filters@^1.0.6:
    version "1.0.10"
    resolved "https://registry.npmmirror.com/ethereum-bloom-filters/-/ethereum-bloom-filters-1.0.10.tgz#3ca07f4aed698e75bd134584850260246a5fed8a"
    integrity sha512-rxJ5OFN3RwjQxDcFP2Z5+Q9ho4eIdEmSc2ht0fCu8Se9nbXjZ7/031uXoUYJ87KHCOdVeiUuwSnoS7hmYAGVHA==
    dependencies:
      js-sha3 "^0.8.0"
  
  ethereum-cryptography@^0.1.3:
    version "0.1.3"
    resolved "https://registry.npmmirror.com/ethereum-cryptography/-/ethereum-cryptography-0.1.3.tgz#8d6143cfc3d74bf79bbd8edecdf29e4ae20dd191"
    integrity sha512-w8/4x1SGGzc+tO97TASLja6SLd3fRIK2tLVcV2Gx4IB21hE19atll5Cq9o3d0ZmAYC/8aw0ipieTSiekAea4SQ==
    dependencies:
      "@types/pbkdf2" "^3.0.0"
      "@types/secp256k1" "^4.0.1"
      blakejs "^1.1.0"
      browserify-aes "^1.2.0"
      bs58check "^2.1.2"
      create-hash "^1.2.0"
      create-hmac "^1.1.7"
      hash.js "^1.1.7"
      keccak "^3.0.0"
      pbkdf2 "^3.0.17"
      randombytes "^2.1.0"
      safe-buffer "^5.1.2"
      scrypt-js "^3.0.0"
      secp256k1 "^4.0.1"
      setimmediate "^1.0.5"
  
  ethereumjs-util@^7.1.0:
    version "7.1.5"
    resolved "https://registry.npmmirror.com/ethereumjs-util/-/ethereumjs-util-7.1.5.tgz#9ecf04861e4fbbeed7465ece5f23317ad1129181"
    integrity sha512-SDl5kKrQAudFBUe5OJM9Ac6WmMyYmXX/6sTmLZ3ffG2eY6ZIGBes3pEDxNN6V72WyOw4CPD5RomKdsa8DAAwLg==
    dependencies:
      "@types/bn.js" "^5.1.0"
      bn.js "^5.1.2"
      create-hash "^1.1.2"
      ethereum-cryptography "^0.1.3"
      rlp "^2.2.4"
  
  ethers-eip712@^0.2.0:
    version "0.2.0"
    resolved "https://registry.yarnpkg.com/ethers-eip712/-/ethers-eip712-0.2.0.tgz#52973b3a9a22638f7357283bf66624994c6e91ed"
    integrity sha512-fgS196gCIXeiLwhsWycJJuxI9nL/AoUPGSQ+yvd+8wdWR+43G+J1n69LmWVWvAON0M6qNaf2BF4/M159U8fujQ==
  
  ethers@^5:
    version "5.7.2"
    resolved "https://registry.yarnpkg.com/ethers/-/ethers-5.7.2.tgz#3a7deeabbb8c030d4126b24f84e525466145872e"
    integrity sha512-wswUsmWo1aOK8rR7DIKiWSw9DbLWe6x98Jrn8wcTflTVvaXhAMaB5zGAXy0GYQEQp9iO1iSHWVyARQm11zUtyg==
    dependencies:
      "@ethersproject/abi" "5.7.0"
      "@ethersproject/abstract-provider" "5.7.0"
      "@ethersproject/abstract-signer" "5.7.0"
      "@ethersproject/address" "5.7.0"
      "@ethersproject/base64" "5.7.0"
      "@ethersproject/basex" "5.7.0"
      "@ethersproject/bignumber" "5.7.0"
      "@ethersproject/bytes" "5.7.0"
      "@ethersproject/constants" "5.7.0"
      "@ethersproject/contracts" "5.7.0"
      "@ethersproject/hash" "5.7.0"
      "@ethersproject/hdnode" "5.7.0"
      "@ethersproject/json-wallets" "5.7.0"
      "@ethersproject/keccak256" "5.7.0"
      "@ethersproject/logger" "5.7.0"
      "@ethersproject/networks" "5.7.1"
      "@ethersproject/pbkdf2" "5.7.0"
      "@ethersproject/properties" "5.7.0"
      "@ethersproject/providers" "5.7.2"
      "@ethersproject/random" "5.7.0"
      "@ethersproject/rlp" "5.7.0"
      "@ethersproject/sha2" "5.7.0"
      "@ethersproject/signing-key" "5.7.0"
      "@ethersproject/solidity" "5.7.0"
      "@ethersproject/strings" "5.7.0"
      "@ethersproject/transactions" "5.7.0"
      "@ethersproject/units" "5.7.0"
      "@ethersproject/wallet" "5.7.0"
      "@ethersproject/web" "5.7.1"
      "@ethersproject/wordlists" "5.7.0"
  
  ethjs-unit@0.1.6:
    version "0.1.6"
    resolved "https://registry.npmmirror.com/ethjs-unit/-/ethjs-unit-0.1.6.tgz#c665921e476e87bce2a9d588a6fe0405b2c41699"
    integrity sha512-/Sn9Y0oKl0uqQuvgFk/zQgR7aw1g36qX/jzSQ5lSwlO0GigPymk4eGQfeNTD03w1dPOqfz8V77Cy43jH56pagw==
    dependencies:
      bn.js "4.11.6"
      number-to-bn "1.7.0"
  
  event-target-shim@^5.0.0:
    version "5.0.1"
    resolved "https://registry.yarnpkg.com/event-target-shim/-/event-target-shim-5.0.1.tgz#5d4d3ebdf9583d63a5333ce2deb7480ab2b05789"
    integrity sha512-i/2XbnSz/uxRCU6+NdVJgKWDTM427+MqYbkQzD321DuCQJUqOuJKIA0IM2+W2xtYHdKOmZ4dR6fExsd4SXL+WQ==
  
  eventemitter3@^4.0.7:
    version "4.0.7"
    resolved "https://registry.npmmirror.com/eventemitter3/-/eventemitter3-4.0.7.tgz#2de9b68f6528d5644ef5c59526a1b4a07306169f"
    integrity sha512-8guHBZCwKnFhYdHr2ysuRWErTwhoN2X8XELRlrRwpmfeY2jjuUN4taQMsULKUVo1K4DvZl+0pgfyoysHxvmvEw==
  
  events@^3.3.0:
    version "3.3.0"
    resolved "https://registry.npmmirror.com/events/-/events-3.3.0.tgz#31a95ad0a924e2d2c419a813aeb2c4e878ea7400"
    integrity sha512-mQw+2fkQbALzQ7V0MY0IqdnXNOeTtP4r0lN9z7AAawCXgqea7bDii20AYrIBrFd/Hx0M2Ocz6S111CaFkUcb0Q==
  
  evp_bytestokey@^1.0.3:
    version "1.0.3"
    resolved "https://registry.npmmirror.com/evp_bytestokey/-/evp_bytestokey-1.0.3.tgz#7fcbdb198dc71959432efe13842684e0525acb02"
    integrity sha512-/f2Go4TognH/KvCISP7OUsHn85hT9nUkxxA9BEWxFn+Oj9o8ZNLm/40hdlgSLyuOimsrTKLUMEorQexp/aPQeA==
    dependencies:
      md5.js "^1.3.4"
      safe-buffer "^5.1.1"
  
  expand-template@^2.0.3:
    version "2.0.3"
    resolved "https://registry.yarnpkg.com/expand-template/-/expand-template-2.0.3.tgz#6e14b3fcee0f3a6340ecb57d2e8918692052a47c"
    integrity sha512-XYfuKMvj4O35f/pOXLObndIRvyQ+/+6AhODh+OKWj9S9498pHHn/IMszH+gt0fBCRWMNfk1ZSp5x3AifmnI2vg==
  
  eyes@^0.1.8:
    version "0.1.8"
    resolved "https://registry.npmmirror.com/eyes/-/eyes-0.1.8.tgz#62cf120234c683785d902348a800ef3e0cc20bc0"
    integrity sha512-GipyPsXO1anza0AOZdy69Im7hGFCNB7Y/NGjDlZGJ3GJJLtwNSb2vrzYrTYJRrRloVx7pl+bhUaTB8yiccPvFQ==
  
  fast-copy@^3.0.0:
    version "3.0.1"
    resolved "https://registry.yarnpkg.com/fast-copy/-/fast-copy-3.0.1.tgz#9e89ef498b8c04c1cd76b33b8e14271658a732aa"
    integrity sha512-Knr7NOtK3HWRYGtHoJrjkaWepqT8thIVGAwt0p0aUs1zqkAzXZV4vo9fFNwyb5fcqK1GKYFYxldQdIDVKhUAfA==
  
  fast-deep-equal@^3.1.1, fast-deep-equal@^3.1.3:
    version "3.1.3"
    resolved "https://registry.yarnpkg.com/fast-deep-equal/-/fast-deep-equal-3.1.3.tgz#3a7d56b559d6cbc3eb512325244e619a65c6c525"
    integrity sha512-f3qQ9oQy9j2AhBe/H9VC91wLmKBCCU/gDOnKNAYG5hswO7BLKj09Hc5HYNz9cGI++xlpDCIgDaitVs03ATR84Q==
  
  fast-fifo@^1.1.0, fast-fifo@^1.2.0:
    version "1.3.0"
    resolved "https://registry.yarnpkg.com/fast-fifo/-/fast-fifo-1.3.0.tgz#03e381bcbfb29932d7c3afde6e15e83e05ab4d8b"
    integrity sha512-IgfweLvEpwyA4WgiQe9Nx6VV2QkML2NkvZnk1oKnIzXgXdWxuhF7zw4DvLTPZJn6PIUneiAXPF24QmoEqHTjyw==
  
  fast-glob@^3.2.11, fast-glob@^3.2.9:
    version "3.2.12"
    resolved "https://registry.yarnpkg.com/fast-glob/-/fast-glob-3.2.12.tgz#7f39ec99c2e6ab030337142da9e0c18f37afae80"
    integrity sha512-DVj4CQIYYow0BlaelwK1pHl5n5cRSJfM60UA0zK891sVInoPri2Ekj7+e1CT3/3qxXenpI+nBBmQAcJPJgaj4w==
    dependencies:
      "@nodelib/fs.stat" "^2.0.2"
      "@nodelib/fs.walk" "^1.2.3"
      glob-parent "^5.1.2"
      merge2 "^1.3.0"
      micromatch "^4.0.4"
  
  fast-json-stable-stringify@^2.0.0:
    version "2.1.0"
    resolved "https://registry.yarnpkg.com/fast-json-stable-stringify/-/fast-json-stable-stringify-2.1.0.tgz#874bf69c6f404c2b5d99c481341399fd55892633"
    integrity sha512-lhd/wF+Lk98HZoTCtlVraHtfh5XYijIjalXck7saUtuanSDyLMxnHhSXEDJqHxD7msR8D0uCmqlkwjCV8xvwHw==
  
  fast-levenshtein@^2.0.6:
    version "2.0.6"
    resolved "https://registry.yarnpkg.com/fast-levenshtein/-/fast-levenshtein-2.0.6.tgz#3d8a5c66883a16a30ca8643e851f19baa7797917"
    integrity sha512-DCXu6Ifhqcks7TZKY3Hxp3y6qphY5SJZmrWMDrKcERSOXWQdMhU9Ig/PYrzyw/ul9jOIyh0N4M0tbC5hodg8dw==
  
  fast-redact@^3.0.0:
    version "3.2.0"
    resolved "https://registry.npmmirror.com/fast-redact/-/fast-redact-3.2.0.tgz#b1e2d39bc731376d28bde844454fa23e26919987"
    integrity sha512-zaTadChr+NekyzallAMXATXLOR8MNx3zqpZ0MUF2aGf4EathnG0f32VLODNlY8IuGY3HoRO2L6/6fSzNsLaHIw==
  
  fast-safe-stringify@^2.0.6, fast-safe-stringify@^2.1.1:
    version "2.1.1"
    resolved "https://registry.npmmirror.com/fast-safe-stringify/-/fast-safe-stringify-2.1.1.tgz#c406a83b6e70d9e35ce3b30a81141df30aeba884"
    integrity sha512-W+KJc2dmILlPplD/H4K9l9LcAHAfPtP6BY84uVLXQ6Evcz9Lcg33Y2z1IVblT6xdY54PXYVHEv+0Wpq8Io6zkA==
  
  fast-stable-stringify@^1.0.0:
    version "1.0.0"
    resolved "https://registry.npmmirror.com/fast-stable-stringify/-/fast-stable-stringify-1.0.0.tgz#5c5543462b22aeeefd36d05b34e51c78cb86d313"
    integrity sha512-wpYMUmFu5f00Sm0cj2pfivpmawLZ0NKdviQ4w9zJeR8JVtOpOxHmLaJuj0vxvGqMJQWyP/COUkF75/57OKyRag==
  
  fastq@^1.6.0:
    version "1.15.0"
    resolved "https://registry.yarnpkg.com/fastq/-/fastq-1.15.0.tgz#d04d07c6a2a68fe4599fea8d2e103a937fae6b3a"
    integrity sha512-wBrocU2LCXXa+lWBt8RoIRD89Fi8OdABODa/kEnyeyjS5aZO5/GNvI5sEINADqP/h8M29UHTHUb53sUu5Ihqdw==
    dependencies:
      reusify "^1.0.4"
  
  file-entry-cache@^6.0.1:
    version "6.0.1"
    resolved "https://registry.yarnpkg.com/file-entry-cache/-/file-entry-cache-6.0.1.tgz#211b2dd9659cb0394b073e7323ac3c933d522027"
    integrity sha512-7Gps/XWymbLk2QLYK4NzpMOrYjMhdIxXuIvy2QBsLE6ljuodKvdkWs/cpyJJ3CVIVpH0Oi1Hvg1ovbMzLdFBBg==
    dependencies:
      flat-cache "^3.0.4"
  
  file-uri-to-path@1.0.0:
    version "1.0.0"
    resolved "https://registry.npmmirror.com/file-uri-to-path/-/file-uri-to-path-1.0.0.tgz#553a7b8446ff6f684359c445f1e37a05dacc33dd"
    integrity sha512-0Zt+s3L7Vf1biwWZ29aARiVYLx7iMGnEUl9x33fbB/j3jR81u/O2LbqK+Bm1CDSNDKVtJ/YjwY7TUd5SkeLQLw==
  
  fill-range@^7.0.1:
    version "7.0.1"
    resolved "https://registry.yarnpkg.com/fill-range/-/fill-range-7.0.1.tgz#1919a6a7c75fe38b2c7c77e5198535da9acdda40"
    integrity sha512-qOo9F+dMUmC2Lcb4BbVvnKJxTPjCm+RRpe4gDuGrzkL7mEVl/djYSu2OdQ2Pa302N4oqkSg9ir6jaLWJ2USVpQ==
    dependencies:
      to-regex-range "^5.0.1"
  
  filter-obj@^1.1.0:
    version "1.1.0"
    resolved "https://registry.npmmirror.com/filter-obj/-/filter-obj-1.1.0.tgz#9b311112bc6c6127a16e016c6c5d7f19e0805c5b"
    integrity sha512-8rXg1ZnX7xzy2NGDVkBVaAy+lSlPNwad13BtgSlLuxfIslyt5Vg64U7tFcCt4WS1R0hvtnQybT/IyCkGZ3DpXQ==
  
  find-root@^1.1.0:
    version "1.1.0"
    resolved "https://registry.yarnpkg.com/find-root/-/find-root-1.1.0.tgz#abcfc8ba76f708c42a97b3d685b7e9450bfb9ce4"
    integrity sha512-NKfW6bec6GfKc0SGx1e07QZY9PE99u0Bft/0rzSD5k3sO/vwkVUpDUKVm5Gpp5Ue3YfShPFTX2070tDs5kB9Ng==
  
  find-up@^4.1.0:
    version "4.1.0"
    resolved "https://registry.npmmirror.com/find-up/-/find-up-4.1.0.tgz#97afe7d6cdc0bc5928584b7c8d7b16e8a9aa5d19"
    integrity sha512-PpOwAdQ/YlXQ2vj8a3h8IipDuYRi3wceVQQGYWxNINccq40Anw7BlsEXCMbt1Zt+OLA6Fq9suIpIWD0OsnISlw==
    dependencies:
      locate-path "^5.0.0"
      path-exists "^4.0.0"
  
  find-up@^5.0.0:
    version "5.0.0"
    resolved "https://registry.yarnpkg.com/find-up/-/find-up-5.0.0.tgz#4c92819ecb7083561e4f4a240a86be5198f536fc"
    integrity sha512-78/PXT1wlLLDgTzDs7sjq9hzz0vXD+zn+7wypEe4fXQxCmdmqfGsEPQxmiCSQI3ajFV91bVSsvNtrJRiW6nGng==
    dependencies:
      locate-path "^6.0.0"
      path-exists "^4.0.0"
  
  flat-cache@^3.0.4:
    version "3.0.4"
    resolved "https://registry.yarnpkg.com/flat-cache/-/flat-cache-3.0.4.tgz#61b0338302b2fe9f957dcc32fc2a87f1c3048b11"
    integrity sha512-dm9s5Pw7Jc0GvMYbshN6zchCA9RgQlzzEZX3vylR9IqFfS8XciblUXOKfW6SiuJ0e13eDYZoZV5wdrev7P3Nwg==
    dependencies:
      flatted "^3.1.0"
      rimraf "^3.0.2"
  
  flatted@^3.1.0:
    version "3.2.7"
    resolved "https://registry.yarnpkg.com/flatted/-/flatted-3.2.7.tgz#609f39207cb614b89d0765b477cb2d437fbf9787"
    integrity sha512-5nqDSxl8nn5BSNxyR3n4I6eDmbolI6WT+QqR547RwxQapgjQBmtktdP+HTBb/a/zLsbzERTONyUB5pefh5TtjQ==
  
  follow-redirects@^1.15.0:
    version "1.15.2"
    resolved "https://registry.yarnpkg.com/follow-redirects/-/follow-redirects-1.15.2.tgz#b460864144ba63f2681096f274c4e57026da2c13"
    integrity sha512-VQLG33o04KaQ8uYi2tVNbdrWp1QWxNNea+nmIB4EVM28v0hmP17z7aG1+wAkNzVq4KeXTq3221ye5qTJP91JwA==
  
  for-each@^0.3.3:
    version "0.3.3"
    resolved "https://registry.yarnpkg.com/for-each/-/for-each-0.3.3.tgz#69b447e88a0a5d32c3e7084f3f1710034b21376e"
    integrity sha512-jqYfLp7mo9vIyQf8ykW2v7A+2N4QjeCeI5+Dz9XraiO1ign81wjiH7Fb9vSOWvQfNtmSa4H2RoQTrrXivdUZmw==
    dependencies:
      is-callable "^1.1.3"
  
  form-data@^4.0.0:
    version "4.0.0"
    resolved "https://registry.yarnpkg.com/form-data/-/form-data-4.0.0.tgz#93919daeaf361ee529584b9b31664dc12c9fa452"
    integrity sha512-ETEklSGi5t0QMZuiXoA/Q6vcnxcLQP5vdugSpuAyi6SVGi2clPPp+xgEhuMaHC+zGgn31Kd235W35f7Hykkaww==
    dependencies:
      asynckit "^0.4.0"
      combined-stream "^1.0.8"
      mime-types "^2.1.12"
  
  formik@^2.4.3:
    version "2.4.3"
    resolved "https://registry.yarnpkg.com/formik/-/formik-2.4.3.tgz#6020e85eb3e3e8415b3b19d6f4f65793ab754b24"
    integrity sha512-2Dy79Szw3zlXmZiokUdKsn+n1ow4G8hRrC/n92cOWHNTWXCRpQXlyvz6HcjW7aSQZrldytvDOavYjhfmDnUq8Q==
    dependencies:
      deepmerge "^2.1.1"
      hoist-non-react-statics "^3.3.0"
      lodash "^4.17.21"
      lodash-es "^4.17.21"
      react-fast-compare "^2.0.1"
      tiny-warning "^1.0.2"
      tslib "^2.0.0"
  
  framer-motion@^10.16.1:
    version "10.16.1"
    resolved "https://registry.yarnpkg.com/framer-motion/-/framer-motion-10.16.1.tgz#0ff5de554bbb35ee6605357d80f92b27d0271a94"
    integrity sha512-K6TXr5mZtitC/dxQCBdg7xzdN0d5IAIrlaqCPKtIQVdzVPGC0qBuJKXggHX1vjnP5gPOFwB1KbCCTWcnFc3kWg==
    dependencies:
      tslib "^2.4.0"
    optionalDependencies:
      "@emotion/is-prop-valid" "^0.8.2"
  
  fs-constants@^1.0.0:
    version "1.0.0"
    resolved "https://registry.yarnpkg.com/fs-constants/-/fs-constants-1.0.0.tgz#6be0de9be998ce16af8afc24497b9ee9b7ccd9ad"
    integrity sha512-y6OAwoSIf7FyjMIv94u+b5rdheZEjzR63GTyZJm5qh4Bi+2YgwLCcI/fPFZkL5PSixOt6ZNKm+w+Hfp/Bciwow==
  
  fs.realpath@^1.0.0:
    version "1.0.0"
    resolved "https://registry.yarnpkg.com/fs.realpath/-/fs.realpath-1.0.0.tgz#1504ad2523158caa40db4a2787cb01411994ea4f"
    integrity sha512-OO0pH2lK6a0hZnAdau5ItzHPI6pUlvI7jMVnxUQRtw4owF2wk8lOSabtGDCTP4Ggrg2MbGnWO9X8K1t4+fGMDw==
  
  fsevents@^2.3.2, fsevents@~2.3.2:
    version "2.3.2"
    resolved "https://registry.yarnpkg.com/fsevents/-/fsevents-2.3.2.tgz#8a526f78b8fdf4623b709e0b975c52c24c02fd1a"
    integrity sha512-xiqMQR4xAeHTuB9uWm+fFRcIOgKBMiOBP+eXiyT7jsgVCq1bkVygt00oASowB7EdtpOHaaPgKt812P9ab+DDKA==
  
  function-bind@^1.1.1:
    version "1.1.1"
    resolved "https://registry.yarnpkg.com/function-bind/-/function-bind-1.1.1.tgz#a56899d3ea3c9bab874bb9773b7c5ede92f4895d"
    integrity sha512-yIovAzMX49sF8Yl58fSCWJ5svSLuaibPxXQJFLmBObTuCr0Mf1KiPopGM9NiFjiYBCbfaa2Fh6breQ6ANVTI0A==
  
  function.prototype.name@^1.1.5:
    version "1.1.5"
    resolved "https://registry.yarnpkg.com/function.prototype.name/-/function.prototype.name-1.1.5.tgz#cce0505fe1ffb80503e6f9e46cc64e46a12a9621"
    integrity sha512-uN7m/BzVKQnCUF/iW8jYea67v++2u7m5UgENbHRtdDVclOUP+FMPlCNdmk0h/ysGyo2tavMJEDqJAkJdRa1vMA==
    dependencies:
      call-bind "^1.0.2"
      define-properties "^1.1.3"
      es-abstract "^1.19.0"
      functions-have-names "^1.2.2"
  
  functions-have-names@^1.2.2, functions-have-names@^1.2.3:
    version "1.2.3"
    resolved "https://registry.yarnpkg.com/functions-have-names/-/functions-have-names-1.2.3.tgz#0404fe4ee2ba2f607f0e0ec3c80bae994133b834"
    integrity sha512-xckBUXyTIqT97tq2x2AMb+g163b5JFysYk0x4qxNFwbfQkmNZoiRHb6sPzI9/QV33WeuvVYBUIiD4NzNIyqaRQ==
  
  gensync@^1.0.0-beta.2:
    version "1.0.0-beta.2"
    resolved "https://registry.yarnpkg.com/gensync/-/gensync-1.0.0-beta.2.tgz#32a6ee76c3d7f52d46b2b1ae5d93fea8580a25e0"
    integrity sha512-3hN7NaskYvMDLQY55gnW3NQ+mesEAepTqlg+VEbj7zzqEMBVNhzcGYYeqFo/TlYz6eQiFcp1HcsCZO+nGgS8zg==
  
  get-caller-file@^2.0.1:
    version "2.0.5"
    resolved "https://registry.npmmirror.com/get-caller-file/-/get-caller-file-2.0.5.tgz#4f94412a82db32f36e3b0b9741f8a97feb031f7e"
    integrity sha512-DyFP3BM/3YHTQOCUL/w0OZHR0lpKeGrxotcHWcqNEdnltqFwXVfhEBQ94eIo34AfQpo0rGki4cyIiftY06h2Fg==
  
  get-intrinsic@^1.0.2, get-intrinsic@^1.1.1, get-intrinsic@^1.1.3, get-intrinsic@^1.2.0:
    version "1.2.0"
    resolved "https://registry.yarnpkg.com/get-intrinsic/-/get-intrinsic-1.2.0.tgz#7ad1dc0535f3a2904bba075772763e5051f6d05f"
    integrity sha512-L049y6nFOuom5wGyRc3/gdTLO94dySVKRACj1RmJZBQXlbTMhtNIgkWkUHq+jYmZvKf14EW1EoJnnjbmoHij0Q==
    dependencies:
      function-bind "^1.1.1"
      has "^1.0.3"
      has-symbols "^1.0.3"
  
  get-nonce@^1.0.0:
    version "1.0.1"
    resolved "https://registry.npmmirror.com/get-nonce/-/get-nonce-1.0.1.tgz#fdf3f0278073820d2ce9426c18f07481b1e0cdf3"
    integrity sha512-FJhYRoDaiatfEkUK8HKlicmu/3SGFD51q3itKDGoSTysQJBnfOcxU5GxnhE1E6soB76MbT0MBtnKJuXyAx+96Q==
  
  get-symbol-description@^1.0.0:
    version "1.0.0"
    resolved "https://registry.yarnpkg.com/get-symbol-description/-/get-symbol-description-1.0.0.tgz#7fdb81c900101fbd564dd5f1a30af5aadc1e58d6"
    integrity sha512-2EmdH1YvIQiZpltCNgkuiUnyukzxM/R6NDJX31Ke3BG1Nq5b0S2PhX59UKi9vZpPDQVdqn+1IcaAwnzTT5vCjw==
    dependencies:
      call-bind "^1.0.2"
      get-intrinsic "^1.1.1"
  
  get-tsconfig@^4.5.0:
    version "4.5.0"
    resolved "https://registry.yarnpkg.com/get-tsconfig/-/get-tsconfig-4.5.0.tgz#6d52d1c7b299bd3ee9cd7638561653399ac77b0f"
    integrity sha512-MjhiaIWCJ1sAU4pIQ5i5OfOuHHxVo1oYeNsWTON7jxYkod8pHocXeh+SSbmu5OZZZK73B6cbJ2XADzXehLyovQ==
  
  github-from-package@0.0.0:
    version "0.0.0"
    resolved "https://registry.yarnpkg.com/github-from-package/-/github-from-package-0.0.0.tgz#97fb5d96bfde8973313f20e8288ef9a167fa64ce"
    integrity sha512-SyHy3T1v2NUXn29OsWdxmK6RwHD+vkj3v8en8AOBZ1wBQ/hCAQ5bAQTD02kW4W9tUp/3Qh6J8r9EvntiyCmOOw==
  
  glob-parent@^5.1.2:
    version "5.1.2"
    resolved "https://registry.yarnpkg.com/glob-parent/-/glob-parent-5.1.2.tgz#869832c58034fe68a4093c17dc15e8340d8401c4"
    integrity sha512-AOIgSQCepiJYwP3ARnGx+5VnTu2HBYdzbGP45eLw1vr3zB3vZLeyed1sC9hnbcOc9/SrMyM5RPQrkGz4aS9Zow==
    dependencies:
      is-glob "^4.0.1"
  
  glob-parent@^6.0.2:
    version "6.0.2"
    resolved "https://registry.yarnpkg.com/glob-parent/-/glob-parent-6.0.2.tgz#6d237d99083950c79290f24c7642a3de9a28f9e3"
    integrity sha512-XxwI8EOhVQgWp6iDL+3b0r86f4d6AX6zSU55HfB4ydCEuXLXc5FcYeOu+nnGftS4TEju/11rt4KJPTMgbfmv4A==
    dependencies:
      is-glob "^4.0.3"
  
  glob-to-regexp@^0.4.1:
    version "0.4.1"
    resolved "https://registry.yarnpkg.com/glob-to-regexp/-/glob-to-regexp-0.4.1.tgz#c75297087c851b9a578bd217dd59a92f59fe546e"
    integrity sha512-lkX1HJXwyMcprw/5YUZc2s7DrpAiHB21/V+E1rHUrVNokkvB6bqMzT0VfV6/86ZNabt1k14YOIaT7nDvOX3Iiw==
  
  glob@7.1.7:
    version "7.1.7"
    resolved "https://registry.yarnpkg.com/glob/-/glob-7.1.7.tgz#3b193e9233f01d42d0b3f78294bbeeb418f94a90"
    integrity sha512-OvD9ENzPLbegENnYP5UUfJIirTg4+XwMWGaQfQTY0JenxNvvIKP3U3/tAQSPIu/lHxXYSZmpXlUHeqAIdKzBLQ==
    dependencies:
      fs.realpath "^1.0.0"
      inflight "^1.0.4"
      inherits "2"
      minimatch "^3.0.4"
      once "^1.3.0"
      path-is-absolute "^1.0.0"
  
  glob@^7.1.3:
    version "7.2.3"
    resolved "https://registry.yarnpkg.com/glob/-/glob-7.2.3.tgz#b8df0fb802bbfa8e89bd1d938b4e16578ed44f2b"
    integrity sha512-nFR0zLpU2YCaRxwoCJvL6UvCH2JFyFVIvwTLsIf21AuHlMskA1hhTdk+LlYJtOlYt9v6dvszD2BGRqBL+iQK9Q==
    dependencies:
      fs.realpath "^1.0.0"
      inflight "^1.0.4"
      inherits "2"
      minimatch "^3.1.1"
      once "^1.3.0"
      path-is-absolute "^1.0.0"
  
  glob@^8.0.0, glob@^8.0.3:
    version "8.1.0"
    resolved "https://registry.yarnpkg.com/glob/-/glob-8.1.0.tgz#d388f656593ef708ee3e34640fdfb99a9fd1c33e"
    integrity sha512-r8hpEjiQEYlF2QU0df3dS+nxxSIreXQS1qRhMJM0Q5NDdR386C7jb7Hwwod8Fgiuex+k0GFjgft18yvxm5XoCQ==
    dependencies:
      fs.realpath "^1.0.0"
      inflight "^1.0.4"
      inherits "2"
      minimatch "^5.0.1"
      once "^1.3.0"
  
  globals@^11.1.0:
    version "11.12.0"
    resolved "https://registry.yarnpkg.com/globals/-/globals-11.12.0.tgz#ab8795338868a0babd8525758018c2a7eb95c42e"
    integrity sha512-WOBp/EEGUiIsJSp7wcv/y6MO+lV9UoncWqxuFfm8eBwzWNgyfBd6Gz+IeKQ9jCmyhoH99g15M3T+QaVHFjizVA==
  
  globals@^13.19.0:
    version "13.20.0"
    resolved "https://registry.yarnpkg.com/globals/-/globals-13.20.0.tgz#ea276a1e508ffd4f1612888f9d1bad1e2717bf82"
    integrity sha512-Qg5QtVkCy/kv3FUSlu4ukeZDVf9ee0iXLAUYX13gbR17bnejFTzr4iS9bY7kwCf1NztRNm1t91fjOiyx4CSwPQ==
    dependencies:
      type-fest "^0.20.2"
  
  globalthis@^1.0.3:
    version "1.0.3"
    resolved "https://registry.yarnpkg.com/globalthis/-/globalthis-1.0.3.tgz#5852882a52b80dc301b0660273e1ed082f0b6ccf"
    integrity sha512-sFdI5LyBiNTHjRd7cGPWapiHWMOXKyuBNX/cWJ3NfzrZQVa8GI/8cofCl74AOVqq9W5kNmguTIzJ/1s2gyI9wA==
    dependencies:
      define-properties "^1.1.3"
  
  globalyzer@0.1.0:
    version "0.1.0"
    resolved "https://registry.yarnpkg.com/globalyzer/-/globalyzer-0.1.0.tgz#cb76da79555669a1519d5a8edf093afaa0bf1465"
    integrity sha512-40oNTM9UfG6aBmuKxk/giHn5nQ8RVz/SS4Ir6zgzOv9/qC3kKZ9v4etGTcJbEl/NyVQH7FGU7d+X1egr57Md2Q==
  
  globby@^11.1.0:
    version "11.1.0"
    resolved "https://registry.yarnpkg.com/globby/-/globby-11.1.0.tgz#bd4be98bb042f83d796f7e3811991fbe82a0d34b"
    integrity sha512-jhIXaOzy1sb8IyocaruWSn1TjmnBVs8Ayhcy83rmxNJ8q2uWKCAj3CnJY+KpGSXCueAPc0i05kVvVKtP1t9S3g==
    dependencies:
      array-union "^2.1.0"
      dir-glob "^3.0.1"
      fast-glob "^3.2.9"
      ignore "^5.2.0"
      merge2 "^1.4.1"
      slash "^3.0.0"
  
  globby@^13.1.3:
    version "13.1.4"
    resolved "https://registry.yarnpkg.com/globby/-/globby-13.1.4.tgz#2f91c116066bcec152465ba36e5caa4a13c01317"
    integrity sha512-iui/IiiW+QrJ1X1hKH5qwlMQyv34wJAYwH1vrf8b9kBA4sNiif3gKsMHa+BrdnOpEudWjpotfa7LrTzB1ERS/g==
    dependencies:
      dir-glob "^3.0.1"
      fast-glob "^3.2.11"
      ignore "^5.2.0"
      merge2 "^1.4.1"
      slash "^4.0.0"
  
  globrex@^0.1.2:
    version "0.1.2"
    resolved "https://registry.yarnpkg.com/globrex/-/globrex-0.1.2.tgz#dd5d9ec826232730cd6793a5e33a9302985e6098"
    integrity sha512-uHJgbwAMwNFf5mLst7IWLNg14x1CkeqglJb/K3doi4dw6q2IvAAmM/Y81kevy83wP+Sst+nutFTYOGg3d1lsxg==
  
  goober@^2.1.10:
    version "2.1.13"
    resolved "https://registry.yarnpkg.com/goober/-/goober-2.1.13.tgz#e3c06d5578486212a76c9eba860cbc3232ff6d7c"
    integrity sha512-jFj3BQeleOoy7t93E9rZ2de+ScC4lQICLwiAQmKMg9F6roKGaLSHoCDYKkWlSafg138jejvq/mTdvmnwDQgqoQ==
  
  gopd@^1.0.1:
    version "1.0.1"
    resolved "https://registry.yarnpkg.com/gopd/-/gopd-1.0.1.tgz#29ff76de69dac7489b7c0918a5788e56477c332c"
    integrity sha512-d65bNlIadxvpb/A2abVdlqKqV563juRnZ1Wtk6s1sIR8uNsXR70xqIzVqxVf1eTqDunwT2MkczEeaezCKTZhwA==
    dependencies:
      get-intrinsic "^1.1.3"
  
  graceful-fs@^4.1.2, graceful-fs@^4.2.4:
    version "4.2.11"
    resolved "https://registry.yarnpkg.com/graceful-fs/-/graceful-fs-4.2.11.tgz#4183e4e8bf08bb6e05bbb2f7d2e0c8f712ca40e3"
    integrity sha512-RbJ5/jmFcNNCcDV5o9eTnBLJ/HszWV0P73bc+Ff4nS/rJj+YaS6IGyiOL0VoBYX+l1Wrl3k63h/KrH+nhJ0XvQ==
  
  graphemer@^1.4.0:
    version "1.4.0"
    resolved "https://registry.yarnpkg.com/graphemer/-/graphemer-1.4.0.tgz#fb2f1d55e0e3a1849aeffc90c4fa0dd53a0e66c6"
    integrity sha512-EtKwoO6kxCL9WO5xipiHTZlSzBm7WLT627TqC/uVRd0HKmq8NXyebnNYxDoBi7wt8eTWrUrKXCOVaFq9x1kgag==
  
  has-bigints@^1.0.1, has-bigints@^1.0.2:
    version "1.0.2"
    resolved "https://registry.yarnpkg.com/has-bigints/-/has-bigints-1.0.2.tgz#0871bd3e3d51626f6ca0966668ba35d5602d6eaa"
    integrity sha512-tSvCKtBr9lkF0Ex0aQiP9N+OpV4zi2r/Nee5VkRDbaqv35RLYMzbwQfFSZZH0kR+Rd6302UJZ2p/bJCEoR3VoQ==
  
  has-flag@^3.0.0:
    version "3.0.0"
    resolved "https://registry.yarnpkg.com/has-flag/-/has-flag-3.0.0.tgz#b5d454dc2199ae225699f3467e5a07f3b955bafd"
    integrity sha512-sKJf1+ceQBr4SMkvQnBDNDtf4TXpVhVGateu0t918bl30FnbE2m4vNLX+VWe/dpjlb+HugGYzW7uQXH98HPEYw==
  
  has-flag@^4.0.0:
    version "4.0.0"
    resolved "https://registry.yarnpkg.com/has-flag/-/has-flag-4.0.0.tgz#944771fd9c81c81265c4d6941860da06bb59479b"
    integrity sha512-EykJT/Q1KjTWctppgIAgfSO0tKVuZUjhgMr17kqTumMl6Afv3EISleU7qZUzoXDFTAHTDC4NOoG/ZxU3EvlMPQ==
  
  has-property-descriptors@^1.0.0:
    version "1.0.0"
    resolved "https://registry.yarnpkg.com/has-property-descriptors/-/has-property-descriptors-1.0.0.tgz#610708600606d36961ed04c196193b6a607fa861"
    integrity sha512-62DVLZGoiEBDHQyqG4w9xCuZ7eJEwNmJRWw2VY84Oedb7WFcA27fiEVe8oUQx9hAUJ4ekurquucTGwsyO1XGdQ==
    dependencies:
      get-intrinsic "^1.1.1"
  
  has-proto@^1.0.1:
    version "1.0.1"
    resolved "https://registry.yarnpkg.com/has-proto/-/has-proto-1.0.1.tgz#1885c1305538958aff469fef37937c22795408e0"
    integrity sha512-7qE+iP+O+bgF9clE5+UoBFzE65mlBiVj3tKCrlNQ0Ogwm0BjpT/gK4SlLYDMybDh5I3TCTKnPPa0oMG7JDYrhg==
  
  has-symbols@^1.0.2, has-symbols@^1.0.3:
    version "1.0.3"
    resolved "https://registry.yarnpkg.com/has-symbols/-/has-symbols-1.0.3.tgz#bb7b2c4349251dce87b125f7bdf874aa7c8b39f8"
    integrity sha512-l3LCuF6MgDNwTDKkdYGEihYjt5pRPbEg46rtlmnSPlUbgmB8LOIrKJbYYFBSbnPaJexMKtiPO8hmeRjRz2Td+A==
  
  has-tostringtag@^1.0.0:
    version "1.0.0"
    resolved "https://registry.yarnpkg.com/has-tostringtag/-/has-tostringtag-1.0.0.tgz#7e133818a7d394734f941e73c3d3f9291e658b25"
    integrity sha512-kFjcSNhnlGV1kyoGk7OXKSawH5JOb/LzUc5w9B02hOTO0dfFRjbHQKvg1d6cf3HbeUmtU9VbbV3qzZ2Teh97WQ==
    dependencies:
      has-symbols "^1.0.2"
  
  has@^1.0.3:
    version "1.0.3"
    resolved "https://registry.yarnpkg.com/has/-/has-1.0.3.tgz#722d7cbfc1f6aa8241f16dd814e011e1f41e8796"
    integrity sha512-f2dvO0VU6Oej7RkWJGrehjbzMAjFp5/VKPp5tTpWIV4JHHZK1/BxbFRtf/siA2SWTe09caDmVtYYzWEIbBS4zw==
    dependencies:
      function-bind "^1.1.1"
  
  hash-base@^3.0.0:
    version "3.1.0"
    resolved "https://registry.npmmirror.com/hash-base/-/hash-base-3.1.0.tgz#55c381d9e06e1d2997a883b4a3fddfe7f0d3af33"
    integrity sha512-1nmYp/rhMDiE7AYkDw+lLwlAzz0AntGIe51F3RfFfEqyQ3feY2eI/NcwC6umIQVOASPMsWJLJScWKSSvzL9IVA==
    dependencies:
      inherits "^2.0.4"
      readable-stream "^3.6.0"
      safe-buffer "^5.2.0"
  
  hash.js@1.1.7, hash.js@^1.0.0, hash.js@^1.0.3, hash.js@^1.1.7:
    version "1.1.7"
    resolved "https://registry.npmmirror.com/hash.js/-/hash.js-1.1.7.tgz#0babca538e8d4ee4a0f8988d68866537a003cf42"
    integrity sha512-taOaskGt4z4SOANNseOviYDvjEJinIkRgmp7LbKP2YTTmVxWBl87s/uzK9r+44BclBSp2X7K1hqeNfz9JbBeXA==
    dependencies:
      inherits "^2.0.3"
      minimalistic-assert "^1.0.1"
  
  help-me@^4.0.1:
    version "4.2.0"
    resolved "https://registry.yarnpkg.com/help-me/-/help-me-4.2.0.tgz#50712bfd799ff1854ae1d312c36eafcea85b0563"
    integrity sha512-TAOnTB8Tz5Dw8penUuzHVrKNKlCIbwwbHnXraNJxPwf8LRtE2HlM84RYuezMFcwOJmoYOCWVDyJ8TQGxn9PgxA==
    dependencies:
      glob "^8.0.0"
      readable-stream "^3.6.0"
  
  hey-listen@^1.0.8:
    version "1.0.8"
    resolved "https://registry.npmmirror.com/hey-listen/-/hey-listen-1.0.8.tgz#8e59561ff724908de1aa924ed6ecc84a56a9aa68"
    integrity sha512-COpmrF2NOg4TBWUJ5UVyaCU2A88wEMkUPK4hNqyCkqHbxT92BbvfjoSozkAIIm6XhicGlJHhFdullInrdhwU8Q==
  
  hmac-drbg@^1.0.1:
    version "1.0.1"
    resolved "https://registry.yarnpkg.com/hmac-drbg/-/hmac-drbg-1.0.1.tgz#d2745701025a6c775a6c545793ed502fc0c649a1"
    integrity sha512-Tti3gMqLdZfhOQY1Mzf/AanLiqh1WTiJgEj26ZuYQ9fbkLomzGchCws4FyrSd4VkpBfiNhaE1On+lOz894jvXg==
    dependencies:
      hash.js "^1.0.3"
      minimalistic-assert "^1.0.0"
      minimalistic-crypto-utils "^1.0.1"
  
  hoist-non-react-statics@^3.3.0, hoist-non-react-statics@^3.3.1, hoist-non-react-statics@^3.3.2:
    version "3.3.2"
    resolved "https://registry.yarnpkg.com/hoist-non-react-statics/-/hoist-non-react-statics-3.3.2.tgz#ece0acaf71d62c2969c2ec59feff42a4b1a85b45"
    integrity sha512-/gGivxi8JPKWNm/W0jSmzcMPpfpPLc3dY/6GxhX2hQ9iGj3aDfklV4ET7NjKpSinLpJ5vafa9iiGIEZg10SfBw==
    dependencies:
      react-is "^16.7.0"
  
  https-proxy-agent@^5.0.0:
    version "5.0.1"
    resolved "https://registry.yarnpkg.com/https-proxy-agent/-/https-proxy-agent-5.0.1.tgz#c59ef224a04fe8b754f3db0063a25ea30d0005d6"
    integrity sha512-dFcAjpTQFgoLMzC2VwU+C/CbS7uRL0lWmxDITmqm7C+7F0Odmj6s9l6alZc6AELXhrnggM2CeWSXHGOdX2YtwA==
    dependencies:
      agent-base "6"
      debug "4"
  
  humanize-ms@^1.2.1:
    version "1.2.1"
    resolved "https://registry.npmmirror.com/humanize-ms/-/humanize-ms-1.2.1.tgz#c46e3159a293f6b896da29316d8b6fe8bb79bbed"
    integrity sha512-Fl70vYtsAFb/C06PTS9dZBo7ihau+Tu/DNCk/OyHhea07S+aeMWpFFkUaXRa8fI+ScZbEI8dfSxwY7gxZ9SAVQ==
    dependencies:
      ms "^2.0.0"
  
  husky@^8.0.3:
    version "8.0.3"
    resolved "https://registry.yarnpkg.com/husky/-/husky-8.0.3.tgz#4936d7212e46d1dea28fef29bb3a108872cd9184"
    integrity sha512-+dQSyqPh4x1hlO1swXBiNb2HzTDN1I2IGLQx1GrBuiqFJfoMrnZWwVmatvSiO+Iz8fBUnf+lekwNo4c2LlXItg==
  
  iconv-lite@^0.6.2:
    version "0.6.3"
    resolved "https://registry.yarnpkg.com/iconv-lite/-/iconv-lite-0.6.3.tgz#a52f80bf38da1952eb5c681790719871a1a72501"
    integrity sha512-4fCk79wshMdzMp2rH06qWrJE4iolqLhCUH+OiuIgU++RB0+94NlDL81atO7GX55uUKueo0txHNtvEyI6D7WdMw==
    dependencies:
      safer-buffer ">= 2.1.2 < 3.0.0"
  
  ieee754@^1.1.13, ieee754@^1.2.1:
    version "1.2.1"
    resolved "https://registry.npmmirror.com/ieee754/-/ieee754-1.2.1.tgz#8eb7a10a63fff25d15a57b001586d177d1b0d352"
    integrity sha512-dcyqhDvX1C46lXZcVqCpK+FtMRQVdIMN6/Df5js2zouUsqG7I6sFxitIC+7KYK29KdXOLHdu9zL4sFnoVQnqaA==
  
  ignore@^5.2.0:
    version "5.2.4"
    resolved "https://registry.yarnpkg.com/ignore/-/ignore-5.2.4.tgz#a291c0c6178ff1b960befe47fcdec301674a6324"
    integrity sha512-MAb38BcSbH0eHNBxn7ql2NH/kX33OkB3lZ1BNdh7ENeRChHTYsTvWrMubiIAMNS2llXEEgZ1MUOBtXChP3kaFQ==
  
  immediate@~3.0.5:
    version "3.0.6"
    resolved "https://registry.yarnpkg.com/immediate/-/immediate-3.0.6.tgz#9db1dbd0faf8de6fbe0f5dd5e56bb606280de69b"
    integrity sha512-XXOFtyqDjNDAQxVfYxuF7g9Il/IbWmmlQg2MYKOH8ExIT1qg6xc4zyS3HaEEATgs1btfzxq15ciUiY7gjSXRGQ==
  
  immer@^10.0.2:
    version "10.0.2"
    resolved "https://registry.yarnpkg.com/immer/-/immer-10.0.2.tgz#11636c5b77acf529e059582d76faf338beb56141"
    integrity sha512-Rx3CqeqQ19sxUtYV9CU911Vhy8/721wRFnJv3REVGWUmoAcIwzifTsdmJte/MV+0/XpM35LZdQMBGkRIoLPwQA==
  
  import-fresh@^3.2.1:
    version "3.3.0"
    resolved "https://registry.yarnpkg.com/import-fresh/-/import-fresh-3.3.0.tgz#37162c25fcb9ebaa2e6e53d5b4d88ce17d9e0c2b"
    integrity sha512-veYYhQa+D1QBKznvhUHxb8faxlrwUnxseDAbAp457E0wLNio2bOSKnjYDhMj+YiAq61xrMGhQk9iXVk5FzgQMw==
    dependencies:
      parent-module "^1.0.0"
      resolve-from "^4.0.0"
  
  imurmurhash@^0.1.4:
    version "0.1.4"
    resolved "https://registry.yarnpkg.com/imurmurhash/-/imurmurhash-0.1.4.tgz#9218b9b2b928a238b13dc4fb6b6d576f231453ea"
    integrity sha512-JmXMZ6wuvDmLiHEml9ykzqO6lwFbof0GG4IkcGaENdCRDDmMVnny7s5HsIgHCbaq0w2MyPhDqkhTUgS2LU2PHA==
  
  inflight@^1.0.4:
    version "1.0.6"
    resolved "https://registry.yarnpkg.com/inflight/-/inflight-1.0.6.tgz#49bd6331d7d02d0c09bc910a1075ba8165b56df9"
    integrity sha512-k92I/b08q4wvFscXCLvqfsHCrjrF7yiXsQuIVvVE7N82W3+aqpzuUdBbfhWcy/FZR3/4IgflMgKLOsvPDrGCJA==
    dependencies:
      once "^1.3.0"
      wrappy "1"
  
  inherits@2, inherits@^2.0.1, inherits@^2.0.3, inherits@^2.0.4, inherits@~2.0.4:
    version "2.0.4"
    resolved "https://registry.yarnpkg.com/inherits/-/inherits-2.0.4.tgz#0fa2c64f932917c3433a0ded55363aae37416b7c"
    integrity sha512-k/vGaX4/Yla3WzyMCvTQOXYeIHvqOKtnqBduzTHpzpQZzAskKMhZ2K+EnBiSM9zGSoIFeMpXKxa4dYeZIQqewQ==
  
  ini@~1.3.0:
    version "1.3.8"
    resolved "https://registry.yarnpkg.com/ini/-/ini-1.3.8.tgz#a29da425b48806f34767a4efce397269af28432c"
    integrity sha512-JV/yugV2uzW5iMRSiZAyDtQd+nxtUnjeLt0acNdw98kKLrvuRVyB80tsREOE7yvGVgalhZ6RNXCmEHkUKBKxew==
  
  internal-slot@^1.0.3, internal-slot@^1.0.4, internal-slot@^1.0.5:
    version "1.0.5"
    resolved "https://registry.yarnpkg.com/internal-slot/-/internal-slot-1.0.5.tgz#f2a2ee21f668f8627a4667f309dc0f4fb6674986"
    integrity sha512-Y+R5hJrzs52QCG2laLn4udYVnxsfny9CpOhNhUvk/SSSVyF6T27FzRbF0sroPidSu3X8oEAkOn2K804mjpt6UQ==
    dependencies:
      get-intrinsic "^1.2.0"
      has "^1.0.3"
      side-channel "^1.0.4"
  
  intl-messageformat@^9.3.18:
    version "9.13.0"
    resolved "https://registry.yarnpkg.com/intl-messageformat/-/intl-messageformat-9.13.0.tgz#97360b73bd82212e4f6005c712a4a16053165468"
    integrity sha512-7sGC7QnSQGa5LZP7bXLDhVDtQOeKGeBFGHF2Y8LVBwYZoQZCgWeKoPGTa5GMG8g/TzDgeXuYJQis7Ggiw2xTOw==
    dependencies:
      "@formatjs/ecma402-abstract" "1.11.4"
      "@formatjs/fast-memoize" "1.2.1"
      "@formatjs/icu-messageformat-parser" "2.1.0"
      tslib "^2.1.0"
  
  invariant@^2.2.4:
    version "2.2.4"
    resolved "https://registry.npmmirror.com/invariant/-/invariant-2.2.4.tgz#610f3c92c9359ce1db616e538008d23ff35158e6"
    integrity sha512-phJfQVBuaJM5raOpJjSfkiD6BpbCE4Ns//LaXl6wGYtUBY83nWS6Rf9tXm2e8VaK60JEjYldbPif/A2B1C2gNA==
    dependencies:
      loose-envify "^1.0.0"
  
  is-arguments@^1.0.4, is-arguments@^1.1.1:
    version "1.1.1"
    resolved "https://registry.yarnpkg.com/is-arguments/-/is-arguments-1.1.1.tgz#15b3f88fda01f2a97fec84ca761a560f123efa9b"
    integrity sha512-8Q7EARjzEnKpt/PCD7e1cgUS0a6X8u5tdSiMqXhojOdoV9TsMsiO+9VLC5vAmO8N7/GmXn7yjR8qnA6bVAEzfA==
    dependencies:
      call-bind "^1.0.2"
      has-tostringtag "^1.0.0"
  
  is-array-buffer@^3.0.1, is-array-buffer@^3.0.2:
    version "3.0.2"
    resolved "https://registry.yarnpkg.com/is-array-buffer/-/is-array-buffer-3.0.2.tgz#f2653ced8412081638ecb0ebbd0c41c6e0aecbbe"
    integrity sha512-y+FyyR/w8vfIRq4eQcM1EYgSTnmHXPqaF+IgzgraytCFq5Xh8lllDVmAZolPJiZttZLeFSINPYMaEJ7/vWUa1w==
    dependencies:
      call-bind "^1.0.2"
      get-intrinsic "^1.2.0"
      is-typed-array "^1.1.10"
  
  is-arrayish@^0.2.1:
    version "0.2.1"
    resolved "https://registry.yarnpkg.com/is-arrayish/-/is-arrayish-0.2.1.tgz#77c99840527aa8ecb1a8ba697b80645a7a926a9d"
    integrity sha512-zz06S8t0ozoDXMG+ube26zeCTNXcKIPJZJi8hBrF4idCLms4CG9QtK7qBl1boi5ODzFpjswb5JPmHCbMpjaYzg==
  
  is-arrayish@^0.3.1:
    version "0.3.2"
    resolved "https://registry.yarnpkg.com/is-arrayish/-/is-arrayish-0.3.2.tgz#4574a2ae56f7ab206896fb431eaeed066fdf8f03"
    integrity sha512-eVRqCvVlZbuw3GrM63ovNSNAeA1K16kaR/LRY/92w0zxQ5/1YzwblUX652i4Xs9RwAGjW9d9y6X88t8OaAJfWQ==
  
  is-bigint@^1.0.1:
    version "1.0.4"
    resolved "https://registry.yarnpkg.com/is-bigint/-/is-bigint-1.0.4.tgz#08147a1875bc2b32005d41ccd8291dffc6691df3"
    integrity sha512-zB9CruMamjym81i2JZ3UMn54PKGsQzsJeo6xvN3HJJ4CAsQNB6iRutp2To77OfCNuoxspsIhzaPoO1zyCEhFOg==
    dependencies:
      has-bigints "^1.0.1"
  
  is-boolean-object@^1.1.0:
    version "1.1.2"
    resolved "https://registry.yarnpkg.com/is-boolean-object/-/is-boolean-object-1.1.2.tgz#5c6dc200246dd9321ae4b885a114bb1f75f63719"
    integrity sha512-gDYaKHJmnj4aWxyj6YHyXVpdQawtVLHU5cb+eztPGczf6cjuTdwve5ZIEfgXqH4e57An1D1AKf8CZ3kYrQRqYA==
    dependencies:
      call-bind "^1.0.2"
      has-tostringtag "^1.0.0"
  
  is-callable@^1.1.3, is-callable@^1.1.4, is-callable@^1.2.7:
    version "1.2.7"
    resolved "https://registry.yarnpkg.com/is-callable/-/is-callable-1.2.7.tgz#3bc2a85ea742d9e36205dcacdd72ca1fdc51b055"
    integrity sha512-1BC0BVFhS/p0qtw6enp8e+8OD0UrK0oFLztSjNzhcKA3WDuJxxAPXzPuPtKkjEY9UUoEWlX/8fgKeu2S8i9JTA==
  
  is-core-module@^2.11.0, is-core-module@^2.9.0:
    version "2.12.0"
    resolved "https://registry.yarnpkg.com/is-core-module/-/is-core-module-2.12.0.tgz#36ad62f6f73c8253fd6472517a12483cf03e7ec4"
    integrity sha512-RECHCBCd/viahWmwj6enj19sKbHfJrddi/6cBDsNTKbNq0f7VeaUkBo60BqzvPqo/W54ChS62Z5qyun7cfOMqQ==
    dependencies:
      has "^1.0.3"
  
  is-date-object@^1.0.1, is-date-object@^1.0.5:
    version "1.0.5"
    resolved "https://registry.yarnpkg.com/is-date-object/-/is-date-object-1.0.5.tgz#0841d5536e724c25597bf6ea62e1bd38298df31f"
    integrity sha512-9YQaSxsAiSwcvS33MBk3wTCVnWK+HhF8VZR2jRxehM16QcVOdHqPn4VPHmRK4lSr38n9JriurInLcP90xsYNfQ==
    dependencies:
      has-tostringtag "^1.0.0"
  
  is-docker@^2.0.0, is-docker@^2.1.1:
    version "2.2.1"
    resolved "https://registry.yarnpkg.com/is-docker/-/is-docker-2.2.1.tgz#33eeabe23cfe86f14bde4408a02c0cfb853acdaa"
    integrity sha512-F+i2BKsFrH66iaUFc0woD8sLy8getkwTwtOBjvs56Cx4CgJDeKQeqfz8wAYiSb8JOprWhHH5p77PbmYCvvUuXQ==
  
  is-extglob@^2.1.1:
    version "2.1.1"
    resolved "https://registry.yarnpkg.com/is-extglob/-/is-extglob-2.1.1.tgz#a88c02535791f02ed37c76a1b9ea9773c833f8c2"
    integrity sha512-SbKbANkN603Vi4jEZv49LeVJMn4yGwsbzZworEoyEiutsN3nJYdbO36zfhGJ6QEDpOZIFkDtnq5JRxmvl3jsoQ==
  
  is-fullwidth-code-point@^3.0.0:
    version "3.0.0"
    resolved "https://registry.npmmirror.com/is-fullwidth-code-point/-/is-fullwidth-code-point-3.0.0.tgz#f116f8064fe90b3f7844a38997c0b75051269f1d"
    integrity sha512-zymm5+u+sCsSWyD9qNaejV3DFvhCKclKdizYaJUuHA83RLjb7nSuGnddCHGv0hk+KY7BMAlsWeK4Ueg6EV6XQg==
  
  is-generator-function@^1.0.7:
    version "1.0.10"
    resolved "https://registry.npmmirror.com/is-generator-function/-/is-generator-function-1.0.10.tgz#f1558baf1ac17e0deea7c0415c438351ff2b3c72"
    integrity sha512-jsEjy9l3yiXEQ+PsXdmBwEPcOxaXWLspKdplFUVI9vq1iZgIekeC0L167qeu86czQaxed3q/Uzuw0swL0irL8A==
    dependencies:
      has-tostringtag "^1.0.0"
  
  is-glob@^4.0.0, is-glob@^4.0.1, is-glob@^4.0.3:
    version "4.0.3"
    resolved "https://registry.yarnpkg.com/is-glob/-/is-glob-4.0.3.tgz#64f61e42cbbb2eec2071a9dac0b28ba1e65d5084"
    integrity sha512-xelSayHH36ZgE7ZWhli7pW34hNbNl8Ojv5KVmkJD4hBdD3th8Tfk9vYasLM+mXWOZhFkgZfxhLSnrwRr4elSSg==
    dependencies:
      is-extglob "^2.1.1"
  
  is-hex-prefixed@1.0.0:
    version "1.0.0"
    resolved "https://registry.npmmirror.com/is-hex-prefixed/-/is-hex-prefixed-1.0.0.tgz#7d8d37e6ad77e5d127148913c573e082d777f554"
    integrity sha512-WvtOiug1VFrE9v1Cydwm+FnXd3+w9GaeVUss5W4v/SLy3UW00vP+6iNF2SdnfiBoLy4bTqVdkftNGTUeOFVsbA==
  
  is-map@^2.0.1, is-map@^2.0.2:
    version "2.0.2"
    resolved "https://registry.yarnpkg.com/is-map/-/is-map-2.0.2.tgz#00922db8c9bf73e81b7a335827bc2a43f2b91127"
    integrity sha512-cOZFQQozTha1f4MxLFzlgKYPTyj26picdZTx82hbc/Xf4K/tZOOXSCkMvU4pKioRXGDLJRn0GM7Upe7kR721yg==
  
  is-negative-zero@^2.0.2:
    version "2.0.2"
    resolved "https://registry.yarnpkg.com/is-negative-zero/-/is-negative-zero-2.0.2.tgz#7bf6f03a28003b8b3965de3ac26f664d765f3150"
    integrity sha512-dqJvarLawXsFbNDeJW7zAz8ItJ9cd28YufuuFzh0G8pNHjJMnY08Dv7sYX2uF5UpQOwieAeOExEYAWWfu7ZZUA==
  
  is-number-object@^1.0.4:
    version "1.0.7"
    resolved "https://registry.yarnpkg.com/is-number-object/-/is-number-object-1.0.7.tgz#59d50ada4c45251784e9904f5246c742f07a42fc"
    integrity sha512-k1U0IRzLMo7ZlYIfzRu23Oh6MiIFasgpb9X76eqfFZAqwH44UI4KTBvBYIZ1dSL9ZzChTB9ShHfLkR4pdW5krQ==
    dependencies:
      has-tostringtag "^1.0.0"
  
  is-number@^7.0.0:
    version "7.0.0"
    resolved "https://registry.yarnpkg.com/is-number/-/is-number-7.0.0.tgz#7535345b896734d5f80c4d06c50955527a14f12b"
    integrity sha512-41Cifkg6e8TylSpdtTpeLVMqvSBEVzTttHvERD741+pnZ8ANv0004MRL43QKPDlK9cGvNp6NZWZUBlbGXYxxng==
  
  is-path-inside@^3.0.3:
    version "3.0.3"
    resolved "https://registry.yarnpkg.com/is-path-inside/-/is-path-inside-3.0.3.tgz#d231362e53a07ff2b0e0ea7fed049161ffd16283"
    integrity sha512-Fd4gABb+ycGAmKou8eMftCupSir5lRxqf4aD/vd0cD2qc4HL07OjCeuHMr8Ro4CoMaeCKDB0/ECBOVWjTwUvPQ==
  
  is-reference@1.2.1:
    version "1.2.1"
    resolved "https://registry.yarnpkg.com/is-reference/-/is-reference-1.2.1.tgz#8b2dac0b371f4bc994fdeaba9eb542d03002d0b7"
    integrity sha512-U82MsXXiFIrjCK4otLT+o2NA2Cd2g5MLoOVXUZjIOhLurrRxpEXzI8O0KZHr3IjLvlAH1kTPYSuqer5T9ZVBKQ==
    dependencies:
      "@types/estree" "*"
  
  is-regex@^1.1.4:
    version "1.1.4"
    resolved "https://registry.yarnpkg.com/is-regex/-/is-regex-1.1.4.tgz#eef5663cd59fa4c0ae339505323df6854bb15958"
    integrity sha512-kvRdxDsxZjhzUX07ZnLydzS1TU/TJlTUHHY4YLL87e37oUA49DfkLqgy+VjFocowy29cKvcSiu+kIv728jTTVg==
    dependencies:
      call-bind "^1.0.2"
      has-tostringtag "^1.0.0"
  
  is-set@^2.0.1, is-set@^2.0.2:
    version "2.0.2"
    resolved "https://registry.yarnpkg.com/is-set/-/is-set-2.0.2.tgz#90755fa4c2562dc1c5d4024760d6119b94ca18ec"
    integrity sha512-+2cnTEZeY5z/iXGbLhPrOAaK/Mau5k5eXq9j14CpRTftq0pAJu2MwVRSZhyZWBzx3o6X795Lz6Bpb6R0GKf37g==
  
  is-shared-array-buffer@^1.0.2:
    version "1.0.2"
    resolved "https://registry.yarnpkg.com/is-shared-array-buffer/-/is-shared-array-buffer-1.0.2.tgz#8f259c573b60b6a32d4058a1a07430c0a7344c79"
    integrity sha512-sqN2UDu1/0y6uvXyStCOzyhAjCSlHceFoMKJW8W9EU9cvic/QdsZ0kEU93HEy3IUEFZIiH/3w+AH/UQbPHNdhA==
    dependencies:
      call-bind "^1.0.2"
  
  is-string@^1.0.5, is-string@^1.0.7:
    version "1.0.7"
    resolved "https://registry.yarnpkg.com/is-string/-/is-string-1.0.7.tgz#0dd12bf2006f255bb58f695110eff7491eebc0fd"
    integrity sha512-tE2UXzivje6ofPW7l23cjDOMa09gb7xlAqG6jG5ej6uPV32TlWP3NKPigtaGeHNu9fohccRYvIiZMfOOnOYUtg==
    dependencies:
      has-tostringtag "^1.0.0"
  
  is-symbol@^1.0.2, is-symbol@^1.0.3:
    version "1.0.4"
    resolved "https://registry.yarnpkg.com/is-symbol/-/is-symbol-1.0.4.tgz#a6dac93b635b063ca6872236de88910a57af139c"
    integrity sha512-C/CPBqKWnvdcxqIARxyOh4v1UUEOCHpgDa0WYgpKDFMszcrPcffg5uhwSgPCLD2WWxmq6isisz87tzT01tuGhg==
    dependencies:
      has-symbols "^1.0.2"
  
  is-typed-array@^1.1.10, is-typed-array@^1.1.3, is-typed-array@^1.1.9:
    version "1.1.10"
    resolved "https://registry.yarnpkg.com/is-typed-array/-/is-typed-array-1.1.10.tgz#36a5b5cb4189b575d1a3e4b08536bfb485801e3f"
    integrity sha512-PJqgEHiWZvMpaFZ3uTc8kHPM4+4ADTlDniuQL7cU/UDA0Ql7F70yGfHph3cLNe+c9toaigv+DFzTJKhc2CtO6A==
    dependencies:
      available-typed-arrays "^1.0.5"
      call-bind "^1.0.2"
      for-each "^0.3.3"
      gopd "^1.0.1"
      has-tostringtag "^1.0.0"
  
  is-typedarray@1.0.0, is-typedarray@^1.0.0:
    version "1.0.0"
    resolved "https://registry.npmmirror.com/is-typedarray/-/is-typedarray-1.0.0.tgz#e479c80858df0c1b11ddda6940f96011fcda4a9a"
    integrity sha512-cyA56iCMHAh5CdzjJIa4aohJyeO1YbwLi3Jc35MmRU6poroFjIGZzUzupGiRPOjgHg9TLu43xbpwXk523fMxKA==
  
  is-weakmap@^2.0.1:
    version "2.0.1"
    resolved "https://registry.yarnpkg.com/is-weakmap/-/is-weakmap-2.0.1.tgz#5008b59bdc43b698201d18f62b37b2ca243e8cf2"
    integrity sha512-NSBR4kH5oVj1Uwvv970ruUkCV7O1mzgVFO4/rev2cLRda9Tm9HrL70ZPut4rOHgY0FNrUu9BCbXA2sdQ+x0chA==
  
  is-weakref@^1.0.2:
    version "1.0.2"
    resolved "https://registry.yarnpkg.com/is-weakref/-/is-weakref-1.0.2.tgz#9529f383a9338205e89765e0392efc2f100f06f2"
    integrity sha512-qctsuLZmIQ0+vSSMfoVvyFe2+GSEvnmZ2ezTup1SBse9+twCCeial6EEi3Nc2KFcf6+qz2FBPnjXsk8xhKSaPQ==
    dependencies:
      call-bind "^1.0.2"
  
  is-weakset@^2.0.1:
    version "2.0.2"
    resolved "https://registry.yarnpkg.com/is-weakset/-/is-weakset-2.0.2.tgz#4569d67a747a1ce5a994dfd4ef6dcea76e7c0a1d"
    integrity sha512-t2yVvttHkQktwnNNmBQ98AhENLdPUTDTE21uPqAQ0ARwQfGeQKRVS0NNurH7bTf7RrvcVn1OOge45CnBeHCSmg==
    dependencies:
      call-bind "^1.0.2"
      get-intrinsic "^1.1.1"
  
  is-wsl@^2.2.0:
    version "2.2.0"
    resolved "https://registry.yarnpkg.com/is-wsl/-/is-wsl-2.2.0.tgz#74a4c76e77ca9fd3f932f290c17ea326cd157271"
    integrity sha512-fKzAra0rGJUUBwGBgNkHZuToZcn+TtXHpeCgmkMJMMYx1sQDYaCSyjJBSCa2nH1DGm7s3n1oBnohoVTBaN7Lww==
    dependencies:
      is-docker "^2.0.0"
  
  isarray@^2.0.5:
    version "2.0.5"
    resolved "https://registry.yarnpkg.com/isarray/-/isarray-2.0.5.tgz#8af1e4c1221244cc62459faf38940d4e644a5723"
    integrity sha512-xHjhDr3cNBK0BzdUJSPXZntQUx/mwMS5Rw4A7lPJ90XGAO6ISP/ePDNuo0vhqOZU+UD5JoodwCAAoZQd3FeAKw==
  
  isexe@^2.0.0:
    version "2.0.0"
    resolved "https://registry.yarnpkg.com/isexe/-/isexe-2.0.0.tgz#e8fbf374dc556ff8947a10dcb0572d633f2cfa10"
    integrity sha512-RHxMLp9lnKHGHRng9QFhRCMbYAcVpn69smSGcq3f36xjgVVWThj4qqLbTLlq7Ssj8B+fIQ1EuCEGI2lKsyQeIw==
  
  isomorphic-ws@5.0.0:
    version "5.0.0"
    resolved "https://registry.npmmirror.com/isomorphic-ws/-/isomorphic-ws-5.0.0.tgz#e5529148912ecb9b451b46ed44d53dae1ce04bbf"
    integrity sha512-muId7Zzn9ywDsyXgTIafTry2sV3nySZeUDe6YedVd1Hvuuep5AsIlqK+XefWpYTyJG5e503F2xIuT2lcU6rCSw==
  
  isomorphic-ws@^4.0.1:
    version "4.0.1"
    resolved "https://registry.npmmirror.com/isomorphic-ws/-/isomorphic-ws-4.0.1.tgz#55fd4cd6c5e6491e76dc125938dd863f5cd4f2dc"
    integrity sha512-BhBvN2MBpWTaSHdWRb/bwdZJ1WaehQ2L1KngkCkfLUGF0mAWAT1sQUQacEmQ0jXkFw/czDXPNQSL5u2/Krsz1w==
  
  jayson@^4.1.0:
    version "4.1.0"
    resolved "https://registry.npmmirror.com/jayson/-/jayson-4.1.0.tgz#60dc946a85197317f2b1439d672a8b0a99cea2f9"
    integrity sha512-R6JlbyLN53Mjku329XoRT2zJAE6ZgOQ8f91ucYdMCD4nkGCF9kZSrcGXpHIU4jeKj58zUZke2p+cdQchU7Ly7A==
    dependencies:
      "@types/connect" "^3.4.33"
      "@types/node" "^12.12.54"
      "@types/ws" "^7.4.4"
      JSONStream "^1.3.5"
      commander "^2.20.3"
      delay "^5.0.0"
      es6-promisify "^5.0.0"
      eyes "^0.1.8"
      isomorphic-ws "^4.0.1"
      json-stringify-safe "^5.0.1"
      uuid "^8.3.2"
      ws "^7.4.5"
  
  joycon@^3.1.1:
    version "3.1.1"
    resolved "https://registry.yarnpkg.com/joycon/-/joycon-3.1.1.tgz#bce8596d6ae808f8b68168f5fc69280996894f03"
    integrity sha512-34wB/Y7MW7bzjKRjUKTa46I2Z7eV62Rkhva+KkopW7Qvv/OSWBqvkSY7vusOPrNuZcUG3tApvdVgNB8POj3SPw==
  
  js-sha3@0.8.0, js-sha3@^0.8.0:
    version "0.8.0"
    resolved "https://registry.yarnpkg.com/js-sha3/-/js-sha3-0.8.0.tgz#b9b7a5da73afad7dedd0f8c463954cbde6818840"
    integrity sha512-gF1cRrHhIzNfToc802P800N8PpXS+evLLXfsVpowqmAFR9uwbi89WvXg2QspOmXL8QL86J4T1EpFu+yUkwJY3Q==
  
  "js-tokens@^3.0.0 || ^4.0.0", js-tokens@^4.0.0:
    version "4.0.0"
    resolved "https://registry.yarnpkg.com/js-tokens/-/js-tokens-4.0.0.tgz#19203fb59991df98e3a287050d4647cdeaf32499"
    integrity sha512-RdJUflcE3cUzKiMqQgsCu06FPu9UdIJO0beYbPhHN4k6apgJtifcoCtT9bcxOpYBtpD2kCM6Sbzg4CausW/PKQ==
  
  js-yaml@^4.1.0:
    version "4.1.0"
    resolved "https://registry.yarnpkg.com/js-yaml/-/js-yaml-4.1.0.tgz#c1fb65f8f5017901cdd2c951864ba18458a10602"
    integrity sha512-wpxZs9NoxZaJESJGIZTyDEaYpl0FKSA+FB9aJiyemKhMwkxQg63h4T1KJgUGHpTqPDNRcmmYLugrRjJlBtWvRA==
    dependencies:
      argparse "^2.0.1"
  
  jsesc@^2.5.1:
    version "2.5.2"
    resolved "https://registry.yarnpkg.com/jsesc/-/jsesc-2.5.2.tgz#80564d2e483dacf6e8ef209650a67df3f0c283a4"
    integrity sha512-OYu7XEzjkCQ3C5Ps3QIZsQfNpqoJyZZA99wd9aWd05NCtC5pWOkShK2mkL6HXQR6/Cy2lbNdPlZBpuQHXE63gA==
  
  jsesc@~0.5.0:
    version "0.5.0"
    resolved "https://registry.yarnpkg.com/jsesc/-/jsesc-0.5.0.tgz#e7dee66e35d6fc16f710fe91d5cf69f70f08911d"
    integrity sha512-uZz5UnB7u4T9LvwmFqXii7pZSouaRPorGs5who1Ip7VO0wxanFvBL7GkM6dTHlgX+jhBApRetaWpnDabOeTcnA==
  
  json-parse-even-better-errors@^2.3.0:
    version "2.3.1"
    resolved "https://registry.yarnpkg.com/json-parse-even-better-errors/-/json-parse-even-better-errors-2.3.1.tgz#7c47805a94319928e05777405dc12e1f7a4ee02d"
    integrity sha512-xyFwyhro/JEof6Ghe2iz2NcXoj2sloNsWr/XsERDK/oiPCfaNhl5ONfp+jQdAZRQQ0IJWNzH9zIZF7li91kh2w==
  
  json-rpc-engine@6.1.0, json-rpc-engine@^6.1.0:
    version "6.1.0"
    resolved "https://registry.npmmirror.com/json-rpc-engine/-/json-rpc-engine-6.1.0.tgz#bf5ff7d029e1c1bf20cb6c0e9f348dcd8be5a393"
    integrity sha512-NEdLrtrq1jUZyfjkr9OCz9EzCNhnRyWtt1PAnvnhwy6e8XETS0Dtc+ZNCO2gvuAoKsIn2+vCSowXTYE4CkgnAQ==
    dependencies:
      "@metamask/safe-event-emitter" "^2.0.0"
      eth-rpc-errors "^4.0.2"
  
  json-rpc-random-id@^1.0.0, json-rpc-random-id@^1.0.1:
    version "1.0.1"
    resolved "https://registry.npmmirror.com/json-rpc-random-id/-/json-rpc-random-id-1.0.1.tgz#ba49d96aded1444dbb8da3d203748acbbcdec8c8"
    integrity sha512-RJ9YYNCkhVDBuP4zN5BBtYAzEl03yq/jIIsyif0JY9qyJuQQZNeDK7anAPKKlyEtLSj2s8h6hNh2F8zO5q7ScA==
  
  json-schema-traverse@^0.4.1:
    version "0.4.1"
    resolved "https://registry.yarnpkg.com/json-schema-traverse/-/json-schema-traverse-0.4.1.tgz#69f6a87d9513ab8bb8fe63bdb0979c448e684660"
    integrity sha512-xbbCH5dCYU5T8LcEhhuh7HJ88HXuW3qsI3Y0zOZFKfZEHcpWiHU/Jxzk629Brsab/mMiHQti9wMP+845RPe3Vg==
  
  json-stable-stringify-without-jsonify@^1.0.1:
    version "1.0.1"
    resolved "https://registry.yarnpkg.com/json-stable-stringify-without-jsonify/-/json-stable-stringify-without-jsonify-1.0.1.tgz#9db7b59496ad3f3cfef30a75142d2d930ad72651"
    integrity sha512-Bdboy+l7tA3OGW6FjyFHWkP5LuByj1Tk33Ljyq0axyzdk9//JSi2u3fP1QSmd1KNwq6VOKYGlAu87CisVir6Pw==
  
  json-stringify-safe@^5.0.1:
    version "5.0.1"
    resolved "https://registry.npmmirror.com/json-stringify-safe/-/json-stringify-safe-5.0.1.tgz#1296a2d58fd45f19a0f6ce01d65701e2c735b6eb"
    integrity sha512-ZClg6AaYvamvYEE82d3Iyd3vSSIjQ+odgjaTzRuO3s7toCdFKczob2i0zCh7JE8kWn17yvAWhUVxvqGwUalsRA==
  
  json5@^1.0.2:
    version "1.0.2"
    resolved "https://registry.yarnpkg.com/json5/-/json5-1.0.2.tgz#63d98d60f21b313b77c4d6da18bfa69d80e1d593"
    integrity sha512-g1MWMLBiz8FKi1e4w0UyVL3w+iJceWAFBAaBnnGKOpNa5f8TLktkbre1+s6oICydWAm+HRUGTmI+//xv2hvXYA==
    dependencies:
      minimist "^1.2.0"
  
  json5@^2.2.2:
    version "2.2.3"
    resolved "https://registry.yarnpkg.com/json5/-/json5-2.2.3.tgz#78cd6f1a19bdc12b73db5ad0c61efd66c1e29283"
    integrity sha512-XmOWe7eyHYH14cLdVPoyg+GOH3rYX++KpzrylJwSW98t3Nk+U8XOl8FWKOgwtzdb8lXGf6zYwDUzeHMWfxasyg==
  
  jsonparse@^1.2.0:
    version "1.3.1"
    resolved "https://registry.npmmirror.com/jsonparse/-/jsonparse-1.3.1.tgz#3f4dae4a91fac315f71062f8521cc239f1366280"
    integrity sha512-POQXvpdL69+CluYsillJ7SUhKvytYjW9vG/GKpnf+xP8UWgYEM/RaMzHHofbALDiKbbP1W8UEYmgGl39WkPZsg==
  
  "jsx-ast-utils@^2.4.1 || ^3.0.0", jsx-ast-utils@^3.3.3:
    version "3.3.3"
    resolved "https://registry.yarnpkg.com/jsx-ast-utils/-/jsx-ast-utils-3.3.3.tgz#76b3e6e6cece5c69d49a5792c3d01bd1a0cdc7ea"
    integrity sha512-fYQHZTZ8jSfmWZ0iyzfwiU4WDX4HpHbMCZ3gPlWYiCl3BoeOTsqKBqnTVfH2rYT7eP5c3sVbeSPHnnJOaTrWiw==
    dependencies:
      array-includes "^3.1.5"
      object.assign "^4.1.3"
  
  keccak@^3.0.0, keccak@^3.0.1:
    version "3.0.3"
    resolved "https://registry.npmmirror.com/keccak/-/keccak-3.0.3.tgz#4bc35ad917be1ef54ff246f904c2bbbf9ac61276"
    integrity sha512-JZrLIAJWuZxKbCilMpNz5Vj7Vtb4scDG3dMXLOsbzBmQGyjwE61BbW7bJkfKKCShXiQZt3T6sBgALRtmd+nZaQ==
    dependencies:
      node-addon-api "^2.0.0"
      node-gyp-build "^4.2.0"
      readable-stream "^3.6.0"
  
  keyvaluestorage-interface@^1.0.0:
    version "1.0.0"
    resolved "https://registry.npmmirror.com/keyvaluestorage-interface/-/keyvaluestorage-interface-1.0.0.tgz#13ebdf71f5284ad54be94bd1ad9ed79adad515ff"
    integrity sha512-8t6Q3TclQ4uZynJY9IGr2+SsIGwK9JHcO6ootkHCGA0CrQCRy+VkouYNO2xicET6b9al7QKzpebNow+gkpCL8g==
  
  language-subtag-registry@~0.3.2:
    version "0.3.22"
    resolved "https://registry.yarnpkg.com/language-subtag-registry/-/language-subtag-registry-0.3.22.tgz#2e1500861b2e457eba7e7ae86877cbd08fa1fd1d"
    integrity sha512-tN0MCzyWnoz/4nHS6uxdlFWoUZT7ABptwKPQ52Ea7URk6vll88bWBVhodtnlfEuCcKWNGoc+uGbw1cwa9IKh/w==
  
  language-tags@=1.0.5:
    version "1.0.5"
    resolved "https://registry.yarnpkg.com/language-tags/-/language-tags-1.0.5.tgz#d321dbc4da30ba8bf3024e040fa5c14661f9193a"
    integrity sha512-qJhlO9cGXi6hBGKoxEG/sKZDAHD5Hnu9Hs4WbOY3pCWXDhw0N8x1NenNzm2EnNLkLkk7J2SdxAkDSbb6ftT+UQ==
    dependencies:
      language-subtag-registry "~0.3.2"
  
  levn@^0.4.1:
    version "0.4.1"
    resolved "https://registry.yarnpkg.com/levn/-/levn-0.4.1.tgz#ae4562c007473b932a6200d403268dd2fffc6ade"
    integrity sha512-+bT2uH4E5LGE7h/n3evcS/sQlJXCpIp6ym8OWJ5eV6+67Dsql/LaaT7qJBAt2rzfoa/5QBGBhxDix1dMt2kQKQ==
    dependencies:
      prelude-ls "^1.2.1"
      type-check "~0.4.0"
  
  lie@3.1.1:
    version "3.1.1"
    resolved "https://registry.yarnpkg.com/lie/-/lie-3.1.1.tgz#9a436b2cc7746ca59de7a41fa469b3efb76bd87e"
    integrity sha512-RiNhHysUjhrDQntfYSfY4MU24coXXdEOgw9WGcKHNeEwffDYbF//u87M1EWaMGzuFoSbqW0C9C6lEEhDOAswfw==
    dependencies:
      immediate "~3.0.5"
  
  lines-and-columns@^1.1.6:
    version "1.2.4"
    resolved "https://registry.yarnpkg.com/lines-and-columns/-/lines-and-columns-1.2.4.tgz#eca284f75d2965079309dc0ad9255abb2ebc1632"
    integrity sha512-7ylylesZQ/PV29jhEDl3Ufjo6ZX7gCqJr5F7PKrqc93v7fzSymt1BpwEU8nAUXs8qzzvqhbjhK5QZg6Mt/HkBg==
  
  lit-element@^3.3.0:
    version "3.3.2"
    resolved "https://registry.npmmirror.com/lit-element/-/lit-element-3.3.2.tgz#9913bf220b85065f0e5f1bb8878cc44f36b50cfa"
    integrity sha512-xXAeVWKGr4/njq0rGC9dethMnYCq5hpKYrgQZYTzawt9YQhMiXfD+T1RgrdY3NamOxwq2aXlb0vOI6e29CKgVQ==
    dependencies:
      "@lit-labs/ssr-dom-shim" "^1.1.0"
      "@lit/reactive-element" "^1.3.0"
      lit-html "^2.7.0"
  
  lit-html@^2.7.0:
    version "2.7.4"
    resolved "https://registry.npmmirror.com/lit-html/-/lit-html-2.7.4.tgz#6d75001977c206683685b9d76594a516afda2954"
    integrity sha512-/Jw+FBpeEN+z8X6PJva5n7+0MzCVAH2yypN99qHYYkq8bI+j7I39GH+68Z/MZD6rGKDK9RpzBw7CocfmHfq6+g==
    dependencies:
      "@types/trusted-types" "^2.0.2"
  
  lit@2.7.6:
    version "2.7.6"
    resolved "https://registry.yarnpkg.com/lit/-/lit-2.7.6.tgz#810007b876ed43e0c70124de91831921598b1665"
    integrity sha512-1amFHA7t4VaaDe+vdQejSVBklwtH9svGoG6/dZi9JhxtJBBlqY5D1RV7iLUYY0trCqQc4NfhYYZilZiVHt7Hxg==
    dependencies:
      "@lit/reactive-element" "^1.6.0"
      lit-element "^3.3.0"
      lit-html "^2.7.0"
  
  localforage@^1.8.1:
    version "1.10.0"
    resolved "https://registry.yarnpkg.com/localforage/-/localforage-1.10.0.tgz#5c465dc5f62b2807c3a84c0c6a1b1b3212781dd4"
    integrity sha512-14/H1aX7hzBBmmh7sGPd+AOMkkIrHM3Z1PAyGgZigA1H1p5O5ANnMyWzvpAETtG68/dC4pC0ncy3+PPGzXZHPg==
    dependencies:
      lie "3.1.1"
  
  locate-path@^5.0.0:
    version "5.0.0"
    resolved "https://registry.npmmirror.com/locate-path/-/locate-path-5.0.0.tgz#1afba396afd676a6d42504d0a67a3a7eb9f62aa0"
    integrity sha512-t7hw9pI+WvuwNJXwk5zVHpyhIqzg2qTlklJOf0mVxGSbe3Fp2VieZcduNYjaLDoy6p9uGpQEGWG87WpMKlNq8g==
    dependencies:
      p-locate "^4.1.0"
  
  locate-path@^6.0.0:
    version "6.0.0"
    resolved "https://registry.yarnpkg.com/locate-path/-/locate-path-6.0.0.tgz#55321eb309febbc59c4801d931a72452a681d286"
    integrity sha512-iPZK6eYjbxRu3uB4/WZ3EsEIMJFMqAoopl3R+zuq0UjcAm/MO6KCweDgPfP3elTztoKP3KtnVHxTn2NHBSDVUw==
    dependencies:
      p-locate "^5.0.0"
  
  lodash-es@^4.17.21:
    version "4.17.21"
    resolved "https://registry.yarnpkg.com/lodash-es/-/lodash-es-4.17.21.tgz#43e626c46e6591b7750beb2b50117390c609e3ee"
    integrity sha512-mKnC+QJ9pWVzv+C4/U3rRsHapFfHvQFoFB92e52xeyGMcX6/OlIl78je1u8vePzYZSkkogMPJ2yjxxsb89cxyw==
  
  lodash.debounce@^4.0.8:
    version "4.0.8"
    resolved "https://registry.yarnpkg.com/lodash.debounce/-/lodash.debounce-4.0.8.tgz#82d79bff30a67c4005ffd5e2515300ad9ca4d7af"
    integrity sha512-FT1yDzDYEoYWhnSGnpE/4Kj1fLZkDFyqRb7fNt6FdYOSxlUWAtp42Eh6Wb0rGIv/m9Bgo7x4GhQbm5Ys4SG5ow==
  
  lodash.isequal@4.5.0:
    version "4.5.0"
    resolved "https://registry.npmmirror.com/lodash.isequal/-/lodash.isequal-4.5.0.tgz#415c4478f2bcc30120c22ce10ed3226f7d3e18e0"
    integrity sha512-pDo3lu8Jhfjqls6GkMgpahsF9kCyayhgykjyLMNFTKWrpVdAQtYyB4muAMWozBB4ig/dtWAmsMxLEI8wuz+DYQ==
  
  lodash.merge@^4.6.2:
    version "4.6.2"
    resolved "https://registry.npmmirror.com/lodash.merge/-/lodash.merge-4.6.2.tgz#558aa53b43b661e1925a0afdfa36a9a1085fe57a"
    integrity sha512-0KpjqXRVvrYyCsX1swR/XTK0va6VQkQM6MNo7PqW77ByjAhoARA8EfrP1N4+KlKj8YS0ZUCtRT/YUuhyYDujIQ==
  
  lodash@^4.17.21:
    version "4.17.21"
    resolved "https://registry.yarnpkg.com/lodash/-/lodash-4.17.21.tgz#679591c564c3bffaae8454cf0b3df370c3d6911c"
    integrity sha512-v2kDEe57lecTulaDIuNTPy3Ry4gLGJ6Z1O3vE1krgXZNrsQ+LFTGHVxVjcXPs17LhbZVGedAJv8XZ1tvj5FvSg==
  
  lokijs@^1.5.12:
    version "1.5.12"
    resolved "https://registry.npmmirror.com/lokijs/-/lokijs-1.5.12.tgz#cb55b37009bdf09ee7952a6adddd555b893653a0"
    integrity sha512-Q5ALD6JiS6xAUWCwX3taQmgwxyveCtIIuL08+ml0nHwT3k0S/GIFJN+Hd38b1qYIMaE5X++iqsqWVksz7SYW+Q==
  
  loose-envify@^1.0.0, loose-envify@^1.1.0, loose-envify@^1.4.0:
    version "1.4.0"
    resolved "https://registry.yarnpkg.com/loose-envify/-/loose-envify-1.4.0.tgz#71ee51fa7be4caec1a63839f7e682d8132d30caf"
    integrity sha512-lyuxPGr/Wfhrlem2CL/UcnUc1zcqKAImBDzukY7Y5F/yQiNdko6+fRLevlw1HgMySw7f611UIY408EtxRSoK3Q==
    dependencies:
      js-tokens "^3.0.0 || ^4.0.0"
  
  lower-case@^2.0.2:
    version "2.0.2"
    resolved "https://registry.yarnpkg.com/lower-case/-/lower-case-2.0.2.tgz#6fa237c63dbdc4a82ca0fd882e4722dc5e634e28"
    integrity sha512-7fm3l3NAF9WfN6W3JOmf5drwpVqX78JtoGJ3A6W0a6ZnldM41w2fV5D490psKFTpMds8TJse/eHLFFsNHHjHgg==
    dependencies:
      tslib "^2.0.3"
  
  lru-cache@^5.1.1:
    version "5.1.1"
    resolved "https://registry.yarnpkg.com/lru-cache/-/lru-cache-5.1.1.tgz#1da27e6710271947695daf6848e847f01d84b920"
    integrity sha512-KpNARQA3Iwv+jTA0utUVVbrh+Jlrr1Fv0e56GGzAFOXN7dk/FviaDW8LHmK52DlcH4WP2n6gI8vN1aesBFgo9w==
    dependencies:
      yallist "^3.0.2"
  
  lru-cache@^6.0.0:
    version "6.0.0"
    resolved "https://registry.yarnpkg.com/lru-cache/-/lru-cache-6.0.0.tgz#6d6fe6570ebd96aaf90fcad1dafa3b2566db3a94"
    integrity sha512-Jo6dJ04CmSjuznwJSS3pUeWmd/H0ffTlkXXgwZi+eq1UCmqQwCh+eLsYOYCwY991i2Fah4h1BEMCx4qThGbsiA==
    dependencies:
      yallist "^4.0.0"
  
  lru_map@^0.3.3:
    version "0.3.3"
    resolved "https://registry.yarnpkg.com/lru_map/-/lru_map-0.3.3.tgz#b5c8351b9464cbd750335a79650a0ec0e56118dd"
    integrity sha512-Pn9cox5CsMYngeDbmChANltQl+5pi6XmTrraMSzhPmMBbmgcxmqWry0U3PGapCU1yB4/LqCcom7qhHZiF/jGfQ==
  
  magic-string@^0.27.0:
    version "0.27.0"
    resolved "https://registry.yarnpkg.com/magic-string/-/magic-string-0.27.0.tgz#e4a3413b4bab6d98d2becffd48b4a257effdbbf3"
    integrity sha512-8UnnX2PeRAPZuN12svgR9j7M1uWMovg/CEnIwIG0LFkXSJJe4PdfUGiTGl8V9bsBHFUtfVINcSyYxd7q+kx9fA==
    dependencies:
      "@jridgewell/sourcemap-codec" "^1.4.13"
  
  make-error@^1.1.1:
    version "1.3.6"
    resolved "https://registry.yarnpkg.com/make-error/-/make-error-1.3.6.tgz#2eb2e37ea9b67c4891f684a1394799af484cf7a2"
    integrity sha512-s8UhlNe7vPKomQhC1qFelMokr/Sc3AgNbso3n74mVPA5LTZwkB9NlXf4XPamLxJE8h0gh73rM94xvwRT2CVInw==
  
  md5.js@^1.3.4:
    version "1.3.5"
    resolved "https://registry.npmmirror.com/md5.js/-/md5.js-1.3.5.tgz#b5d07b8e3216e3e27cd728d72f70d1e6a342005f"
    integrity sha512-xitP+WxNPcTTOgnTJcrhM0xvdPepipPSf3I8EIpGKeFLjt3PlJLIDG3u8EX53ZIubkb+5U2+3rELYpEhHhzdkg==
    dependencies:
      hash-base "^3.0.0"
      inherits "^2.0.1"
      safe-buffer "^5.1.2"
  
  mdn-data@2.0.28:
    version "2.0.28"
    resolved "https://registry.yarnpkg.com/mdn-data/-/mdn-data-2.0.28.tgz#5ec48e7bef120654539069e1ae4ddc81ca490eba"
    integrity sha512-aylIc7Z9y4yzHYAJNuESG3hfhC+0Ibp/MAMiaOZgNv4pmEdFyfZhhhny4MNiAfWdBQ1RQ2mfDWmM1x8SvGyp8g==
  
  mdn-data@2.0.30:
    version "2.0.30"
    resolved "https://registry.yarnpkg.com/mdn-data/-/mdn-data-2.0.30.tgz#ce4df6f80af6cfbe218ecd5c552ba13c4dfa08cc"
    integrity sha512-GaqWWShW4kv/G9IEucWScBx9G1/vsFZZJUO+tD26M8J8z3Kw5RDQjaoZe03YAClgeS/SWPOcb4nkFBTEi5DUEA==
  
  media-query-parser@^2.0.2:
    version "2.0.2"
    resolved "https://registry.npmmirror.com/media-query-parser/-/media-query-parser-2.0.2.tgz#ff79e56cee92615a304a1c2fa4f2bd056c0a1d29"
    integrity sha512-1N4qp+jE0pL5Xv4uEcwVUhIkwdUO3S/9gML90nqKA7v7FcOS5vUtatfzok9S9U1EJU8dHWlcv95WLnKmmxZI9w==
    dependencies:
      "@babel/runtime" "^7.12.5"
  
  merge2@^1.3.0, merge2@^1.4.1:
    version "1.4.1"
    resolved "https://registry.yarnpkg.com/merge2/-/merge2-1.4.1.tgz#4368892f885e907455a6fd7dc55c0c9d404990ae"
    integrity sha512-8q7VEgMJW4J8tcfVPy8g09NcQwZdbwFEqhe/WZkoIzjn/3TGDwtOCYtXGxA3O8tPzpczCCDgv+P2P5y00ZJOOg==
  
  merkletreejs@^0.3.10:
    version "0.3.10"
    resolved "https://registry.npmmirror.com/merkletreejs/-/merkletreejs-0.3.10.tgz#b9abdfc5e3aadaf9eb8b0a35c4b87aea33f5d4b7"
    integrity sha512-lin42tKfRdkW+6iE5pjtQ9BnH+1Hk3sJ5Fn9hUUSjcXRcJbSISHgPCfYvMNEXiNqZPhz/TyRPEV30qgnujsQ7A==
    dependencies:
      bignumber.js "^9.0.1"
      buffer-reverse "^1.0.1"
      crypto-js "^3.1.9-1"
      treeify "^1.1.0"
      web3-utils "^1.3.4"
  
  micromatch@^4.0.4:
    version "4.0.5"
    resolved "https://registry.yarnpkg.com/micromatch/-/micromatch-4.0.5.tgz#bc8999a7cbbf77cdc89f132f6e467051b49090c6"
    integrity sha512-DMy+ERcEW2q8Z2Po+WNXuw3c5YaUSFjAO5GsJqfEl7UjvtIuFKO6ZrKvcItdy98dwFI2N1tg3zNIdKaQT+aNdA==
    dependencies:
      braces "^3.0.2"
      picomatch "^2.3.1"
  
  mime-db@1.52.0:
    version "1.52.0"
    resolved "https://registry.yarnpkg.com/mime-db/-/mime-db-1.52.0.tgz#bbabcdc02859f4987301c856e3387ce5ec43bf70"
    integrity sha512-sPU4uV7dYlvtWJxwwxHD0PuihVNiE7TyAbQ5SWxDCB9mUYvOgroQOwYQQOKPJ8CIbE+1ETVlOoK1UC2nU3gYvg==
  
  mime-types@^2.1.12:
    version "2.1.35"
    resolved "https://registry.yarnpkg.com/mime-types/-/mime-types-2.1.35.tgz#381a871b62a734450660ae3deee44813f70d959a"
    integrity sha512-ZDY+bPm5zTTF+YpCrAU9nK0UgICYPT0QtT1NZWFv4s++TNkcgVaT0g6+4R2uI4MjQjzysHB1zxuWL50hzaeXiw==
    dependencies:
      mime-db "1.52.0"
  
  mimic-response@^3.1.0:
    version "3.1.0"
    resolved "https://registry.yarnpkg.com/mimic-response/-/mimic-response-3.1.0.tgz#2d1d59af9c1b129815accc2c46a022a5ce1fa3c9"
    integrity sha512-z0yWI+4FDrrweS8Zmt4Ej5HdJmky15+L2e6Wgn3+iK5fWzb6T3fhNFq2+MeTRb064c6Wr4N/wv0DzQTjNzHNGQ==
  
  minimalistic-assert@^1.0.0, minimalistic-assert@^1.0.1:
    version "1.0.1"
    resolved "https://registry.npmmirror.com/minimalistic-assert/-/minimalistic-assert-1.0.1.tgz#2e194de044626d4a10e7f7fbc00ce73e83e4d5c7"
    integrity sha512-UtJcAD4yEaGtjPezWuO9wC4nwUnVH/8/Im3yEHQP4b67cXlD/Qr9hdITCU1xDbSEXg2XKNaP8jsReV7vQd00/A==
  
  minimalistic-crypto-utils@^1.0.1:
    version "1.0.1"
    resolved "https://registry.yarnpkg.com/minimalistic-crypto-utils/-/minimalistic-crypto-utils-1.0.1.tgz#f6c00c1c0b082246e5c4d99dfb8c7c083b2b582a"
    integrity sha512-JIYlbt6g8i5jKfJ3xz7rF0LXmv2TkDxBLUkiBeZ7bAx4GnnNMr8xFpGnOxn6GhTEHx3SjRrZEoU+j04prX1ktg==
  
  minimatch@^3.0.4, minimatch@^3.0.5, minimatch@^3.1.1, minimatch@^3.1.2:
    version "3.1.2"
    resolved "https://registry.yarnpkg.com/minimatch/-/minimatch-3.1.2.tgz#19cd194bfd3e428f049a70817c038d89ab4be35b"
    integrity sha512-J7p63hRiAjw1NDEww1W7i37+ByIrOWO5XQQAzZ3VOcL0PNybwpfmV/N05zFAzwQ9USyEcX6t3UO+K5aqBQOIHw==
    dependencies:
      brace-expansion "^1.1.7"
  
  minimatch@^5.0.1:
    version "5.1.6"
    resolved "https://registry.yarnpkg.com/minimatch/-/minimatch-5.1.6.tgz#1cfcb8cf5522ea69952cd2af95ae09477f122a96"
    integrity sha512-lKwV/1brpG6mBUFHtb7NUmtABCb2WZZmm2wNiOA5hAb8VdCS4B3dtMWyvcoViccwAW/COERjXLt0zP1zXUN26g==
    dependencies:
      brace-expansion "^2.0.1"
  
  minimist@^1.2.0, minimist@^1.2.3, minimist@^1.2.6:
    version "1.2.8"
    resolved "https://registry.yarnpkg.com/minimist/-/minimist-1.2.8.tgz#c1a464e7693302e082a075cee0c057741ac4772c"
    integrity sha512-2yyAR8qBkN3YuheJanUpWC5U3bb5osDywNB8RzDVlDwDHbocAJveqqj1u8+SVD7jkWT4yvsHCpWqqWqAxb0zCA==
  
  mkdirp-classic@^0.5.2, mkdirp-classic@^0.5.3:
    version "0.5.3"
    resolved "https://registry.yarnpkg.com/mkdirp-classic/-/mkdirp-classic-0.5.3.tgz#fa10c9115cc6d8865be221ba47ee9bed78601113"
    integrity sha512-gKLcREMhtuZRwRAfqP3RFW+TK4JqApVBtOIftVgjuABpAtpxhPGaDcfvbhNvD0B8iD1oUr/txX35NjcaY6Ns/A==
  
  mkdirp@^0.5.5:
    version "0.5.6"
    resolved "https://registry.yarnpkg.com/mkdirp/-/mkdirp-0.5.6.tgz#7def03d2432dcae4ba1d611445c48396062255f6"
    integrity sha512-FP+p8RB8OWpF3YZBCrP5gtADmtXApB5AMLn+vdyA+PyxCjrCs00mjyUozssO33cwDeT3wNGdLxJ5M//YqtHAJw==
    dependencies:
      minimist "^1.2.6"
  
  motion@10.16.2:
    version "10.16.2"
    resolved "https://registry.npmmirror.com/motion/-/motion-10.16.2.tgz#7dc173c6ad62210a7e9916caeeaf22c51e598d21"
    integrity sha512-p+PurYqfUdcJZvtnmAqu5fJgV2kR0uLFQuBKtLeFVTrYEVllI99tiOTSefVNYuip9ELTEkepIIDftNdze76NAQ==
    dependencies:
      "@motionone/animation" "^10.15.1"
      "@motionone/dom" "^10.16.2"
      "@motionone/svelte" "^10.16.2"
      "@motionone/types" "^10.15.1"
      "@motionone/utils" "^10.15.1"
      "@motionone/vue" "^10.16.2"
  
  ms@2.1.2:
    version "2.1.2"
    resolved "https://registry.yarnpkg.com/ms/-/ms-2.1.2.tgz#d09d1f357b443f493382a8eb3ccd183872ae6009"
    integrity sha512-sGkPx+VjMtmA6MX27oA4FBFELFCZZ4S4XqeGOXCv68tT+jb3vk/RyaKWP0PTKyWtmLSM0b+adUTEvbs1PEaH2w==
  
  ms@^2.0.0, ms@^2.1.1:
    version "2.1.3"
    resolved "https://registry.yarnpkg.com/ms/-/ms-2.1.3.tgz#574c8138ce1d2b5861f0b44579dbadd60c6615b2"
    integrity sha512-6FlzubTLZG3J2a/NVCAleEhjzq5oxgHyaCU9yYXvcLsvoVaHJq/s5xXI6/XXP6tz7R9xAOtHnSO/tXtF3WRTlA==
  
  multiformats@^9.4.2:
    version "9.9.0"
    resolved "https://registry.npmmirror.com/multiformats/-/multiformats-9.9.0.tgz#c68354e7d21037a8f1f8833c8ccd68618e8f1d37"
    integrity sha512-HoMUjhH9T8DDBNT+6xzkrd9ga/XiBI4xLr58LJACwK6G3HTOPeMz4nB4KJs33L2BelrIJa7P0VuNaVF3hMYfjg==
  
  nanoid@^3.3.4:
    version "3.3.6"
    resolved "https://registry.yarnpkg.com/nanoid/-/nanoid-3.3.6.tgz#443380c856d6e9f9824267d960b4236ad583ea4c"
    integrity sha512-BGcqMMJuToF7i1rt+2PWSNVnWIkGCU78jBG3RxO/bZlnZPK2Cmi2QaffxGO/2RvWi9sL+FAiRiXMgsyxQ1DIDA==
  
  napi-build-utils@^1.0.1:
    version "1.0.2"
    resolved "https://registry.yarnpkg.com/napi-build-utils/-/napi-build-utils-1.0.2.tgz#b1fddc0b2c46e380a0b7a76f984dd47c41a13806"
    integrity sha512-ONmRUqK7zj7DWX0D9ADe03wbwOBZxNAfF20PlGfCWQcD3+/MakShIHrMqx9YwPTfxDdF1zLeL+RGZiR9kGMLdg==
  
  natural-compare@^1.4.0:
    version "1.4.0"
    resolved "https://registry.yarnpkg.com/natural-compare/-/natural-compare-1.4.0.tgz#4abebfeed7541f2c27acfb29bdbbd15c8d5ba4f7"
    integrity sha512-OWND8ei3VtNC9h7V60qff3SVobHr996CTwgxubgyQYEpg290h9J0buyECNNJexkFm5sOajh5G116RYA1c8ZMSw==
  
  negotiator@^0.6.3:
    version "0.6.3"
    resolved "https://registry.yarnpkg.com/negotiator/-/negotiator-0.6.3.tgz#58e323a72fedc0d6f9cd4d31fe49f51479590ccd"
    integrity sha512-+EUsqGPLsM+j/zdChZjsnX51g4XrHFOIXwfnCVPGlQk/k5giakcKsuxCObBRu6DSm9opw/O6slWbJdghQM4bBg==
  
  next-intl@2.20.0:
    version "2.20.0"
    resolved "https://registry.yarnpkg.com/next-intl/-/next-intl-2.20.0.tgz#654f2ae2e069c4ec33fb834df5ff7a5d1c0a0fdb"
    integrity sha512-zeGod4WuS/j8dhDM1eLlt+GTCqqq1b09l/eHxUWQjGrK87BeN+crKasHjZWMNm38g0ddWpBW6i9KDZcTn8/p1A==
    dependencies:
      "@formatjs/intl-localematcher" "^0.2.32"
      negotiator "^0.6.3"
      use-intl "^2.20.0"
  
  next@13.4.19:
    version "13.4.19"
    resolved "https://registry.yarnpkg.com/next/-/next-13.4.19.tgz#2326e02aeedee2c693d4f37b90e4f0ed6882b35f"
    integrity sha512-HuPSzzAbJ1T4BD8e0bs6B9C1kWQ6gv8ykZoRWs5AQoiIuqbGHHdQO7Ljuvg05Q0Z24E2ABozHe6FxDvI6HfyAw==
    dependencies:
      "@next/env" "13.4.19"
      "@swc/helpers" "0.5.1"
      busboy "1.6.0"
      caniuse-lite "^1.0.30001406"
      postcss "8.4.14"
      styled-jsx "5.1.1"
      watchpack "2.4.0"
      zod "3.21.4"
    optionalDependencies:
      "@next/swc-darwin-arm64" "13.4.19"
      "@next/swc-darwin-x64" "13.4.19"
      "@next/swc-linux-arm64-gnu" "13.4.19"
      "@next/swc-linux-arm64-musl" "13.4.19"
      "@next/swc-linux-x64-gnu" "13.4.19"
      "@next/swc-linux-x64-musl" "13.4.19"
      "@next/swc-win32-arm64-msvc" "13.4.19"
      "@next/swc-win32-ia32-msvc" "13.4.19"
      "@next/swc-win32-x64-msvc" "13.4.19"
  
  nextjs-google-analytics@^2.3.3:
    version "2.3.3"
    resolved "https://registry.yarnpkg.com/nextjs-google-analytics/-/nextjs-google-analytics-2.3.3.tgz#8393804b89915b22d94e0fabb786bdd4012cb888"
    integrity sha512-Y6sI6A7wt5dji8hYBnVkOh9LTyImSLFZXx3FpyQgVW7W4b4qEFHjH2u3fhDJsrRZeLlUGM8/RuHD/mhHc2Axfg==
    optionalDependencies:
      fsevents "^2.3.2"
  
  no-case@^3.0.4:
    version "3.0.4"
    resolved "https://registry.yarnpkg.com/no-case/-/no-case-3.0.4.tgz#d361fd5c9800f558551a8369fc0dcd4662b6124d"
    integrity sha512-fgAN3jGAh+RoxUGZHTSOLJIqUc2wmoBwGR4tbpNAKmmovFoWq0OdRkb0VkldReO2a2iBT/OEulG9XSUc10r3zg==
    dependencies:
      lower-case "^2.0.2"
      tslib "^2.0.3"
  
  node-abi@^3.3.0:
    version "3.45.0"
    resolved "https://registry.yarnpkg.com/node-abi/-/node-abi-3.45.0.tgz#f568f163a3bfca5aacfce1fbeee1fa2cc98441f5"
    integrity sha512-iwXuFrMAcFVi/ZoZiqq8BzAdsLw9kxDfTC0HMyjXfSL/6CSDAGD5UmR7azrAgWV1zKYq7dUUMj4owusBWKLsiQ==
    dependencies:
      semver "^7.3.5"
  
  node-addon-api@^2.0.0:
    version "2.0.2"
    resolved "https://registry.npmmirror.com/node-addon-api/-/node-addon-api-2.0.2.tgz#432cfa82962ce494b132e9d72a15b29f71ff5d32"
    integrity sha512-Ntyt4AIXyaLIuMHF6IOoTakB3K+RWxwtsHNRxllEoA6vPwP9o4866g6YWDLUdnucilZhmkxiHwHr11gAENw+QA==
  
  node-addon-api@^6.1.0:
    version "6.1.0"
    resolved "https://registry.yarnpkg.com/node-addon-api/-/node-addon-api-6.1.0.tgz#ac8470034e58e67d0c6f1204a18ae6995d9c0d76"
    integrity sha512-+eawOlIgy680F0kBzPUNFhMZGtJ1YmqM6l4+Crf4IkImjYrO/mqPwRMh352g23uIaQKFItcQ64I7KMaJxHgAVA==
  
  node-fetch@^2.6.11, node-fetch@^2.6.7:
    version "2.6.11"
    resolved "https://registry.npmmirror.com/node-fetch/-/node-fetch-2.6.11.tgz#cde7fc71deef3131ef80a738919f999e6edfff25"
    integrity sha512-4I6pdBY1EthSqDmJkiNk3JIT8cswwR9nfeW/cPdUagJYEQG7R95WRH74wpz7ma8Gh/9dI9FP+OU+0E4FvtA55w==
    dependencies:
      whatwg-url "^5.0.0"
  
  node-gyp-build@^4.2.0, node-gyp-build@^4.3.0:
    version "4.6.0"
    resolved "https://registry.npmmirror.com/node-gyp-build/-/node-gyp-build-4.6.0.tgz#0c52e4cbf54bbd28b709820ef7b6a3c2d6209055"
    integrity sha512-NTZVKn9IylLwUzaKjkas1e4u2DLNcV4rdYagA4PWdPwW87Bi7z+BznyKSRwS/761tV/lzCGXplWsiaMjLqP2zQ==
  
  node-releases@^2.0.12:
    version "2.0.12"
    resolved "https://registry.yarnpkg.com/node-releases/-/node-releases-2.0.12.tgz#35627cc224a23bfb06fb3380f2b3afaaa7eb1039"
    integrity sha512-QzsYKWhXTWx8h1kIvqfnC++o0pEmpRQA/aenALsL2F4pqNVr7YzcdMlDij5WBnwftRbJCNJL/O7zdKaxKPHqgQ==
  
  nth-check@^2.0.1:
    version "2.1.1"
    resolved "https://registry.yarnpkg.com/nth-check/-/nth-check-2.1.1.tgz#c9eab428effce36cd6b92c924bdb000ef1f1ed1d"
    integrity sha512-lqjrjmaOoAnWfMmBPL+XNnynZh2+swxiX3WUE0s4yEHI6m+AwrK2UZOimIRl3X/4QctVqS8AiZjFqyOGrMXb/w==
    dependencies:
      boolbase "^1.0.0"
  
  number-to-bn@1.7.0:
    version "1.7.0"
    resolved "https://registry.npmmirror.com/number-to-bn/-/number-to-bn-1.7.0.tgz#bb3623592f7e5f9e0030b1977bd41a0c53fe1ea0"
    integrity sha512-wsJ9gfSz1/s4ZsJN01lyonwuxA1tml6X1yBDnfpMglypcBRFZZkus26EdPSlqS5GJfYddVZa22p3VNb3z5m5Ig==
    dependencies:
      bn.js "4.11.6"
      strip-hex-prefix "1.0.0"
  
  object-assign@^4.1.1:
    version "4.1.1"
    resolved "https://registry.yarnpkg.com/object-assign/-/object-assign-4.1.1.tgz#2109adc7965887cfc05cbbd442cac8bfbb360863"
    integrity sha512-rJgTQnkUnH1sFw8yT6VSU3zD3sWmu6sZhIseY8VX+GRu3P6F7Fu+JNDoXfklElbLJSnc3FUQHVe4cU5hj+BcUg==
  
  object-inspect@^1.12.3, object-inspect@^1.9.0:
    version "1.12.3"
    resolved "https://registry.yarnpkg.com/object-inspect/-/object-inspect-1.12.3.tgz#ba62dffd67ee256c8c086dfae69e016cd1f198b9"
    integrity sha512-geUvdk7c+eizMNUDkRpW1wJwgfOiOeHbxBR/hLXK1aT6zmVSO0jsQcs7fj6MGw89jC/cjGfLcNOrtMYtGqm81g==
  
  object-is@^1.1.5:
    version "1.1.5"
    resolved "https://registry.yarnpkg.com/object-is/-/object-is-1.1.5.tgz#b9deeaa5fc7f1846a0faecdceec138e5778f53ac"
    integrity sha512-3cyDsyHgtmi7I7DfSSI2LDp6SK2lwvtbg0p0R1e0RvTqF5ceGx+K2dfSjm1bKDMVCFEDAQvy+o8c6a7VujOddw==
    dependencies:
      call-bind "^1.0.2"
      define-properties "^1.1.3"
  
  object-keys@^1.1.1:
    version "1.1.1"
    resolved "https://registry.yarnpkg.com/object-keys/-/object-keys-1.1.1.tgz#1c47f272df277f3b1daf061677d9c82e2322c60e"
    integrity sha512-NuAESUOUMrlIXOfHKzD6bpPu3tYt3xvjNdRIQ+FeT0lNb4K8WR70CaDxhuNguS2XG+GjkyMwOzsN5ZktImfhLA==
  
  object.assign@^4.1.3, object.assign@^4.1.4:
    version "4.1.4"
    resolved "https://registry.yarnpkg.com/object.assign/-/object.assign-4.1.4.tgz#9673c7c7c351ab8c4d0b516f4343ebf4dfb7799f"
    integrity sha512-1mxKf0e58bvyjSCtKYY4sRe9itRk3PJpquJOjeIkz885CczcI4IvJJDLPS72oowuSh+pBxUFROpX+TU++hxhZQ==
    dependencies:
      call-bind "^1.0.2"
      define-properties "^1.1.4"
      has-symbols "^1.0.3"
      object-keys "^1.1.1"
  
  object.entries@^1.1.6:
    version "1.1.6"
    resolved "https://registry.yarnpkg.com/object.entries/-/object.entries-1.1.6.tgz#9737d0e5b8291edd340a3e3264bb8a3b00d5fa23"
    integrity sha512-leTPzo4Zvg3pmbQ3rDK69Rl8GQvIqMWubrkxONG9/ojtFE2rD9fjMKfSI5BxW3osRH1m6VdzmqK8oAY9aT4x5w==
    dependencies:
      call-bind "^1.0.2"
      define-properties "^1.1.4"
      es-abstract "^1.20.4"
  
  object.fromentries@^2.0.6:
    version "2.0.6"
    resolved "https://registry.yarnpkg.com/object.fromentries/-/object.fromentries-2.0.6.tgz#cdb04da08c539cffa912dcd368b886e0904bfa73"
    integrity sha512-VciD13dswC4j1Xt5394WR4MzmAQmlgN72phd/riNp9vtD7tp4QQWJ0R4wvclXcafgcYK8veHRed2W6XeGBvcfg==
    dependencies:
      call-bind "^1.0.2"
      define-properties "^1.1.4"
      es-abstract "^1.20.4"
  
  object.hasown@^1.1.2:
    version "1.1.2"
    resolved "https://registry.yarnpkg.com/object.hasown/-/object.hasown-1.1.2.tgz#f919e21fad4eb38a57bc6345b3afd496515c3f92"
    integrity sha512-B5UIT3J1W+WuWIU55h0mjlwaqxiE5vYENJXIXZ4VFe05pNYrkKuK0U/6aFcb0pKywYJh7IhfoqUfKVmrJJHZHw==
    dependencies:
      define-properties "^1.1.4"
      es-abstract "^1.20.4"
  
  object.values@^1.1.6:
    version "1.1.6"
    resolved "https://registry.yarnpkg.com/object.values/-/object.values-1.1.6.tgz#4abbaa71eba47d63589d402856f908243eea9b1d"
    integrity sha512-FVVTkD1vENCsAcwNs9k6jea2uHC/X0+JcjG8YA60FN5CMaJmG95wT9jek/xX9nornqGRrBkKtzuAu2wuHpKqvw==
    dependencies:
      call-bind "^1.0.2"
      define-properties "^1.1.4"
      es-abstract "^1.20.4"
  
  on-exit-leak-free@^0.2.0:
    version "0.2.0"
    resolved "https://registry.npmmirror.com/on-exit-leak-free/-/on-exit-leak-free-0.2.0.tgz#b39c9e3bf7690d890f4861558b0d7b90a442d209"
    integrity sha512-dqaz3u44QbRXQooZLTUKU41ZrzYrcvLISVgbrzbyCMxpmSLJvZ3ZamIJIZ29P6OhZIkNIQKosdeM6t1LYbA9hg==
  
  on-exit-leak-free@^2.1.0:
    version "2.1.0"
    resolved "https://registry.yarnpkg.com/on-exit-leak-free/-/on-exit-leak-free-2.1.0.tgz#5c703c968f7e7f851885f6459bf8a8a57edc9cc4"
    integrity sha512-VuCaZZAjReZ3vUwgOB8LxAosIurDiAW0s13rI1YwmaP++jvcxP77AWoQvenZebpCA2m8WC1/EosPYPMjnRAp/w==
  
  once@^1.3.0, once@^1.3.1, once@^1.4.0:
    version "1.4.0"
    resolved "https://registry.yarnpkg.com/once/-/once-1.4.0.tgz#583b1aa775961d4b113ac17d9c50baef9dd76bd1"
    integrity sha512-lNaJgI+2Q5URQBkccEKHTQOPaXdUxnZZElQTZY0MFUAuaEqe1E+Nyvgdz/aIyNi6Z9MzO5dv1H8n58/GELp3+w==
    dependencies:
      wrappy "1"
  
  open@^8.4.0:
    version "8.4.2"
    resolved "https://registry.yarnpkg.com/open/-/open-8.4.2.tgz#5b5ffe2a8f793dcd2aad73e550cb87b59cb084f9"
    integrity sha512-7x81NCL719oNbsq/3mh+hVrAWmFuEYUqrq/Iw3kUzH8ReypT9QQ0BLoJS7/G9k6N81XjW4qHWtjWwe/9eLy1EQ==
    dependencies:
      define-lazy-prop "^2.0.0"
      is-docker "^2.1.1"
      is-wsl "^2.2.0"
  
  optionator@^0.9.3:
    version "0.9.3"
    resolved "https://registry.yarnpkg.com/optionator/-/optionator-0.9.3.tgz#007397d44ed1872fdc6ed31360190f81814e2c64"
    integrity sha512-JjCoypp+jKn1ttEFExxhetCKeJt9zhAgAve5FXHixTvFDW/5aEktX9bufBKLRRMdU7bNtpLfcGu94B3cdEJgjg==
    dependencies:
      "@aashutoshrathi/word-wrap" "^1.2.3"
      deep-is "^0.1.3"
      fast-levenshtein "^2.0.6"
      levn "^0.4.1"
      prelude-ls "^1.2.1"
      type-check "^0.4.0"
  
  outdent@^0.8.0:
    version "0.8.0"
    resolved "https://registry.npmmirror.com/outdent/-/outdent-0.8.0.tgz#2ebc3e77bf49912543f1008100ff8e7f44428eb0"
    integrity sha512-KiOAIsdpUTcAXuykya5fnVVT+/5uS0Q1mrkRHcF89tpieSmY33O/tmc54CqwA+bfhbtEfZUNLHaPUiB9X3jt1A==
  
  p-limit@^2.2.0:
    version "2.3.0"
    resolved "https://registry.npmmirror.com/p-limit/-/p-limit-2.3.0.tgz#3dd33c647a214fdfffd835933eb086da0dc21db1"
    integrity sha512-//88mFWSJx8lxCzwdAABTJL2MyWB12+eIY7MDL2SqLmAkeKU9qxRvWuSyTjm3FUmpBEMuFfckAIqEaVGUDxb6w==
    dependencies:
      p-try "^2.0.0"
  
  p-limit@^3.0.2:
    version "3.1.0"
    resolved "https://registry.yarnpkg.com/p-limit/-/p-limit-3.1.0.tgz#e1daccbe78d0d1388ca18c64fea38e3e57e3706b"
    integrity sha512-TYOanM3wGwNGsZN2cVTYPArw454xnXj5qmWF1bEoAc4+cU/ol7GVh7odevjp1FNHduHc3KZMcFduxU5Xc6uJRQ==
    dependencies:
      yocto-queue "^0.1.0"
  
  p-locate@^4.1.0:
    version "4.1.0"
    resolved "https://registry.npmmirror.com/p-locate/-/p-locate-4.1.0.tgz#a3428bb7088b3a60292f66919278b7c297ad4f07"
    integrity sha512-R79ZZ/0wAxKGu3oYMlz8jy/kbhsNrS7SKZ7PxEHBgJ5+F2mtFW2fK2cOtBh1cHYkQsbzFV7I+EoRKe6Yt0oK7A==
    dependencies:
      p-limit "^2.2.0"
  
  p-locate@^5.0.0:
    version "5.0.0"
    resolved "https://registry.yarnpkg.com/p-locate/-/p-locate-5.0.0.tgz#83c8315c6785005e3bd021839411c9e110e6d834"
    integrity sha512-LaNjtRWUBY++zB5nE/NwcaoMylSPk+S+ZHNB1TzdbMJMny6dynpAGt7X/tl/QYq3TIeE6nxHppbo2LGymrG5Pw==
    dependencies:
      p-limit "^3.0.2"
  
  p-try@^2.0.0:
    version "2.2.0"
    resolved "https://registry.npmmirror.com/p-try/-/p-try-2.2.0.tgz#cb2868540e313d61de58fafbe35ce9004d5540e6"
    integrity sha512-R4nPAVTAU0B9D35/Gk3uJf/7XYbQcyohSKdvAxIRSNghFl4e71hVoGnBNQz9cWaXxO2I10KTC+3jMdvvoKw6dQ==
  
  parent-module@^1.0.0:
    version "1.0.1"
    resolved "https://registry.yarnpkg.com/parent-module/-/parent-module-1.0.1.tgz#691d2709e78c79fae3a156622452d00762caaaa2"
    integrity sha512-GQ2EWRpQV8/o+Aw8YqtfZZPfNRWZYkbidE9k5rpl/hC3vtHHBfGm2Ifi6qWV+coDGkrUKZAxE3Lot5kcsRlh+g==
    dependencies:
      callsites "^3.0.0"
  
  parse-json@^5.0.0:
    version "5.2.0"
    resolved "https://registry.yarnpkg.com/parse-json/-/parse-json-5.2.0.tgz#c76fc66dee54231c962b22bcc8a72cf2f99753cd"
    integrity sha512-ayCKvm/phCGxOkYRSCM82iDwct8/EonSEgCSxWxD7ve6jHggsFl4fZVQBPRNgQoKiuV/odhFrGzQXZwbifC8Rg==
    dependencies:
      "@babel/code-frame" "^7.0.0"
      error-ex "^1.3.1"
      json-parse-even-better-errors "^2.3.0"
      lines-and-columns "^1.1.6"
  
  path-exists@^4.0.0:
    version "4.0.0"
    resolved "https://registry.yarnpkg.com/path-exists/-/path-exists-4.0.0.tgz#513bdbe2d3b95d7762e8c1137efa195c6c61b5b3"
    integrity sha512-ak9Qy5Q7jYb2Wwcey5Fpvg2KoAc/ZIhLSLOSBmRmygPsGwkVVt0fZa0qrtMz+m6tJTAHfZQ8FnmB4MG4LWy7/w==
  
  path-is-absolute@^1.0.0:
    version "1.0.1"
    resolved "https://registry.yarnpkg.com/path-is-absolute/-/path-is-absolute-1.0.1.tgz#174b9268735534ffbc7ace6bf53a5a9e1b5c5f5f"
    integrity sha512-AVbw3UJ2e9bq64vSaS9Am0fje1Pa8pbGqTTsmXfaIiMpnr5DlDhfJOuLj9Sf95ZPVDAUerDfEk88MPmPe7UCQg==
  
  path-key@^3.1.0:
    version "3.1.1"
    resolved "https://registry.yarnpkg.com/path-key/-/path-key-3.1.1.tgz#581f6ade658cbba65a0d3380de7753295054f375"
    integrity sha512-ojmeN0qd+y0jszEtoY48r0Peq5dwMEkIlCOu6Q5f41lfkswXuKtYrhgoTpLnyIcHm24Uhqx+5Tqm2InSwLhE6Q==
  
  path-parse@^1.0.7:
    version "1.0.7"
    resolved "https://registry.yarnpkg.com/path-parse/-/path-parse-1.0.7.tgz#fbc114b60ca42b30d9daf5858e4bd68bbedb6735"
    integrity sha512-LDJzPVEEEPR+y48z93A0Ed0yXb8pAByGWo/k5YYdYgpY2/2EsOsksJrq7lOHxryrVOn1ejG6oAp8ahvOIQD8sw==
  
  path-type@^4.0.0:
    version "4.0.0"
    resolved "https://registry.yarnpkg.com/path-type/-/path-type-4.0.0.tgz#84ed01c0a7ba380afe09d90a8c180dcd9d03043b"
    integrity sha512-gDKb8aZMDeD/tZWs9P6+q0J9Mwkdl6xMV8TjnGP3qJVJ06bdMgkbBlLU8IdfOsIsFz2BW1rNVT3XuNEl8zPAvw==
  
  pbkdf2@^3.0.17:
    version "3.1.2"
    resolved "https://registry.npmmirror.com/pbkdf2/-/pbkdf2-3.1.2.tgz#dd822aa0887580e52f1a039dc3eda108efae3075"
    integrity sha512-iuh7L6jA7JEGu2WxDwtQP1ddOpaJNC4KlDEFfdQajSGgGPNi4OyDc2R7QnbY2bR9QjBVGwgvTdNJZoE7RaxUMA==
    dependencies:
      create-hash "^1.1.2"
      create-hmac "^1.1.4"
      ripemd160 "^2.0.1"
      safe-buffer "^5.0.1"
      sha.js "^2.4.8"
  
  performance-now@^2.1.0:
    version "2.1.0"
    resolved "https://registry.yarnpkg.com/performance-now/-/performance-now-2.1.0.tgz#6309f4e0e5fa913ec1c69307ae364b4b377c9e7b"
    integrity sha512-7EAHlyLHI56VEIdK57uwHdHKIaAGbnXPiw0yWbarQZOKaKpvUIgW0jWRVLiatnM+XXlSwsanIBH/hzGMJulMow==
  
  picocolors@^1.0.0:
    version "1.0.0"
    resolved "https://registry.yarnpkg.com/picocolors/-/picocolors-1.0.0.tgz#cb5bdc74ff3f51892236eaf79d68bc44564ab81c"
    integrity sha512-1fygroTLlHu66zi26VoTDv8yRgm0Fccecssto+MhsZ0D/DGW2sm8E8AjW7NU5VVTRt5GxbeZ5qBuJr+HyLYkjQ==
  
  picomatch@^2.3.1:
    version "2.3.1"
    resolved "https://registry.yarnpkg.com/picomatch/-/picomatch-2.3.1.tgz#3ba3833733646d9d3e4995946c1365a67fb07a42"
    integrity sha512-JU3teHTNjmE2VCGFzuY8EXzCDVwEqB2a8fsIvwaStHhAWJEeVd1o1QD80CU6+ZdEXXSLbSsuLwJjkCBWqRQUVA==
  
  pify@^3.0.0:
    version "3.0.0"
    resolved "https://registry.npmmirror.com/pify/-/pify-3.0.0.tgz#e5a4acd2c101fdf3d9a4d07f0dbc4db49dd28176"
    integrity sha512-C3FsVNH1udSEX48gGX1xfvwTWfsYWj5U+8/uK15BGzIGrKoUpghX8hWZwa/OFnakBiiVNmBvemTJR5mcy7iPcg==
  
  pify@^5.0.0:
    version "5.0.0"
    resolved "https://registry.npmmirror.com/pify/-/pify-5.0.0.tgz#1f5eca3f5e87ebec28cc6d54a0e4aaf00acc127f"
    integrity sha512-eW/gHNMlxdSP6dmG6uJip6FXN0EQBwm2clYYd8Wul42Cwu/DK8HEftzsapcNdYe2MfLiIwZqsDk2RDEsTE79hA==
  
  pino-abstract-transport@^1.0.0:
    version "1.0.0"
    resolved "https://registry.yarnpkg.com/pino-abstract-transport/-/pino-abstract-transport-1.0.0.tgz#cc0d6955fffcadb91b7b49ef220a6cc111d48bb3"
    integrity sha512-c7vo5OpW4wIS42hUVcT5REsL8ZljsUfBjqV/e2sFxmFEFZiq1XLUp5EYLtuDH6PEHq9W1egWqRbnLUP5FuZmOA==
    dependencies:
      readable-stream "^4.0.0"
      split2 "^4.0.0"
  
  pino-abstract-transport@v0.5.0:
    version "0.5.0"
    resolved "https://registry.npmmirror.com/pino-abstract-transport/-/pino-abstract-transport-0.5.0.tgz#4b54348d8f73713bfd14e3dc44228739aa13d9c0"
    integrity sha512-+KAgmVeqXYbTtU2FScx1XS3kNyfZ5TrXY07V96QnUSFqo2gAqlvmaxH67Lj7SWazqsMabf+58ctdTcBgnOLUOQ==
    dependencies:
      duplexify "^4.1.2"
      split2 "^4.0.0"
  
  pino-pretty@^10.2.0:
    version "10.2.0"
    resolved "https://registry.yarnpkg.com/pino-pretty/-/pino-pretty-10.2.0.tgz#c674a153e15c08d7032a826d0051d786feace1d9"
    integrity sha512-tRvpyEmGtc2D+Lr3FulIZ+R1baggQ4S3xD2Ar93KixFEDx6SEAUP3W5aYuEw1C73d6ROrNcB2IXLteW8itlwhA==
    dependencies:
      colorette "^2.0.7"
      dateformat "^4.6.3"
      fast-copy "^3.0.0"
      fast-safe-stringify "^2.1.1"
      help-me "^4.0.1"
      joycon "^3.1.1"
      minimist "^1.2.6"
      on-exit-leak-free "^2.1.0"
      pino-abstract-transport "^1.0.0"
      pump "^3.0.0"
      readable-stream "^4.0.0"
      secure-json-parse "^2.4.0"
      sonic-boom "^3.0.0"
      strip-json-comments "^3.1.1"
  
  pino-std-serializers@^4.0.0:
    version "4.0.0"
    resolved "https://registry.npmmirror.com/pino-std-serializers/-/pino-std-serializers-4.0.0.tgz#1791ccd2539c091ae49ce9993205e2cd5dbba1e2"
    integrity sha512-cK0pekc1Kjy5w9V2/n+8MkZwusa6EyyxfeQCB799CQRhRt/CqYKiWs5adeu8Shve2ZNffvfC/7J64A2PJo1W/Q==
  
  pino@7.11.0:
    version "7.11.0"
    resolved "https://registry.npmmirror.com/pino/-/pino-7.11.0.tgz#0f0ea5c4683dc91388081d44bff10c83125066f6"
    integrity sha512-dMACeu63HtRLmCG8VKdy4cShCPKaYDR4youZqoSWLxl5Gu99HUw8bw75thbPv9Nip+H+QYX8o3ZJbTdVZZ2TVg==
    dependencies:
      atomic-sleep "^1.0.0"
      fast-redact "^3.0.0"
      on-exit-leak-free "^0.2.0"
      pino-abstract-transport v0.5.0
      pino-std-serializers "^4.0.0"
      process-warning "^1.0.0"
      quick-format-unescaped "^4.0.3"
      real-require "^0.1.0"
      safe-stable-stringify "^2.1.0"
      sonic-boom "^2.2.1"
      thread-stream "^0.15.1"
  
  pngjs@^5.0.0:
    version "5.0.0"
    resolved "https://registry.npmmirror.com/pngjs/-/pngjs-5.0.0.tgz#e79dd2b215767fd9c04561c01236df960bce7fbb"
    integrity sha512-40QW5YalBNfQo5yRYmiw7Yz6TKKVr3h6970B2YE+3fQpsWcrbj1PzJgxeJ19DRQjhMbKPIuMY8rFaXc8moolVw==
  
  postcss@8.4.14:
    version "8.4.14"
    resolved "https://registry.yarnpkg.com/postcss/-/postcss-8.4.14.tgz#ee9274d5622b4858c1007a74d76e42e56fd21caf"
    integrity sha512-E398TUmfAYFPBSdzgeieK2Y1+1cpdxJx8yXbK/m57nRhKSmk1GB2tO4lbLBtlkfPQTDKfe4Xqv1ASWPpayPEig==
    dependencies:
      nanoid "^3.3.4"
      picocolors "^1.0.0"
      source-map-js "^1.0.2"
  
  preact@^10.12.0, preact@^10.5.9:
    version "10.15.1"
    resolved "https://registry.npmmirror.com/preact/-/preact-10.15.1.tgz#a1de60c9fc0c79a522d969c65dcaddc5d994eede"
    integrity sha512-qs2ansoQEwzNiV5eAcRT1p1EC/dmEzaATVDJNiB3g2sRDWdA7b7MurXdJjB2+/WQktGWZwxvDrnuRFbWuIr64g==
  
  prebuild-install@^7.1.1:
    version "7.1.1"
    resolved "https://registry.yarnpkg.com/prebuild-install/-/prebuild-install-7.1.1.tgz#de97d5b34a70a0c81334fd24641f2a1702352e45"
    integrity sha512-jAXscXWMcCK8GgCoHOfIr0ODh5ai8mj63L2nWrjuAgXE6tDyYGnx4/8o/rCgU+B4JSyZBKbeZqzhtwtC3ovxjw==
    dependencies:
      detect-libc "^2.0.0"
      expand-template "^2.0.3"
      github-from-package "0.0.0"
      minimist "^1.2.3"
      mkdirp-classic "^0.5.3"
      napi-build-utils "^1.0.1"
      node-abi "^3.3.0"
      pump "^3.0.0"
      rc "^1.2.7"
      simple-get "^4.0.0"
      tar-fs "^2.0.0"
      tunnel-agent "^0.6.0"
  
  prelude-ls@^1.2.1:
    version "1.2.1"
    resolved "https://registry.yarnpkg.com/prelude-ls/-/prelude-ls-1.2.1.tgz#debc6489d7a6e6b0e7611888cec880337d316396"
    integrity sha512-vkcDPrRZo1QZLbn5RLGPpg/WmIQ65qoWWhcGKf/b5eplkkarX0m9z8ppCat4mlOqUsWpyNuYgO3VRyrYHSzX5g==
  
  process-warning@^1.0.0:
    version "1.0.0"
    resolved "https://registry.npmmirror.com/process-warning/-/process-warning-1.0.0.tgz#980a0b25dc38cd6034181be4b7726d89066b4616"
    integrity sha512-du4wfLyj4yCZq1VupnVSZmRsPJsNuxoDQFdCFHLaYiEbFBD7QE0a+I4D7hOxrVnh78QE/YipFAj9lXHiXocV+Q==
  
  process@^0.11.10:
    version "0.11.10"
    resolved "https://registry.yarnpkg.com/process/-/process-0.11.10.tgz#7332300e840161bda3e69a1d1d91a7d4bc16f182"
    integrity sha512-cdGef/drWFoydD1JsMzuFf8100nZl+GT+yacc2bEced5f9Rjk4z+WtFUTBu9PhOi9j/jfmBPu0mMEY4wIdAF8A==
  
  progress@^2.0.3:
    version "2.0.3"
    resolved "https://registry.yarnpkg.com/progress/-/progress-2.0.3.tgz#7e8cf8d8f5b8f239c1bc68beb4eb78567d572ef8"
    integrity sha512-7PiHtLll5LdnKIMw100I+8xJXR5gW2QwWYkT6iJva0bXitZKa/XMrSbdmg3r2Xnaidz9Qumd0VPaMrZlF9V9sA==
  
  prop-types@^15.5.8, prop-types@^15.6.2, prop-types@^15.7.2, prop-types@^15.8.1:
    version "15.8.1"
    resolved "https://registry.yarnpkg.com/prop-types/-/prop-types-15.8.1.tgz#67d87bf1a694f48435cf332c24af10214a3140b5"
    integrity sha512-oj87CgZICdulUohogVAR7AjlC0327U4el4L6eAvOqCeudMDVU0NThNaV+b9Df4dXgSP1gXMTnPdhfe/2qDH5cg==
    dependencies:
      loose-envify "^1.4.0"
      object-assign "^4.1.1"
      react-is "^16.13.1"
  
  property-expr@^2.0.5:
    version "2.0.5"
    resolved "https://registry.yarnpkg.com/property-expr/-/property-expr-2.0.5.tgz#278bdb15308ae16af3e3b9640024524f4dc02cb4"
    integrity sha512-IJUkICM5dP5znhCckHSv30Q4b5/JA5enCtkRHYaOVOAocnH/1BQEYTC5NMfT3AVl/iXKdr3aqQbQn9DxyWknwA==
  
  proxy-compare@2.5.1:
    version "2.5.1"
    resolved "https://registry.npmmirror.com/proxy-compare/-/proxy-compare-2.5.1.tgz#17818e33d1653fbac8c2ec31406bce8a2966f600"
    integrity sha512-oyfc0Tx87Cpwva5ZXezSp5V9vht1c7dZBhvuV/y3ctkgMVUmiAGDVeeB0dKhGSyT0v1ZTEQYpe/RXlBVBNuCLA==
  
  proxy-from-env@^1.1.0:
    version "1.1.0"
    resolved "https://registry.yarnpkg.com/proxy-from-env/-/proxy-from-env-1.1.0.tgz#e102f16ca355424865755d2c9e8ea4f24d58c3e2"
    integrity sha512-D+zkORCbA9f1tdWRK0RaCR3GPv50cMxcrz4X8k5LTSUD1Dkw47mKJEZQNunItRTkWwgtaUSo1RVFRIG9ZXiFYg==
  
  pump@^3.0.0:
    version "3.0.0"
    resolved "https://registry.yarnpkg.com/pump/-/pump-3.0.0.tgz#b4a2116815bde2f4e1ea602354e8c75565107a64"
    integrity sha512-LwZy+p3SFs1Pytd/jYct4wpv49HiYCqd9Rlc5ZVdk0V+8Yzv6jR5Blk3TRmPL1ft69TxP0IMZGJ+WPFU2BFhww==
    dependencies:
      end-of-stream "^1.1.0"
      once "^1.3.1"
  
  punycode@^2.1.0:
    version "2.3.0"
    resolved "https://registry.yarnpkg.com/punycode/-/punycode-2.3.0.tgz#f67fa67c94da8f4d0cfff981aee4118064199b8f"
    integrity sha512-rRV+zQD8tVFys26lAGR9WUuS4iUAngJScM+ZRSKtvl5tKeZ2t5bvdNFdNHBW9FWR4guGHlgmsZ1G7BSm2wTbuA==
  
  qrcode@1.5.0:
    version "1.5.0"
    resolved "https://registry.npmmirror.com/qrcode/-/qrcode-1.5.0.tgz#95abb8a91fdafd86f8190f2836abbfc500c72d1b"
    integrity sha512-9MgRpgVc+/+47dFvQeD6U2s0Z92EsKzcHogtum4QB+UNd025WOJSHvn/hjk9xmzj7Stj95CyUAs31mrjxliEsQ==
    dependencies:
      dijkstrajs "^1.0.1"
      encode-utf8 "^1.0.3"
      pngjs "^5.0.0"
      yargs "^15.3.1"
  
  qrcode@1.5.3, qrcode@^1.5.1:
    version "1.5.3"
    resolved "https://registry.npmmirror.com/qrcode/-/qrcode-1.5.3.tgz#03afa80912c0dccf12bc93f615a535aad1066170"
    integrity sha512-puyri6ApkEHYiVl4CFzo1tDkAZ+ATcnbJrJ6RiBM1Fhctdn/ix9MTE3hRph33omisEbC/2fcfemsseiKgBPKZg==
    dependencies:
      dijkstrajs "^1.0.1"
      encode-utf8 "^1.0.3"
      pngjs "^5.0.0"
      yargs "^15.3.1"
  
  qs@^6.10.3, qs@^6.11.2:
    version "6.11.2"
    resolved "https://registry.yarnpkg.com/qs/-/qs-6.11.2.tgz#64bea51f12c1f5da1bc01496f48ffcff7c69d7d9"
    integrity sha512-tDNIz22aBzCDxLtVH++VnTfzxlfeK5CbqohpSqpJgj1Wg/cQbStNAz3NuqCs5vV+pjBsK4x4pN9HlVh7rcYRiA==
    dependencies:
      side-channel "^1.0.4"
  
  query-string@7.1.3:
    version "7.1.3"
    resolved "https://registry.npmmirror.com/query-string/-/query-string-7.1.3.tgz#a1cf90e994abb113a325804a972d98276fe02328"
    integrity sha512-hh2WYhq4fi8+b+/2Kg9CEge4fDPvHS534aOOvOZeQ3+Vf2mCFsaFBYj0i+iXcAq6I9Vzp5fjMFBlONvayDC1qg==
    dependencies:
      decode-uri-component "^0.2.2"
      filter-obj "^1.1.0"
      split-on-first "^1.0.0"
      strict-uri-encode "^2.0.0"
  
  query-string@^6.13.5:
    version "6.14.1"
    resolved "https://registry.npmmirror.com/query-string/-/query-string-6.14.1.tgz#7ac2dca46da7f309449ba0f86b1fd28255b0c86a"
    integrity sha512-XDxAeVmpfu1/6IjyT/gXHOl+S0vQ9owggJ30hhWKdHAsNPOcasn5o9BW0eejZqL2e4vMjhAxoW3jVHcD6mbcYw==
    dependencies:
      decode-uri-component "^0.2.0"
      filter-obj "^1.1.0"
      split-on-first "^1.0.0"
      strict-uri-encode "^2.0.0"
  
  queue-microtask@^1.2.2:
    version "1.2.3"
    resolved "https://registry.yarnpkg.com/queue-microtask/-/queue-microtask-1.2.3.tgz#4929228bbc724dfac43e0efb058caf7b6cfb6243"
    integrity sha512-NuaNSa6flKT5JaSYQzJok04JzTL1CA6aGhv5rfLW3PgqA+M2ChpZQnAC8h8i4ZFkBS8X5RqkDBHA7r4hej3K9A==
  
  queue-tick@^1.0.1:
    version "1.0.1"
    resolved "https://registry.yarnpkg.com/queue-tick/-/queue-tick-1.0.1.tgz#f6f07ac82c1fd60f82e098b417a80e52f1f4c142"
    integrity sha512-kJt5qhMxoszgU/62PLP1CJytzd2NKetjSRnyuj31fDd3Rlcz3fzlFdFLD1SItunPwyqEOkca6GbV612BWfaBag==
  
  quick-format-unescaped@^4.0.3:
    version "4.0.4"
    resolved "https://registry.npmmirror.com/quick-format-unescaped/-/quick-format-unescaped-4.0.4.tgz#93ef6dd8d3453cbc7970dd614fad4c5954d6b5a7"
    integrity sha512-tYC1Q1hgyRuHgloV/YXs2w15unPVh8qfu/qCTfhTYamaw7fyhumKa2yGpdSo87vY32rIclj+4fWYQXUMs9EHvg==
  
  raf@^3.4.1:
    version "3.4.1"
    resolved "https://registry.yarnpkg.com/raf/-/raf-3.4.1.tgz#0742e99a4a6552f445d73e3ee0328af0ff1ede39"
    integrity sha512-Sq4CW4QhwOHE8ucn6J34MqtZCeWFP2aQSmrlroYgqAV1PjStIhJXxYuTgUIfkEk7zTLjmIjLmU5q+fbD1NnOJA==
    dependencies:
      performance-now "^2.1.0"
  
  randombytes@^2.1.0:
    version "2.1.0"
    resolved "https://registry.npmmirror.com/randombytes/-/randombytes-2.1.0.tgz#df6f84372f0270dc65cdf6291349ab7a473d4f2a"
    integrity sha512-vYl3iOX+4CKUWuxGi9Ukhie6fsqXqS9FE2Zaic4tNFD2N2QQaXOMFbuKK4QmDHC0JO6B1Zp41J0LpT0oR68amQ==
    dependencies:
      safe-buffer "^5.1.0"
  
  rc@^1.2.7:
    version "1.2.8"
    resolved "https://registry.yarnpkg.com/rc/-/rc-1.2.8.tgz#cd924bf5200a075b83c188cd6b9e211b7fc0d3ed"
    integrity sha512-y3bGgqKj3QBdxLbLkomlohkvsA8gdAiUQlSBJnBhfn+BPxg4bc62d8TcBW15wavDfgexCgccckhcZvywyQYPOw==
    dependencies:
      deep-extend "^0.6.0"
      ini "~1.3.0"
      minimist "^1.2.0"
      strip-json-comments "~2.0.1"
  
  react-dom@18.2.0:
    version "18.2.0"
    resolved "https://registry.yarnpkg.com/react-dom/-/react-dom-18.2.0.tgz#22aaf38708db2674ed9ada224ca4aa708d821e3d"
    integrity sha512-6IMTriUmvsjHUjNtEDudZfuDQUoWXVxKHhlEGSk81n4YFS+r/Kl99wXiwlVXtPBtJenozv2P+hxDsw9eA7Xo6g==
    dependencies:
      loose-envify "^1.1.0"
      scheduler "^0.23.0"
  
  react-fast-compare@^2.0.1:
    version "2.0.4"
    resolved "https://registry.yarnpkg.com/react-fast-compare/-/react-fast-compare-2.0.4.tgz#e84b4d455b0fec113e0402c329352715196f81f9"
    integrity sha512-suNP+J1VU1MWFKcyt7RtjiSWUjvidmQSlqu+eHslq+342xCbGTYmC0mEhPCOHxlW0CywylOC1u2DFAT+bv4dBw==
  
  react-hot-toast@^2.4.1:
    version "2.4.1"
    resolved "https://registry.yarnpkg.com/react-hot-toast/-/react-hot-toast-2.4.1.tgz#df04295eda8a7b12c4f968e54a61c8d36f4c0994"
    integrity sha512-j8z+cQbWIM5LY37pR6uZR6D4LfseplqnuAO4co4u8917hBUvXlEqyP1ZzqVLcqoyUesZZv/ImreoCeHVDpE5pQ==
    dependencies:
      goober "^2.1.10"
  
  react-infinite-scroll-component@^6.1.0:
    version "6.1.0"
    resolved "https://registry.yarnpkg.com/react-infinite-scroll-component/-/react-infinite-scroll-component-6.1.0.tgz#7e511e7aa0f728ac3e51f64a38a6079ac522407f"
    integrity sha512-SQu5nCqy8DxQWpnUVLx7V7b7LcA37aM7tvoWjTLZp1dk6EJibM5/4EJKzOnl07/BsM1Y40sKLuqjCwwH/xV0TQ==
    dependencies:
      throttle-debounce "^2.1.0"
  
  react-infinite-scroller@^1.2.6:
    version "1.2.6"
    resolved "https://registry.yarnpkg.com/react-infinite-scroller/-/react-infinite-scroller-1.2.6.tgz#8b80233226dc753a597a0eb52621247f49b15f18"
    integrity sha512-mGdMyOD00YArJ1S1F3TVU9y4fGSfVVl6p5gh/Vt4u99CJOptfVu/q5V/Wlle72TMgYlBwIhbxK5wF0C/R33PXQ==
    dependencies:
      prop-types "^15.5.8"
  
  react-is@^16.13.1, react-is@^16.7.0:
    version "16.13.1"
    resolved "https://registry.yarnpkg.com/react-is/-/react-is-16.13.1.tgz#789729a4dc36de2999dc156dd6c1d9c18cea56a4"
    integrity sha512-24e6ynE2H+OKt4kqsOvNd8kBpV65zoxbA4BVsEOB3ARVWQki/DHzaUoC5KuON/BiccDaCCTZBuOcfZs70kR8bQ==
  
  react-is@^18.2.0:
    version "18.2.0"
    resolved "https://registry.yarnpkg.com/react-is/-/react-is-18.2.0.tgz#199431eeaaa2e09f86427efbb4f1473edb47609b"
    integrity sha512-xWGDIW6x921xtzPkhiULtthJHoJvBbF3q26fzloPCK0hsvxtPVelvftw3zjbHWSkR2km9Z+4uxbDDK/6Zw9B8w==
  
  react-number-format@^5.3.0:
    version "5.3.0"
    resolved "https://registry.yarnpkg.com/react-number-format/-/react-number-format-5.3.0.tgz#46dfb9e96d7d85401ca62f399dff6769f4a56861"
    integrity sha512-3h5kuO5x9HpifEgCzvw6kDljzjsI3OhgnT/BRzZbzdbHVb755eVzJuNnRUZr3h/ATu3Sct9O+XrYc9HrAj/6bQ==
    dependencies:
      prop-types "^15.7.2"
  
  react-remove-scroll-bar@^2.3.3:
    version "2.3.4"
    resolved "https://registry.npmmirror.com/react-remove-scroll-bar/-/react-remove-scroll-bar-2.3.4.tgz#53e272d7a5cb8242990c7f144c44d8bd8ab5afd9"
    integrity sha512-63C4YQBUt0m6ALadE9XV56hV8BgJWDmmTPY758iIJjfQKt2nYwoUrPk0LXRXcB/yIj82T1/Ixfdpdk68LwIB0A==
    dependencies:
      react-style-singleton "^2.2.1"
      tslib "^2.0.0"
  
  react-remove-scroll@2.5.4:
    version "2.5.4"
    resolved "https://registry.npmmirror.com/react-remove-scroll/-/react-remove-scroll-2.5.4.tgz#afe6491acabde26f628f844b67647645488d2ea0"
    integrity sha512-xGVKJJr0SJGQVirVFAUZ2k1QLyO6m+2fy0l8Qawbp5Jgrv3DeLalrfMNBFSlmz5kriGGzsVBtGVnf4pTKIhhWA==
    dependencies:
      react-remove-scroll-bar "^2.3.3"
      react-style-singleton "^2.2.1"
      tslib "^2.1.0"
      use-callback-ref "^1.3.0"
      use-sidecar "^1.1.2"
  
  react-style-singleton@^2.2.1:
    version "2.2.1"
    resolved "https://registry.npmmirror.com/react-style-singleton/-/react-style-singleton-2.2.1.tgz#f99e420492b2d8f34d38308ff660b60d0b1205b4"
    integrity sha512-ZWj0fHEMyWkHzKYUr2Bs/4zU6XLmq9HsgBURm7g5pAVfyn49DgUiNgY2d4lXRlYSiCif9YBGpQleewkcqddc7g==
    dependencies:
      get-nonce "^1.0.0"
      invariant "^2.2.4"
      tslib "^2.0.0"
  
  react-transition-group@^4.4.5:
    version "4.4.5"
    resolved "https://registry.yarnpkg.com/react-transition-group/-/react-transition-group-4.4.5.tgz#e53d4e3f3344da8521489fbef8f2581d42becdd1"
    integrity sha512-pZcd1MCJoiKiBR2NRxeCRg13uCXbydPnmB4EOeRrY7480qNWO8IIgQG6zlDkm6uRMsURXPuKq0GWtiM59a5Q6g==
    dependencies:
      "@babel/runtime" "^7.5.5"
      dom-helpers "^5.0.1"
      loose-envify "^1.4.0"
      prop-types "^15.6.2"
  
  react@18.2.0:
    version "18.2.0"
    resolved "https://registry.yarnpkg.com/react/-/react-18.2.0.tgz#555bd98592883255fa00de14f1151a917b5d77d5"
    integrity sha512-/3IjMdb2L9QbBdWiW5e3P2/npwMBaU9mHCSCUzNln0ZCYbcfTsGbTJrU/kGemdH2IWmB2ioZ+zkxtmq6g09fGQ==
    dependencies:
      loose-envify "^1.1.0"
  
  readable-stream@^3.1.1, readable-stream@^3.4.0, readable-stream@^3.5.0, readable-stream@^3.6.0:
    version "3.6.2"
    resolved "https://registry.npmmirror.com/readable-stream/-/readable-stream-3.6.2.tgz#56a9b36ea965c00c5a93ef31eb111a0f11056967"
    integrity sha512-9u/sniCrY3D5WdsERHzHE4G2YCXqoG5FTHUiCC4SIbr6XcLZBY05ya9EKjYek9O5xOAwjGq+1JdGBAS7Q9ScoA==
    dependencies:
      inherits "^2.0.3"
      string_decoder "^1.1.1"
      util-deprecate "^1.0.1"
  
  readable-stream@^4.0.0:
    version "4.4.0"
    resolved "https://registry.yarnpkg.com/readable-stream/-/readable-stream-4.4.0.tgz#55ce132d60a988c460d75c631e9ccf6a7229b468"
    integrity sha512-kDMOq0qLtxV9f/SQv522h8cxZBqNZXuXNyjyezmfAAuribMyVXziljpQ/uQhfE1XLg2/TLTW2DsnoE4VAi/krg==
    dependencies:
      abort-controller "^3.0.0"
      buffer "^6.0.3"
      events "^3.3.0"
      process "^0.11.10"
  
  real-require@^0.1.0:
    version "0.1.0"
    resolved "https://registry.npmmirror.com/real-require/-/real-require-0.1.0.tgz#736ac214caa20632847b7ca8c1056a0767df9381"
    integrity sha512-r/H9MzAWtrv8aSVjPCMFpDMl5q66GqtmmRkRjpHTsp4zBAa+snZyiQNlMONiUmEJcsnaw0wCauJ2GWODr/aFkg==
  
  regenerate-unicode-properties@^10.1.0:
    version "10.1.0"
    resolved "https://registry.yarnpkg.com/regenerate-unicode-properties/-/regenerate-unicode-properties-10.1.0.tgz#7c3192cab6dd24e21cb4461e5ddd7dd24fa8374c"
    integrity sha512-d1VudCLoIGitcU/hEg2QqvyGZQmdC0Lf8BqdOMXGFSvJP4bNV1+XqbPQeHHLD51Jh4QJJ225dlIFvY4Ly6MXmQ==
    dependencies:
      regenerate "^1.4.2"
  
  regenerate@^1.4.2:
    version "1.4.2"
    resolved "https://registry.yarnpkg.com/regenerate/-/regenerate-1.4.2.tgz#b9346d8827e8f5a32f7ba29637d398b69014848a"
    integrity sha512-zrceR/XhGYU/d/opr2EKO7aRHUeiBI8qjtfHqADTwZd6Szfy16la6kqD0MIUs5z5hx6AaKa+PixpPrR289+I0A==
  
  regenerator-runtime@^0.13.11:
    version "0.13.11"
    resolved "https://registry.yarnpkg.com/regenerator-runtime/-/regenerator-runtime-0.13.11.tgz#f6dca3e7ceec20590d07ada785636a90cdca17f9"
    integrity sha512-kY1AZVr2Ra+t+piVaJ4gxaFaReZVH40AKNo7UCX6W+dEwBo/2oZJzqfuN1qLq1oL45o56cPaTXELwrTh8Fpggg==
  
  regenerator-runtime@^0.14.0:
    version "0.14.0"
    resolved "https://registry.yarnpkg.com/regenerator-runtime/-/regenerator-runtime-0.14.0.tgz#5e19d68eb12d486f797e15a3c6a918f7cec5eb45"
    integrity sha512-srw17NI0TUWHuGa5CFGGmhfNIeja30WMBfbslPNhf6JrqQlLN5gcrvig1oqPxiVaXb0oW0XRKtH6Nngs5lKCIA==
  
  regenerator-transform@^0.15.1:
    version "0.15.1"
    resolved "https://registry.yarnpkg.com/regenerator-transform/-/regenerator-transform-0.15.1.tgz#f6c4e99fc1b4591f780db2586328e4d9a9d8dc56"
    integrity sha512-knzmNAcuyxV+gQCufkYcvOqX/qIIfHLv0u5x79kRxuGojfYVky1f15TzZEu2Avte8QGepvUNTnLskf8E6X6Vyg==
    dependencies:
      "@babel/runtime" "^7.8.4"
  
  regexp.prototype.flags@^1.4.3:
    version "1.5.0"
    resolved "https://registry.yarnpkg.com/regexp.prototype.flags/-/regexp.prototype.flags-1.5.0.tgz#fe7ce25e7e4cca8db37b6634c8a2c7009199b9cb"
    integrity sha512-0SutC3pNudRKgquxGoRGIz946MZVHqbNfPjBdxeOhBrdgDKlRoXmYLQN9xRbrR09ZXWeGAdPuif7egofn6v5LA==
    dependencies:
      call-bind "^1.0.2"
      define-properties "^1.2.0"
      functions-have-names "^1.2.3"
  
  regexpu-core@^5.3.1:
    version "5.3.2"
    resolved "https://registry.yarnpkg.com/regexpu-core/-/regexpu-core-5.3.2.tgz#11a2b06884f3527aec3e93dbbf4a3b958a95546b"
    integrity sha512-RAM5FlZz+Lhmo7db9L298p2vHP5ZywrVXmVXpmAD9GuL5MPH6t9ROw1iA/wfHkQ76Qe7AaPF0nGuim96/IrQMQ==
    dependencies:
      "@babel/regjsgen" "^0.8.0"
      regenerate "^1.4.2"
      regenerate-unicode-properties "^10.1.0"
      regjsparser "^0.9.1"
      unicode-match-property-ecmascript "^2.0.0"
      unicode-match-property-value-ecmascript "^2.1.0"
  
  regjsparser@^0.9.1:
    version "0.9.1"
    resolved "https://registry.yarnpkg.com/regjsparser/-/regjsparser-0.9.1.tgz#272d05aa10c7c1f67095b1ff0addae8442fc5709"
    integrity sha512-dQUtn90WanSNl+7mQKcXAgZxvUe7Z0SqXlgzv0za4LwiUhyzBC58yQO3liFoUgu8GiJVInAhJjkj1N0EtQ5nkQ==
    dependencies:
      jsesc "~0.5.0"
  
  require-directory@^2.1.1:
    version "2.1.1"
    resolved "https://registry.npmmirror.com/require-directory/-/require-directory-2.1.1.tgz#8c64ad5fd30dab1c976e2344ffe7f792a6a6df42"
    integrity sha512-fGxEI7+wsG9xrvdjsrlmL22OMTTiHRwAMroiEeMgq8gzoLC/PQr7RsRDSTLUg/bZAZtF+TVIkHc6/4RIKrui+Q==
  
  require-main-filename@^2.0.0:
    version "2.0.0"
    resolved "https://registry.npmmirror.com/require-main-filename/-/require-main-filename-2.0.0.tgz#d0b329ecc7cc0f61649f62215be69af54aa8989b"
    integrity sha512-NKN5kMDylKuldxYLSUfrbo5Tuzh4hd+2E8NPPX02mZtn1VuREQToYe/ZdlJy+J3uCpfaiGF05e7B8W0iXbQHmg==
  
  reselect@^4.1.8:
    version "4.1.8"
    resolved "https://registry.yarnpkg.com/reselect/-/reselect-4.1.8.tgz#3f5dc671ea168dccdeb3e141236f69f02eaec524"
    integrity sha512-ab9EmR80F/zQTMNeneUr4cv+jSwPJgIlvEmVwLerwrWVbpLlBuls9XHzIeTFy4cegU2NHBp3va0LKOzU5qFEYQ==
  
  resolve-from@^4.0.0:
    version "4.0.0"
    resolved "https://registry.yarnpkg.com/resolve-from/-/resolve-from-4.0.0.tgz#4abcd852ad32dd7baabfe9b40e00a36db5f392e6"
    integrity sha512-pb/MYmXstAkysRFx8piNI1tGFNQIFA3vkE3Gq4EuA1dF6gHp/+vgZqsCGJapvy8N3Q+4o7FwvquPJcnZ7RYy4g==
  
  resolve@^1.14.2, resolve@^1.19.0, resolve@^1.22.1:
    version "1.22.2"
    resolved "https://registry.yarnpkg.com/resolve/-/resolve-1.22.2.tgz#0ed0943d4e301867955766c9f3e1ae6d01c6845f"
    integrity sha512-Sb+mjNHOULsBv818T40qSPeRiuWLyaGMa5ewydRLFimneixmVy2zdivRl+AF6jaYPC8ERxGDmFSiqui6SfPd+g==
    dependencies:
      is-core-module "^2.11.0"
      path-parse "^1.0.7"
      supports-preserve-symlinks-flag "^1.0.0"
  
  resolve@^2.0.0-next.4:
    version "2.0.0-next.4"
    resolved "https://registry.yarnpkg.com/resolve/-/resolve-2.0.0-next.4.tgz#3d37a113d6429f496ec4752d2a2e58efb1fd4660"
    integrity sha512-iMDbmAWtfU+MHpxt/I5iWI7cY6YVEZUQ3MBgPQ++XD1PELuJHIl82xBmObyP2KyQmkNB2dsqF7seoQQiAn5yDQ==
    dependencies:
      is-core-module "^2.9.0"
      path-parse "^1.0.7"
      supports-preserve-symlinks-flag "^1.0.0"
  
  reusify@^1.0.4:
    version "1.0.4"
    resolved "https://registry.yarnpkg.com/reusify/-/reusify-1.0.4.tgz#90da382b1e126efc02146e90845a88db12925d76"
    integrity sha512-U9nH88a3fc/ekCF1l0/UP1IosiuIjyTh7hBvXVMHYgVcfGvt897Xguj2UOLDeI5BG2m7/uwyaLVT6fbtCwTyzw==
  
  rimraf@^3.0.2:
    version "3.0.2"
    resolved "https://registry.yarnpkg.com/rimraf/-/rimraf-3.0.2.tgz#f1a5402ba6220ad52cc1282bac1ae3aa49fd061a"
    integrity sha512-JZkJMZkAGFFPP2YqXZXPbMlMBgsxzE8ILs4lMIX/2o0L9UBw9O/Y3o6wFw/i9YLapcUJWwqbi3kdxIPdC62TIA==
    dependencies:
      glob "^7.1.3"
  
  ripemd160@^2.0.0, ripemd160@^2.0.1:
    version "2.0.2"
    resolved "https://registry.npmmirror.com/ripemd160/-/ripemd160-2.0.2.tgz#a1c1a6f624751577ba5d07914cbc92850585890c"
    integrity sha512-ii4iagi25WusVoiC4B4lq7pbXfAp3D9v5CwfkY33vffw2+pkDjY1D8GaN7spsxvCSx8dkPqOZCEZyfxcmJG2IA==
    dependencies:
      hash-base "^3.0.0"
      inherits "^2.0.1"
  
  rlp@^2.2.4:
    version "2.2.7"
    resolved "https://registry.npmmirror.com/rlp/-/rlp-2.2.7.tgz#33f31c4afac81124ac4b283e2bd4d9720b30beaf"
    integrity sha512-d5gdPmgQ0Z+AklL2NVXr/IoSjNZFfTVvQWzL/AM2AOcSzYP2xjlb0AC8YyCLc41MSNf6P6QVtjgPdmVtzb+4lQ==
    dependencies:
      bn.js "^5.2.0"
  
  rollup@2.78.0:
    version "2.78.0"
    resolved "https://registry.yarnpkg.com/rollup/-/rollup-2.78.0.tgz#00995deae70c0f712ea79ad904d5f6b033209d9e"
    integrity sha512-4+YfbQC9QEVvKTanHhIAFVUFSRsezvQF8vFOJwtGfb9Bb+r014S+qryr9PSmw8x6sMnPkmFBGAvIFVQxvJxjtg==
    optionalDependencies:
      fsevents "~2.3.2"
  
  rpc-websockets@^7.5.1:
    version "7.5.1"
    resolved "https://registry.npmmirror.com/rpc-websockets/-/rpc-websockets-7.5.1.tgz#e0a05d525a97e7efc31a0617f093a13a2e10c401"
    integrity sha512-kGFkeTsmd37pHPMaHIgN1LVKXMi0JD782v4Ds9ZKtLlwdTKjn+CxM9A9/gLT2LaOuEcEFGL98h1QWQtlOIdW0w==
    dependencies:
      "@babel/runtime" "^7.17.2"
      eventemitter3 "^4.0.7"
      uuid "^8.3.2"
      ws "^8.5.0"
    optionalDependencies:
      bufferutil "^4.0.1"
      utf-8-validate "^5.0.2"
  
  run-parallel@^1.1.9:
    version "1.2.0"
    resolved "https://registry.yarnpkg.com/run-parallel/-/run-parallel-1.2.0.tgz#66d1368da7bdf921eb9d95bd1a9229e7f21a43ee"
    integrity sha512-5l4VyZR86LZ/lDxZTR6jqL8AFE2S0IFLMP26AbjsLVADxHdhB/c0GUsH+y39UfCi3dzz8OlQuPmnaJOMoDHQBA==
    dependencies:
      queue-microtask "^1.2.2"
  
  rxjs@^6.6.3:
    version "6.6.7"
    resolved "https://registry.npmmirror.com/rxjs/-/rxjs-6.6.7.tgz#90ac018acabf491bf65044235d5863c4dab804c9"
    integrity sha512-hTdwr+7yYNIT5n4AMYp85KA6yw2Va0FLa3Rguvbpa4W3I5xynaBZo41cM3XM+4Q6fRMj3sBYIR1VAmZMXYJvRQ==
    dependencies:
      tslib "^1.9.0"
  
  safe-buffer@^5.0.1, safe-buffer@^5.1.0, safe-buffer@^5.1.1, safe-buffer@^5.1.2, safe-buffer@^5.2.0, safe-buffer@~5.2.0:
    version "5.2.1"
    resolved "https://registry.npmmirror.com/safe-buffer/-/safe-buffer-5.2.1.tgz#1eaf9fa9bdb1fdd4ec75f58f9cdb4e6b7827eec6"
    integrity sha512-rp3So07KcdmmKbGvgaNxQSJr7bGVSVk5S9Eq1F+ppbRo70+YeaDxkw5Dd8NPN+GD6bjnYm2VuPuCXmpuYvmCXQ==
  
  safe-json-utils@^1.1.1:
    version "1.1.1"
    resolved "https://registry.npmmirror.com/safe-json-utils/-/safe-json-utils-1.1.1.tgz#0e883874467d95ab914c3f511096b89bfb3e63b1"
    integrity sha512-SAJWGKDs50tAbiDXLf89PDwt9XYkWyANFWVzn4dTXl5QyI8t2o/bW5/OJl3lvc2WVU4MEpTo9Yz5NVFNsp+OJQ==
  
  safe-regex-test@^1.0.0:
    version "1.0.0"
    resolved "https://registry.yarnpkg.com/safe-regex-test/-/safe-regex-test-1.0.0.tgz#793b874d524eb3640d1873aad03596db2d4f2295"
    integrity sha512-JBUUzyOgEwXQY1NuPtvcj/qcBDbDmEvWufhlnXZIm75DEHp+afM1r1ujJpJsV/gSM4t59tpDyPi1sd6ZaPFfsA==
    dependencies:
      call-bind "^1.0.2"
      get-intrinsic "^1.1.3"
      is-regex "^1.1.4"
  
  safe-stable-stringify@^2.1.0:
    version "2.4.3"
    resolved "https://registry.npmmirror.com/safe-stable-stringify/-/safe-stable-stringify-2.4.3.tgz#138c84b6f6edb3db5f8ef3ef7115b8f55ccbf886"
    integrity sha512-e2bDA2WJT0wxseVd4lsDP4+3ONX6HpMXQa1ZhFQ7SU+GjvORCmShbCMltrtIDfkYhVHrOcPtj+KhmDBdPdZD1g==
  
  "safer-buffer@>= 2.1.2 < 3.0.0":
    version "2.1.2"
    resolved "https://registry.yarnpkg.com/safer-buffer/-/safer-buffer-2.1.2.tgz#44fa161b0187b9549dd84bb91802f9bd8385cd6a"
    integrity sha512-YZo3K82SD7Riyi0E1EQPojLz7kpepnSQI9IyPbHHg1XXXevb5dJI7tpyN2ADxGcQbHG7vcyRHk0cbwqcQriUtg==
  
  scheduler@^0.23.0:
    version "0.23.0"
    resolved "https://registry.yarnpkg.com/scheduler/-/scheduler-0.23.0.tgz#ba8041afc3d30eb206a487b6b384002e4e61fdfe"
    integrity sha512-CtuThmgHNg7zIZWAXi3AsyIzA3n4xx7aNyjwC2VJldO2LMVDhFK+63xGqq6CsJH4rTAt6/M+N4GhZiDYPx9eUw==
    dependencies:
      loose-envify "^1.1.0"
  
  scrypt-js@3.0.1, scrypt-js@^3.0.0:
    version "3.0.1"
    resolved "https://registry.yarnpkg.com/scrypt-js/-/scrypt-js-3.0.1.tgz#d314a57c2aef69d1ad98a138a21fe9eafa9ee312"
    integrity sha512-cdwTTnqPu0Hyvf5in5asVdZocVDTNRmR7XEcJuIzMjJeSHybHl7vpB66AzwTaIg6CLSbtjcxc8fqcySfnTkccA==
  
  secp256k1@^4.0.1:
    version "4.0.3"
    resolved "https://registry.npmmirror.com/secp256k1/-/secp256k1-4.0.3.tgz#c4559ecd1b8d3c1827ed2d1b94190d69ce267303"
    integrity sha512-NLZVf+ROMxwtEj3Xa562qgv2BK5e2WNmXPiOdVIPLgs6lyTzMvBq0aWTYMI5XCP9jZMVKOcqZLw/Wc4vDkuxhA==
    dependencies:
      elliptic "^6.5.4"
      node-addon-api "^2.0.0"
      node-gyp-build "^4.2.0"
  
  secure-json-parse@^2.4.0:
    version "2.7.0"
    resolved "https://registry.yarnpkg.com/secure-json-parse/-/secure-json-parse-2.7.0.tgz#5a5f9cd6ae47df23dba3151edd06855d47e09862"
    integrity sha512-6aU+Rwsezw7VR8/nyvKTx8QpWH9FrcYiXXlqC4z5d5XQBDRqtbfsRjnwGyqbi3gddNtWHuEk9OANUotL26qKUw==
  
  semver@^6.1.1, semver@^6.1.2, semver@^6.3.0:
    version "6.3.0"
    resolved "https://registry.yarnpkg.com/semver/-/semver-6.3.0.tgz#ee0a64c8af5e8ceea67687b133761e1becbd1d3d"
    integrity sha512-b39TBaTSfV6yBrapU89p5fKekE2m/NwnDocOVruQFS1/veMgdzuPcnOM34M6CwxW8jH/lxEa5rBoDeUwu5HHTw==
  
  semver@^7.3.5, semver@^7.3.8:
    version "7.5.3"
    resolved "https://registry.npmmirror.com/semver/-/semver-7.5.3.tgz#161ce8c2c6b4b3bdca6caadc9fa3317a4c4fe88e"
    integrity sha512-QBlUtyVk/5EeHbi7X0fw6liDZc7BBmEaSYn01fMU1OUYbf6GPsbTtd8WmnqbI20SeycoHSeiybkE/q1Q+qlThQ==
    dependencies:
      lru-cache "^6.0.0"
  
  semver@^7.5.4:
    version "7.5.4"
    resolved "https://registry.yarnpkg.com/semver/-/semver-7.5.4.tgz#483986ec4ed38e1c6c48c34894a9182dbff68a6e"
    integrity sha512-1bCSESV6Pv+i21Hvpxp3Dx+pSD8lIPt8uVjRrxAUt/nbswYc+tK6Y2btiULjd4+fnq15PX+nqQDC7Oft7WkwcA==
    dependencies:
      lru-cache "^6.0.0"
  
  set-blocking@^2.0.0:
    version "2.0.0"
    resolved "https://registry.npmmirror.com/set-blocking/-/set-blocking-2.0.0.tgz#045f9782d011ae9a6803ddd382b24392b3d890f7"
    integrity sha512-KiKBS8AnWGEyLzofFfmvKwpdPzqiy16LvQfK3yv/fVH7Bj13/wl3JSR1J+rfgRE9q7xUJK4qvgS8raSOeLUehw==
  
  setimmediate@^1.0.5:
    version "1.0.5"
    resolved "https://registry.npmmirror.com/setimmediate/-/setimmediate-1.0.5.tgz#290cbb232e306942d7d7ea9b83732ab7856f8285"
    integrity sha512-MATJdZp8sLqDl/68LfQmbP8zKPLQNV6BIZoIgrscFDQ+RsvK/BxeDQOgyxKKoh0y/8h3BqVFnCqQ/gd+reiIXA==
  
  sha.js@^2.4.0, sha.js@^2.4.11, sha.js@^2.4.8:
    version "2.4.11"
    resolved "https://registry.npmmirror.com/sha.js/-/sha.js-2.4.11.tgz#37a5cf0b81ecbc6943de109ba2960d1b26584ae7"
    integrity sha512-QMEp5B7cftE7APOjk5Y6xgrbWu+WkLVQwk8JNjZ8nKRciZaByEW6MubieAiToS7+dwvrjGhH8jRXz3MVd0AYqQ==
    dependencies:
      inherits "^2.0.1"
      safe-buffer "^5.0.1"
  
  sharp@^0.32.5:
    version "0.32.5"
    resolved "https://registry.yarnpkg.com/sharp/-/sharp-0.32.5.tgz#9ddc78ead6446094f51e50355a2d4ec6e7220cd4"
    integrity sha512-0dap3iysgDkNaPOaOL4X/0akdu0ma62GcdC2NBQ+93eqpePdDdr2/LM0sFdDSMmN7yS+odyZtPsb7tx/cYBKnQ==
    dependencies:
      color "^4.2.3"
      detect-libc "^2.0.2"
      node-addon-api "^6.1.0"
      prebuild-install "^7.1.1"
      semver "^7.5.4"
      simple-get "^4.0.1"
      tar-fs "^3.0.4"
      tunnel-agent "^0.6.0"
  
  shebang-command@^2.0.0:
    version "2.0.0"
    resolved "https://registry.yarnpkg.com/shebang-command/-/shebang-command-2.0.0.tgz#ccd0af4f8835fbdc265b82461aaf0c36663f34ea"
    integrity sha512-kHxr2zZpYtdmrN1qDjrrX/Z1rR1kG8Dx+gkpK1G4eXmvXswmcE1hTWBWYUzlraYw1/yZp6YuDY77YtvbN0dmDA==
    dependencies:
      shebang-regex "^3.0.0"
  
  shebang-regex@^3.0.0:
    version "3.0.0"
    resolved "https://registry.yarnpkg.com/shebang-regex/-/shebang-regex-3.0.0.tgz#ae16f1644d873ecad843b0307b143362d4c42172"
    integrity sha512-7++dFhtcx3353uBaq8DDR4NuxBetBzC7ZQOhmTQInHEd6bSrXdiEyzCvG07Z44UYdLShWUyXt5M/yhz8ekcb1A==
  
  side-channel@^1.0.4:
    version "1.0.4"
    resolved "https://registry.yarnpkg.com/side-channel/-/side-channel-1.0.4.tgz#efce5c8fdc104ee751b25c58d4290011fa5ea2cf"
    integrity sha512-q5XPytqFEIKHkGdiMIrY10mvLRvnQh42/+GoBlFW3b2LXLE2xxJpZFdm94we0BaoV3RwJyGqg5wS7epxTv0Zvw==
    dependencies:
      call-bind "^1.0.0"
      get-intrinsic "^1.0.2"
      object-inspect "^1.9.0"
  
  simple-concat@^1.0.0:
    version "1.0.1"
    resolved "https://registry.yarnpkg.com/simple-concat/-/simple-concat-1.0.1.tgz#f46976082ba35c2263f1c8ab5edfe26c41c9552f"
    integrity sha512-cSFtAPtRhljv69IK0hTVZQ+OfE9nePi/rtJmw5UjHeVyVroEqJXP1sFztKUy1qU+xvz3u/sfYJLa947b7nAN2Q==
  
  simple-get@^4.0.0, simple-get@^4.0.1:
    version "4.0.1"
    resolved "https://registry.yarnpkg.com/simple-get/-/simple-get-4.0.1.tgz#4a39db549287c979d352112fa03fd99fd6bc3543"
    integrity sha512-brv7p5WgH0jmQJr1ZDDfKDOSeWWg+OVypG99A/5vYGPqJ6pxiaHLy8nxtFjBA7oMa01ebA9gfh1uMCFqOuXxvA==
    dependencies:
      decompress-response "^6.0.0"
      once "^1.3.1"
      simple-concat "^1.0.0"
  
  simple-swizzle@^0.2.2:
    version "0.2.2"
    resolved "https://registry.yarnpkg.com/simple-swizzle/-/simple-swizzle-0.2.2.tgz#a4da6b635ffcccca33f70d17cb92592de95e557a"
    integrity sha512-JA//kQgZtbuY83m+xT+tXJkmJncGMTFT+C+g2h2R9uxkYIrE2yy9sgmcLhCnw57/WSD+Eh3J97FPEDFnbXnDUg==
    dependencies:
      is-arrayish "^0.3.1"
  
  siwe@^2.1.4:
    version "2.1.4"
    resolved "https://registry.yarnpkg.com/siwe/-/siwe-2.1.4.tgz#005a8be3e61224a86bd3457f60fdaab626f2d1d4"
    integrity sha512-Dke1Qqa3mgiLm3vjqw/+SQ7dl8WV/Pfk3AlQBF94cBFydTYhztngqYrikzE3X5UTsJ6565dfVbQptszsuYZNYg==
    dependencies:
      "@spruceid/siwe-parser" "*"
      "@stablelib/random" "^1.0.1"
      uri-js "^4.4.1"
      valid-url "^1.0.9"
  
  slash@^3.0.0:
    version "3.0.0"
    resolved "https://registry.yarnpkg.com/slash/-/slash-3.0.0.tgz#6539be870c165adbd5240220dbe361f1bc4d4634"
    integrity sha512-g9Q1haeby36OSStwb4ntCGGGaKsaVSjQ68fBxoQcutl5fS1vuY18H3wSt3jFyFtrkx+Kz0V1G85A4MyAdDMi2Q==
  
  slash@^4.0.0:
    version "4.0.0"
    resolved "https://registry.yarnpkg.com/slash/-/slash-4.0.0.tgz#2422372176c4c6c5addb5e2ada885af984b396a7"
    integrity sha512-3dOsAHXXUkQTpOYcoAxLIorMTp4gIQr5IW3iVb7A7lFIp0VHhnynm9izx6TssdrIcVIESAlVjtnO2K8bg+Coew==
  
  snake-case@^3.0.4:
    version "3.0.4"
    resolved "https://registry.yarnpkg.com/snake-case/-/snake-case-3.0.4.tgz#4f2bbd568e9935abdfd593f34c691dadb49c452c"
    integrity sha512-LAOh4z89bGQvl9pFfNF8V146i7o7/CqFPbqzYgP+yYzDIDeS9HaNFtXABamRW+AQzEVODcvE79ljJ+8a9YSdMg==
    dependencies:
      dot-case "^3.0.4"
      tslib "^2.0.3"
  
  sonic-boom@^2.2.1:
    version "2.8.0"
    resolved "https://registry.npmmirror.com/sonic-boom/-/sonic-boom-2.8.0.tgz#c1def62a77425090e6ad7516aad8eb402e047611"
    integrity sha512-kuonw1YOYYNOve5iHdSahXPOK49GqwA+LZhI6Wz/l0rP57iKyXXIHaRagOBHAPmGwJC6od2Z9zgvZ5loSgMlVg==
    dependencies:
      atomic-sleep "^1.0.0"
  
  sonic-boom@^3.0.0:
    version "3.3.0"
    resolved "https://registry.yarnpkg.com/sonic-boom/-/sonic-boom-3.3.0.tgz#cffab6dafee3b2bcb88d08d589394198bee1838c"
    integrity sha512-LYxp34KlZ1a2Jb8ZQgFCK3niIHzibdwtwNUWKg0qQRzsDoJ3Gfgkf8KdBTFU3SkejDEIlWwnSnpVdOZIhFMl/g==
    dependencies:
      atomic-sleep "^1.0.0"
  
  source-map-js@^1.0.1, source-map-js@^1.0.2:
    version "1.0.2"
    resolved "https://registry.yarnpkg.com/source-map-js/-/source-map-js-1.0.2.tgz#adbc361d9c62df380125e7f161f71c826f1e490c"
    integrity sha512-R0XvVJ9WusLiqTCEiGCmICCMplcCkIwwR11mOSD9CR5u+IXYdiseeEuXCVAjS54zqwkLcPNnmU4OeJ6tUrWhDw==
  
  source-map@^0.5.7:
    version "0.5.7"
    resolved "https://registry.yarnpkg.com/source-map/-/source-map-0.5.7.tgz#8a039d2d1021d22d1ea14c80d8ea468ba2ef3fcc"
    integrity sha512-LbrmJOMUSdEVxIKvdcJzQC+nQhe8FUZQTXQy6+I75skNgn3OoQ0DZA8YnFa7gp8tqtL3KPf1kmo0R5DoApeSGQ==
  
  split-on-first@^1.0.0:
    version "1.1.0"
    resolved "https://registry.npmmirror.com/split-on-first/-/split-on-first-1.1.0.tgz#f610afeee3b12bce1d0c30425e76398b78249a5f"
    integrity sha512-43ZssAJaMusuKWL8sKUBQXHWOpq8d6CfN/u1p4gUzfJkM05C8rxTmYrkIPTXapZpORA6LkkzcUulJ8FqA7Uudw==
  
  split2@^4.0.0:
    version "4.2.0"
    resolved "https://registry.npmmirror.com/split2/-/split2-4.2.0.tgz#c9c5920904d148bab0b9f67145f245a86aadbfa4"
    integrity sha512-UcjcJOWknrNkF6PLX83qcHM6KHgVKNkV62Y8a5uYDVv9ydGQVwAHMKqHdJje1VTWpljG0WYpCDhrCdAOYH4TWg==
  
  stacktrace-parser@^0.1.10:
    version "0.1.10"
    resolved "https://registry.yarnpkg.com/stacktrace-parser/-/stacktrace-parser-0.1.10.tgz#29fb0cae4e0d0b85155879402857a1639eb6051a"
    integrity sha512-KJP1OCML99+8fhOHxwwzyWrlUuVX5GQ0ZpJTd1DFXhdkrvg1szxfHhawXUZ3g9TkXORQd4/WG68jMlQZ2p8wlg==
    dependencies:
      type-fest "^0.7.1"
  
  stop-iteration-iterator@^1.0.0:
    version "1.0.0"
    resolved "https://registry.yarnpkg.com/stop-iteration-iterator/-/stop-iteration-iterator-1.0.0.tgz#6a60be0b4ee757d1ed5254858ec66b10c49285e4"
    integrity sha512-iCGQj+0l0HOdZ2AEeBADlsRC+vsnDsZsbdSiH1yNSjcfKM7fdpCMfqAL/dwF5BLiw/XhRft/Wax6zQbhq2BcjQ==
    dependencies:
      internal-slot "^1.0.4"
  
  stream-browserify@^3.0.0:
    version "3.0.0"
    resolved "https://registry.npmmirror.com/stream-browserify/-/stream-browserify-3.0.0.tgz#22b0a2850cdf6503e73085da1fc7b7d0c2122f2f"
    integrity sha512-H73RAHsVBapbim0tU2JwwOiXUj+fikfiaoYAKHF3VJfA0pe2BCzkhAHBlLG6REzE+2WNZcxOXjK7lkso+9euLA==
    dependencies:
      inherits "~2.0.4"
      readable-stream "^3.5.0"
  
  stream-shift@^1.0.0:
    version "1.0.1"
    resolved "https://registry.npmmirror.com/stream-shift/-/stream-shift-1.0.1.tgz#d7088281559ab2778424279b0877da3c392d5a3d"
    integrity sha512-AiisoFqQ0vbGcZgQPY1cdP2I76glaVA/RauYR4G4thNFgkTqr90yXTo4LYX60Jl+sIlPNHHdGSwo01AvbKUSVQ==
  
  streamsearch@^1.1.0:
    version "1.1.0"
    resolved "https://registry.yarnpkg.com/streamsearch/-/streamsearch-1.1.0.tgz#404dd1e2247ca94af554e841a8ef0eaa238da764"
    integrity sha512-Mcc5wHehp9aXz1ax6bZUyY5afg9u2rv5cqQI3mRrYkGC8rW2hM02jWuwjtL++LS5qinSyhj2QfLyNsuc+VsExg==
  
  streamx@^2.15.0:
    version "2.15.0"
    resolved "https://registry.yarnpkg.com/streamx/-/streamx-2.15.0.tgz#f58c92e6f726b5390dcabd6dd9094d29a854d698"
    integrity sha512-HcxY6ncGjjklGs1xsP1aR71INYcsXFJet5CU1CHqihQ2J5nOsbd4OjgjHO42w/4QNv9gZb3BueV+Vxok5pLEXg==
    dependencies:
      fast-fifo "^1.1.0"
      queue-tick "^1.0.1"
  
  strict-uri-encode@^2.0.0:
    version "2.0.0"
    resolved "https://registry.npmmirror.com/strict-uri-encode/-/strict-uri-encode-2.0.0.tgz#b9c7330c7042862f6b142dc274bbcc5866ce3546"
    integrity sha512-QwiXZgpRcKkhTj2Scnn++4PKtWsH0kpzZ62L2R6c/LUVYv7hVnZqcg2+sMuT6R7Jusu1vviK/MFsu6kNJfWlEQ==
  
  string-width@^4.1.0, string-width@^4.2.0:
    version "4.2.3"
    resolved "https://registry.npmmirror.com/string-width/-/string-width-4.2.3.tgz#269c7117d27b05ad2e536830a8ec895ef9c6d010"
    integrity sha512-wKyQRQpjJ0sIp62ErSZdGsjMJWsap5oRNihHhu6G7JVO/9jIB6UyevL+tXuOqrng8j/cxKTWyWUwvSTriiZz/g==
    dependencies:
      emoji-regex "^8.0.0"
      is-fullwidth-code-point "^3.0.0"
      strip-ansi "^6.0.1"
  
  string.prototype.matchall@^4.0.8:
    version "4.0.8"
    resolved "https://registry.yarnpkg.com/string.prototype.matchall/-/string.prototype.matchall-4.0.8.tgz#3bf85722021816dcd1bf38bb714915887ca79fd3"
    integrity sha512-6zOCOcJ+RJAQshcTvXPHoxoQGONa3e/Lqx90wUA+wEzX78sg5Bo+1tQo4N0pohS0erG9qtCqJDjNCQBjeWVxyg==
    dependencies:
      call-bind "^1.0.2"
      define-properties "^1.1.4"
      es-abstract "^1.20.4"
      get-intrinsic "^1.1.3"
      has-symbols "^1.0.3"
      internal-slot "^1.0.3"
      regexp.prototype.flags "^1.4.3"
      side-channel "^1.0.4"
  
  string.prototype.trim@^1.2.7:
    version "1.2.7"
    resolved "https://registry.yarnpkg.com/string.prototype.trim/-/string.prototype.trim-1.2.7.tgz#a68352740859f6893f14ce3ef1bb3037f7a90533"
    integrity sha512-p6TmeT1T3411M8Cgg9wBTMRtY2q9+PNy9EV1i2lIXUN/btt763oIfxwN3RR8VU6wHX8j/1CFy0L+YuThm6bgOg==
    dependencies:
      call-bind "^1.0.2"
      define-properties "^1.1.4"
      es-abstract "^1.20.4"
  
  string.prototype.trimend@^1.0.6:
    version "1.0.6"
    resolved "https://registry.yarnpkg.com/string.prototype.trimend/-/string.prototype.trimend-1.0.6.tgz#c4a27fa026d979d79c04f17397f250a462944533"
    integrity sha512-JySq+4mrPf9EsDBEDYMOb/lM7XQLulwg5R/m1r0PXEFqrV0qHvl58sdTilSXtKOflCsK2E8jxf+GKC0T07RWwQ==
    dependencies:
      call-bind "^1.0.2"
      define-properties "^1.1.4"
      es-abstract "^1.20.4"
  
  string.prototype.trimstart@^1.0.6:
    version "1.0.6"
    resolved "https://registry.yarnpkg.com/string.prototype.trimstart/-/string.prototype.trimstart-1.0.6.tgz#e90ab66aa8e4007d92ef591bbf3cd422c56bdcf4"
    integrity sha512-omqjMDaY92pbn5HOX7f9IccLA+U1tA9GvtU4JrodiXFfYB7jPzzHpRzpglLAjtUV6bB557zwClJezTqnAiYnQA==
    dependencies:
      call-bind "^1.0.2"
      define-properties "^1.1.4"
      es-abstract "^1.20.4"
  
  string_decoder@^1.1.1:
    version "1.3.0"
    resolved "https://registry.npmmirror.com/string_decoder/-/string_decoder-1.3.0.tgz#42f114594a46cf1a8e30b0a84f56c78c3edac21e"
    integrity sha512-hkRX8U1WjJFd8LsDJ2yQ/wWWxaopEsABU1XfkM8A+j0+85JAGppt16cr1Whg6KIbb4okU6Mql6BOj+uup/wKeA==
    dependencies:
      safe-buffer "~5.2.0"
  
  strip-ansi@^6.0.0, strip-ansi@^6.0.1:
    version "6.0.1"
    resolved "https://registry.yarnpkg.com/strip-ansi/-/strip-ansi-6.0.1.tgz#9e26c63d30f53443e9489495b2105d37b67a85d9"
    integrity sha512-Y38VPSHcqkFrCpFnQ9vuSXmquuv5oXOKpGeT6aGrr3o3Gc9AlVa6JBfUSOCnbxGGZF+/0ooI7KrPuUSztUdU5A==
    dependencies:
      ansi-regex "^5.0.1"
  
  strip-bom@^3.0.0:
    version "3.0.0"
    resolved "https://registry.yarnpkg.com/strip-bom/-/strip-bom-3.0.0.tgz#2334c18e9c759f7bdd56fdef7e9ae3d588e68ed3"
    integrity sha512-vavAMRXOgBVNF6nyEEmL3DBK19iRpDcoIwW+swQ+CbGiu7lju6t+JklA1MHweoWtadgt4ISVUsXLyDq34ddcwA==
  
  strip-hex-prefix@1.0.0:
    version "1.0.0"
    resolved "https://registry.npmmirror.com/strip-hex-prefix/-/strip-hex-prefix-1.0.0.tgz#0c5f155fef1151373377de9dbb588da05500e36f"
    integrity sha512-q8d4ue7JGEiVcypji1bALTos+0pWtyGlivAWyPuTkHzuTCJqrK9sWxYQZUq6Nq3cuyv3bm734IhHvHtGGURU6A==
    dependencies:
      is-hex-prefixed "1.0.0"
  
  strip-json-comments@^3.1.1:
    version "3.1.1"
    resolved "https://registry.yarnpkg.com/strip-json-comments/-/strip-json-comments-3.1.1.tgz#31f1281b3832630434831c310c01cccda8cbe006"
    integrity sha512-6fPc+R4ihwqP6N/aIv2f1gMH8lOVtWQHoqC4yK6oSDVVocumAsfCqjkXnqiYMhmMwS/mEHLp7Vehlt3ql6lEig==
  
  strip-json-comments@~2.0.1:
    version "2.0.1"
    resolved "https://registry.yarnpkg.com/strip-json-comments/-/strip-json-comments-2.0.1.tgz#3c531942e908c2697c0ec344858c286c7ca0a60a"
    integrity sha512-4gB8na07fecVVkOI6Rs4e7T6NOTki5EmL7TUduTs6bu3EdnSycntVJ4re8kgZA+wx9IueI2Y11bfbgwtzuE0KQ==
  
  styled-jsx@5.1.1:
    version "5.1.1"
    resolved "https://registry.yarnpkg.com/styled-jsx/-/styled-jsx-5.1.1.tgz#839a1c3aaacc4e735fed0781b8619ea5d0009d1f"
    integrity sha512-pW7uC1l4mBZ8ugbiZrcIsiIvVx1UmTfw7UkC3Um2tmfUq9Bhk8IiyEIPl6F8agHgjzku6j0xQEZbfA5uSgSaCw==
    dependencies:
      client-only "0.0.1"
  
  stylis@4.2.0:
    version "4.2.0"
    resolved "https://registry.yarnpkg.com/stylis/-/stylis-4.2.0.tgz#79daee0208964c8fe695a42fcffcac633a211a51"
    integrity sha512-Orov6g6BB1sDfYgzWfTHDOxamtX1bE/zo104Dh9e6fqJ3PooipYyfJ0pUmrZO2wAvO8YbEyeFrkV91XTsGMSrw==
  
  superstruct@^0.14.2:
    version "0.14.2"
    resolved "https://registry.npmmirror.com/superstruct/-/superstruct-0.14.2.tgz#0dbcdf3d83676588828f1cf5ed35cda02f59025b"
    integrity sha512-nPewA6m9mR3d6k7WkZ8N8zpTWfenFH3q9pA2PkuiZxINr9DKB2+40wEQf0ixn8VaGuJ78AB6iWOtStI+/4FKZQ==
  
  superstruct@^1.0.3:
    version "1.0.3"
    resolved "https://registry.npmmirror.com/superstruct/-/superstruct-1.0.3.tgz#de626a5b49c6641ff4d37da3c7598e7a87697046"
    integrity sha512-8iTn3oSS8nRGn+C2pgXSKPI3jmpm6FExNazNpjvqS6ZUJQCej3PUXEKM8NjHBOs54ExM+LPW/FBRhymrdcCiSg==
  
  supports-color@^5.3.0:
    version "5.5.0"
    resolved "https://registry.yarnpkg.com/supports-color/-/supports-color-5.5.0.tgz#e2e69a44ac8772f78a1ec0b35b689df6530efc8f"
    integrity sha512-QjVjwdXIt408MIiAqCX4oUKsgU2EqAGzs2Ppkm4aQYbjm+ZEWEcW4SfFNTr4uMNZma0ey4f5lgLrkB0aX0QMow==
    dependencies:
      has-flag "^3.0.0"
  
  supports-color@^7.1.0:
    version "7.2.0"
    resolved "https://registry.yarnpkg.com/supports-color/-/supports-color-7.2.0.tgz#1b7dcdcb32b8138801b3e478ba6a51caa89648da"
    integrity sha512-qpCAvRl9stuOHveKsn7HncJRvv501qIacKzQlO/+Lwxc9+0q2wLyv4Dfvt80/DPn2pqOBsJdDiogXGR9+OvwRw==
    dependencies:
      has-flag "^4.0.0"
  
  supports-preserve-symlinks-flag@^1.0.0:
    version "1.0.0"
    resolved "https://registry.yarnpkg.com/supports-preserve-symlinks-flag/-/supports-preserve-symlinks-flag-1.0.0.tgz#6eda4bd344a3c94aea376d4cc31bc77311039e09"
    integrity sha512-ot0WnXS9fgdkgIcePe6RHNk1WA8+muPa6cSjeR3V8K27q9BB1rTE3R1p7Hv0z1ZyAc8s6Vvv8DIyWf681MAt0w==
  
  svg-parser@^2.0.4:
    version "2.0.4"
    resolved "https://registry.yarnpkg.com/svg-parser/-/svg-parser-2.0.4.tgz#fdc2e29e13951736140b76cb122c8ee6630eb6b5"
    integrity sha512-e4hG1hRwoOdRb37cIMSgzNsxyzKfayW6VOflrwvR+/bzrkyxY/31WkbgnQpgtrNp1SdpJvpUAGTa/ZoiPNDuRQ==
  
  svgo@^3.0.2:
    version "3.0.2"
    resolved "https://registry.yarnpkg.com/svgo/-/svgo-3.0.2.tgz#5e99eeea42c68ee0dc46aa16da093838c262fe0a"
    integrity sha512-Z706C1U2pb1+JGP48fbazf3KxHrWOsLme6Rv7imFBn5EnuanDW1GPaA/P1/dvObE670JDePC3mnj0k0B7P0jjQ==
    dependencies:
      "@trysound/sax" "0.2.0"
      commander "^7.2.0"
      css-select "^5.1.0"
      css-tree "^2.2.1"
      csso "^5.0.5"
      picocolors "^1.0.0"
  
  synckit@^0.8.5:
    version "0.8.5"
    resolved "https://registry.yarnpkg.com/synckit/-/synckit-0.8.5.tgz#b7f4358f9bb559437f9f167eb6bc46b3c9818fa3"
    integrity sha512-L1dapNV6vu2s/4Sputv8xGsCdAVlb5nRDMFU/E27D44l5U6cw1g0dGd45uLc+OXjNMmF4ntiMdCimzcjFKQI8Q==
    dependencies:
      "@pkgr/utils" "^2.3.1"
      tslib "^2.5.0"
  
  tapable@^2.2.0:
    version "2.2.1"
    resolved "https://registry.yarnpkg.com/tapable/-/tapable-2.2.1.tgz#1967a73ef4060a82f12ab96af86d52fdb76eeca0"
    integrity sha512-GNzQvQTOIP6RyTfE2Qxb8ZVlNmw0n88vp1szwWRimP02mnTsx3Wtn5qRdqY9w2XduFNUgvOwhNnQsjwCp+kqaQ==
  
  tar-fs@^2.0.0:
    version "2.1.1"
    resolved "https://registry.yarnpkg.com/tar-fs/-/tar-fs-2.1.1.tgz#489a15ab85f1f0befabb370b7de4f9eb5cbe8784"
    integrity sha512-V0r2Y9scmbDRLCNex/+hYzvp/zyYjvFbHPNgVTKfQvVrb6guiE/fxP+XblDNR011utopbkex2nM4dHNV6GDsng==
    dependencies:
      chownr "^1.1.1"
      mkdirp-classic "^0.5.2"
      pump "^3.0.0"
      tar-stream "^2.1.4"
  
  tar-fs@^3.0.4:
    version "3.0.4"
    resolved "https://registry.yarnpkg.com/tar-fs/-/tar-fs-3.0.4.tgz#a21dc60a2d5d9f55e0089ccd78124f1d3771dbbf"
    integrity sha512-5AFQU8b9qLfZCX9zp2duONhPmZv0hGYiBPJsyUdqMjzq/mqVpy/rEUSeHk1+YitmxugaptgBh5oDGU3VsAJq4w==
    dependencies:
      mkdirp-classic "^0.5.2"
      pump "^3.0.0"
      tar-stream "^3.1.5"
  
  tar-stream@^2.1.4:
    version "2.2.0"
    resolved "https://registry.yarnpkg.com/tar-stream/-/tar-stream-2.2.0.tgz#acad84c284136b060dc3faa64474aa9aebd77287"
    integrity sha512-ujeqbceABgwMZxEJnk2HDY2DlnUZ+9oEcb1KzTVfYHio0UE6dG71n60d8D2I4qNvleWrrXpmjpt7vZeF1LnMZQ==
    dependencies:
      bl "^4.0.3"
      end-of-stream "^1.4.1"
      fs-constants "^1.0.0"
      inherits "^2.0.3"
      readable-stream "^3.1.1"
  
  tar-stream@^3.1.5:
    version "3.1.6"
    resolved "https://registry.yarnpkg.com/tar-stream/-/tar-stream-3.1.6.tgz#6520607b55a06f4a2e2e04db360ba7d338cc5bab"
    integrity sha512-B/UyjYwPpMBv+PaFSWAmtYjwdrlEaZQEhMIBFNC5oEG8lpiW8XjcSdmEaClj28ArfKScKHs2nshz3k2le6crsg==
    dependencies:
      b4a "^1.6.4"
      fast-fifo "^1.2.0"
      streamx "^2.15.0"
  
  text-encoding-utf-8@^1.0.2:
    version "1.0.2"
    resolved "https://registry.npmmirror.com/text-encoding-utf-8/-/text-encoding-utf-8-1.0.2.tgz#585b62197b0ae437e3c7b5d0af27ac1021e10d13"
    integrity sha512-8bw4MY9WjdsD2aMtO0OzOCY3pXGYNx2d2FfHRVUKkiCPDWjKuOlhLVASS+pD7VkLTVjW268LYJHwsnPFlBpbAg==
  
  text-table@^0.2.0:
    version "0.2.0"
    resolved "https://registry.yarnpkg.com/text-table/-/text-table-0.2.0.tgz#7f5ee823ae805207c00af2df4a84ec3fcfa570b4"
    integrity sha512-N+8UisAXDGk8PFXP4HAzVR9nbfmVJ3zYLAWiTIoqC5v5isinhr+r5uaO8+7r3BMfuNIufIsA7RdpVgacC2cSpw==
  
  thread-stream@^0.15.1:
    version "0.15.2"
    resolved "https://registry.npmmirror.com/thread-stream/-/thread-stream-0.15.2.tgz#fb95ad87d2f1e28f07116eb23d85aba3bc0425f4"
    integrity sha512-UkEhKIg2pD+fjkHQKyJO3yoIvAP3N6RlNFt2dUhcS1FGvCD1cQa1M/PGknCLFIyZdtJOWQjejp7bdNqmN7zwdA==
    dependencies:
      real-require "^0.1.0"
  
  throttle-debounce@^2.1.0:
    version "2.3.0"
    resolved "https://registry.yarnpkg.com/throttle-debounce/-/throttle-debounce-2.3.0.tgz#fd31865e66502071e411817e241465b3e9c372e2"
    integrity sha512-H7oLPV0P7+jgvrk+6mwwwBDmxTaxnu9HMXmloNLXwnNO0ZxZ31Orah2n8lU1eMPvsaowP2CX+USCgyovXfdOFQ==
  
  "through@>=2.2.7 <3":
    version "2.3.8"
    resolved "https://registry.npmmirror.com/through/-/through-2.3.8.tgz#0dd4c9ffaabc357960b1b724115d7e0e86a2e1f5"
    integrity sha512-w89qg7PI8wAdvX60bMDP+bFoD5Dvhm9oLheFp5O4a2QF0cSBGsBX4qZmadPMvVqlLJBBci+WqGGOAPvcDeNSVg==
  
  tiny-case@^1.0.3:
    version "1.0.3"
    resolved "https://registry.yarnpkg.com/tiny-case/-/tiny-case-1.0.3.tgz#d980d66bc72b5d5a9ca86fb7c9ffdb9c898ddd03"
    integrity sha512-Eet/eeMhkO6TX8mnUteS9zgPbUMQa4I6Kkp5ORiBD5476/m+PIRiumP5tmh5ioJpH7k51Kehawy2UDfsnxxY8Q==
  
  tiny-glob@^0.2.9:
    version "0.2.9"
    resolved "https://registry.yarnpkg.com/tiny-glob/-/tiny-glob-0.2.9.tgz#2212d441ac17928033b110f8b3640683129d31e2"
    integrity sha512-g/55ssRPUjShh+xkfx9UPDXqhckHEsHr4Vd9zX55oSdGZc/MD0m3sferOkwWtp98bv+kcVfEHtRJgBVJzelrzg==
    dependencies:
      globalyzer "0.1.0"
      globrex "^0.1.2"
  
  tiny-warning@^1.0.2:
    version "1.0.3"
    resolved "https://registry.yarnpkg.com/tiny-warning/-/tiny-warning-1.0.3.tgz#94a30db453df4c643d0fd566060d60a875d84754"
    integrity sha512-lBN9zLN/oAf68o3zNXYrdCt1kP8WsiGW8Oo2ka41b2IM5JL/S1CTyX1rW0mb/zSuJun0ZUrDxx4sqvYS2FWzPA==
  
  to-fast-properties@^2.0.0:
    version "2.0.0"
    resolved "https://registry.yarnpkg.com/to-fast-properties/-/to-fast-properties-2.0.0.tgz#dc5e698cbd079265bc73e0377681a4e4e83f616e"
    integrity sha512-/OaKK0xYrs3DmxRYqL/yDc+FxFUVYhDlXMhRmv3z915w2HF1tnN1omB354j8VUGO/hbRzyD6Y3sA7v7GS/ceog==
  
  to-regex-range@^5.0.1:
    version "5.0.1"
    resolved "https://registry.yarnpkg.com/to-regex-range/-/to-regex-range-5.0.1.tgz#1648c44aae7c8d988a326018ed72f5b4dd0392e4"
    integrity sha512-65P7iz6X5yEr1cwcgvQxbbIw7Uk3gOy5dIdtZ4rDveLqhrdJP+Li/Hx6tyK0NEb+2GCyneCMJiGqrADCSNk8sQ==
    dependencies:
      is-number "^7.0.0"
  
  toggle-selection@^1.0.6:
    version "1.0.6"
    resolved "https://registry.npmmirror.com/toggle-selection/-/toggle-selection-1.0.6.tgz#6e45b1263f2017fa0acc7d89d78b15b8bf77da32"
    integrity sha512-BiZS+C1OS8g/q2RRbJmy59xpyghNBqrr6k5L/uKBGRsTfxmu3ffiRnd8mlGPUVayg8pvfi5urfnu8TU7DVOkLQ==
  
  toposort@^2.0.2:
    version "2.0.2"
    resolved "https://registry.yarnpkg.com/toposort/-/toposort-2.0.2.tgz#ae21768175d1559d48bef35420b2f4962f09c330"
    integrity sha512-0a5EOkAUp8D4moMi2W8ZF8jcga7BgZd91O/yabJCFY8az+XSzeGyTKs0Aoo897iV1Nj6guFq8orWDS96z91oGg==
  
  tr46@~0.0.3:
    version "0.0.3"
    resolved "https://registry.npmmirror.com/tr46/-/tr46-0.0.3.tgz#8184fd347dac9cdc185992f3a6622e14b9d9ab6a"
    integrity sha512-N3WMsuqV66lT30CrXNbEjx4GEwlow3v6rr4mCcv6prnfwhS01rkgyFdjPNBYd9br7LpXV1+Emh01fHnq2Gdgrw==
  
  treeify@^1.1.0:
    version "1.1.0"
    resolved "https://registry.npmmirror.com/treeify/-/treeify-1.1.0.tgz#4e31c6a463accd0943879f30667c4fdaff411bb8"
    integrity sha512-1m4RA7xVAJrSGrrXGs0L3YTwyvBs2S8PbRHaLZAkFw7JR8oIFwYtysxlBZhYIa7xSyiYJKZ3iGrrk55cGA3i9A==
  
  ts-api-utils@^1.0.1:
    version "1.0.1"
    resolved "https://registry.yarnpkg.com/ts-api-utils/-/ts-api-utils-1.0.1.tgz#8144e811d44c749cd65b2da305a032510774452d"
    integrity sha512-lC/RGlPmwdrIBFTX59wwNzqh7aR2otPNPR/5brHZm/XKFYKsfqxihXUe9pU3JI+3vGkl+vyCoNNnPhJn3aLK1A==
  
  ts-node@^10.9.1:
    version "10.9.1"
    resolved "https://registry.yarnpkg.com/ts-node/-/ts-node-10.9.1.tgz#e73de9102958af9e1f0b168a6ff320e25adcff4b"
    integrity sha512-NtVysVPkxxrwFGUUxGYhfux8k78pQB3JqYBXlLRZgdGUqTO5wU/UyHop5p70iEbGhB7q5KmiZiU0Y3KlJrScEw==
    dependencies:
      "@cspotcode/source-map-support" "^0.8.0"
      "@tsconfig/node10" "^1.0.7"
      "@tsconfig/node12" "^1.0.7"
      "@tsconfig/node14" "^1.0.0"
      "@tsconfig/node16" "^1.0.2"
      acorn "^8.4.1"
      acorn-walk "^8.1.1"
      arg "^4.1.0"
      create-require "^1.1.0"
      diff "^4.0.1"
      make-error "^1.1.1"
      v8-compile-cache-lib "^3.0.1"
      yn "3.1.1"
  
  tsconfig-paths@^3.14.1:
    version "3.14.2"
    resolved "https://registry.yarnpkg.com/tsconfig-paths/-/tsconfig-paths-3.14.2.tgz#6e32f1f79412decd261f92d633a9dc1cfa99f088"
    integrity sha512-o/9iXgCYc5L/JxCHPe3Hvh8Q/2xm5Z+p18PESBU6Ff33695QnCHBEjcytY2q19ua7Mbl/DavtBOLq+oG0RCL+g==
    dependencies:
      "@types/json5" "^0.0.29"
      json5 "^1.0.2"
      minimist "^1.2.6"
      strip-bom "^3.0.0"
  
  tslib@1.14.1, tslib@^1.9.0:
    version "1.14.1"
    resolved "https://registry.yarnpkg.com/tslib/-/tslib-1.14.1.tgz#cf2d38bdc34a134bcaf1091c41f6619e2f672d00"
    integrity sha512-Xni35NKzjgMrwevysHTCArtLDpPvye8zV/0E4EyYn43P7/7qvQwPh9BGkHewbMulVntbigmcT7rdX3BNo9wRJg==
  
  tslib@^2.0.0, tslib@^2.3.1:
    version "2.6.0"
    resolved "https://registry.npmmirror.com/tslib/-/tslib-2.6.0.tgz#b295854684dbda164e181d259a22cd779dcd7bc3"
    integrity sha512-7At1WUettjcSRHXCyYtTselblcHl9PJFFVKiCAy/bY97+BPZXSQ2wbq0P9s8tK2G7dFQfNnlJnPAiArVBVBsfA==
  
  tslib@^2.0.3, tslib@^2.1.0:
    version "2.5.3"
    resolved "https://registry.yarnpkg.com/tslib/-/tslib-2.5.3.tgz#24944ba2d990940e6e982c4bea147aba80209913"
    integrity sha512-mSxlJJwl3BMEQCUNnxXBU9jP4JBktcEGhURcPR6VQVlnP0FdDEsIaz0C35dXNGLyRfrATNofF0F5p2KPxQgB+w==
  
  tslib@^2.4.0, tslib@^2.5.0:
    version "2.5.0"
    resolved "https://registry.yarnpkg.com/tslib/-/tslib-2.5.0.tgz#42bfed86f5787aeb41d031866c8f402429e0fddf"
    integrity sha512-336iVw3rtn2BUK7ORdIAHTyxHGRIHVReokCR3XjbckJMK7ms8FysBfhLR8IXnAgy7T0PTPNBWKiH514FOW/WSg==
  
  "tslib@^2.4.1 || ^1.9.3":
    version "2.6.1"
    resolved "https://registry.yarnpkg.com/tslib/-/tslib-2.6.1.tgz#fd8c9a0ff42590b25703c0acb3de3d3f4ede0410"
    integrity sha512-t0hLfiEKfMUoqhG+U1oid7Pva4bbDPHYfJNiB7BiIjRkj1pyC++4N3huJfqY6aRH6VTB0rvtzQwjM4K6qpfOig==
  
  tunnel-agent@^0.6.0:
    version "0.6.0"
    resolved "https://registry.yarnpkg.com/tunnel-agent/-/tunnel-agent-0.6.0.tgz#27a5dea06b36b04a0a9966774b290868f0fc40fd"
    integrity sha512-McnNiV1l8RYeY8tBgEpuodCC1mLUdbSN+CYBL7kJsJNInOP8UjDDEwdk6Mw60vdLLrr5NHKZhMAOSrR2NZuQ+w==
    dependencies:
      safe-buffer "^5.0.1"
  
  type-check@^0.4.0, type-check@~0.4.0:
    version "0.4.0"
    resolved "https://registry.yarnpkg.com/type-check/-/type-check-0.4.0.tgz#07b8203bfa7056c0657050e3ccd2c37730bab8f1"
    integrity sha512-XleUoc9uwGXqjWwXaUTZAmzMcFZ5858QA2vvx1Ur5xIcixXIP+8LnFDgRplU30us6teqdlskFfu+ae4K79Ooew==
    dependencies:
      prelude-ls "^1.2.1"
  
  type-fest@^0.20.2:
    version "0.20.2"
    resolved "https://registry.yarnpkg.com/type-fest/-/type-fest-0.20.2.tgz#1bf207f4b28f91583666cb5fbd327887301cd5f4"
    integrity sha512-Ne+eE4r0/iWnpAxD852z3A+N0Bt5RN//NjJwRd2VFHEmrywxf5vsZlh4R6lixl6B+wz/8d+maTSAkN1FIkI3LQ==
  
  type-fest@^0.7.1:
    version "0.7.1"
    resolved "https://registry.yarnpkg.com/type-fest/-/type-fest-0.7.1.tgz#8dda65feaf03ed78f0a3f9678f1869147f7c5c48"
    integrity sha512-Ne2YiiGN8bmrmJJEuTWTLJR32nh/JdL1+PSicowtNb0WFpn59GK8/lfD61bVtzguz7b3PBt74nxpv/Pw5po5Rg==
  
  type-fest@^2.19.0:
    version "2.19.0"
    resolved "https://registry.yarnpkg.com/type-fest/-/type-fest-2.19.0.tgz#88068015bb33036a598b952e55e9311a60fd3a9b"
    integrity sha512-RAH822pAdBgcNMAfWnCBU3CFZcfZ/i1eZjwFU/dsLKumyuuP3niueg2UAukXYF0E2AAoc82ZSSf9J0WQBinzHA==
  
  typed-array-length@^1.0.4:
    version "1.0.4"
    resolved "https://registry.yarnpkg.com/typed-array-length/-/typed-array-length-1.0.4.tgz#89d83785e5c4098bec72e08b319651f0eac9c1bb"
    integrity sha512-KjZypGq+I/H7HI5HlOoGHkWUUGq+Q0TPhQurLbyrVrvnKTBgzLhIJ7j6J/XTQOi0d1RjyZ0wdas8bKs2p0x3Ng==
    dependencies:
      call-bind "^1.0.2"
      for-each "^0.3.3"
      is-typed-array "^1.1.9"
  
  typedarray-to-buffer@3.1.5:
    version "3.1.5"
    resolved "https://registry.npmmirror.com/typedarray-to-buffer/-/typedarray-to-buffer-3.1.5.tgz#a97ee7a9ff42691b9f783ff1bc5112fe3fca9080"
    integrity sha512-zdu8XMNEDepKKR+XYOXAVPtWui0ly0NtohUscw+UmaHiAWT8hrV1rr//H6V+0DvJ3OQ19S979M0laLfX8rm82Q==
    dependencies:
      is-typedarray "^1.0.0"
  
  typescript@5.2.2:
    version "5.2.2"
    resolved "https://registry.yarnpkg.com/typescript/-/typescript-5.2.2.tgz#5ebb5e5a5b75f085f22bc3f8460fba308310fa78"
    integrity sha512-mI4WrpHsbCIcwT9cF4FZvr80QUeKvsUsUvKDoR+X/7XHQH98xYD8YHZg7ANtz2GtZt/CBq2QJ0thkGJMHfqc1w==
  
  typewriter-effect@^2.20.1:
    version "2.20.1"
    resolved "https://registry.yarnpkg.com/typewriter-effect/-/typewriter-effect-2.20.1.tgz#e8f8a653f27ba83504177f1b5d6d8da5667d8f31"
    integrity sha512-3yQW4fUzCuIEgGHA5k+2Y2RzdsHUC9pPJpRahDREfloDpoPiMLj4GjMcuobdKD4CQ0pRBW4DD3pdNz7ZhfR96g==
    dependencies:
      prop-types "^15.8.1"
      raf "^3.4.1"
  
  uint8arrays@^3.0.0, uint8arrays@^3.1.0:
    version "3.1.1"
    resolved "https://registry.npmmirror.com/uint8arrays/-/uint8arrays-3.1.1.tgz#2d8762acce159ccd9936057572dade9459f65ae0"
    integrity sha512-+QJa8QRnbdXVpHYjLoTpJIdCTiw9Ir62nocClWuXIq2JIh4Uta0cQsTSpFL678p2CN8B+XSApwcU+pQEqVpKWg==
    dependencies:
      multiformats "^9.4.2"
  
  unbox-primitive@^1.0.2:
    version "1.0.2"
    resolved "https://registry.yarnpkg.com/unbox-primitive/-/unbox-primitive-1.0.2.tgz#29032021057d5e6cdbd08c5129c226dff8ed6f9e"
    integrity sha512-61pPlCD9h51VoreyJ0BReideM3MDKMKnh6+V9L08331ipq6Q8OFXZYiqP6n/tbHx4s5I9uRhcye6BrbkizkBDw==
    dependencies:
      call-bind "^1.0.2"
      has-bigints "^1.0.2"
      has-symbols "^1.0.3"
      which-boxed-primitive "^1.0.2"
  
  unicode-canonical-property-names-ecmascript@^2.0.0:
    version "2.0.0"
    resolved "https://registry.yarnpkg.com/unicode-canonical-property-names-ecmascript/-/unicode-canonical-property-names-ecmascript-2.0.0.tgz#301acdc525631670d39f6146e0e77ff6bbdebddc"
    integrity sha512-yY5PpDlfVIU5+y/BSCxAJRBIS1Zc2dDG3Ujq+sR0U+JjUevW2JhocOF+soROYDSaAezOzOKuyyixhD6mBknSmQ==
  
  unicode-match-property-ecmascript@^2.0.0:
    version "2.0.0"
    resolved "https://registry.yarnpkg.com/unicode-match-property-ecmascript/-/unicode-match-property-ecmascript-2.0.0.tgz#54fd16e0ecb167cf04cf1f756bdcc92eba7976c3"
    integrity sha512-5kaZCrbp5mmbz5ulBkDkbY0SsPOjKqVS35VpL9ulMPfSl0J0Xsm+9Evphv9CoIZFwre7aJoa94AY6seMKGVN5Q==
    dependencies:
      unicode-canonical-property-names-ecmascript "^2.0.0"
      unicode-property-aliases-ecmascript "^2.0.0"
  
  unicode-match-property-value-ecmascript@^2.1.0:
    version "2.1.0"
    resolved "https://registry.yarnpkg.com/unicode-match-property-value-ecmascript/-/unicode-match-property-value-ecmascript-2.1.0.tgz#cb5fffdcd16a05124f5a4b0bf7c3770208acbbe0"
    integrity sha512-qxkjQt6qjg/mYscYMC0XKRn3Rh0wFPlfxB0xkt9CfyTvpX1Ra0+rAmdX2QyAobptSEvuy4RtpPRui6XkV+8wjA==
  
  unicode-property-aliases-ecmascript@^2.0.0:
    version "2.1.0"
    resolved "https://registry.yarnpkg.com/unicode-property-aliases-ecmascript/-/unicode-property-aliases-ecmascript-2.1.0.tgz#43d41e3be698bd493ef911077c9b131f827e8ccd"
    integrity sha512-6t3foTQI9qne+OZoVQB/8x8rk2k1eVy1gRXhV3oFQ5T6R1dqQ1xtin3XqSlx3+ATBkliTaR/hHyJBm+LVPNM8w==
  
  update-browserslist-db@^1.0.11:
    version "1.0.11"
    resolved "https://registry.yarnpkg.com/update-browserslist-db/-/update-browserslist-db-1.0.11.tgz#9a2a641ad2907ae7b3616506f4b977851db5b940"
    integrity sha512-dCwEFf0/oT85M1fHBg4F0jtLwJrutGoHSQXCh7u4o2t1drG+c0a9Flnqww6XUKSfQMPpJBRjU8d4RXB09qtvaA==
    dependencies:
      escalade "^3.1.1"
      picocolors "^1.0.0"
  
  uri-js@^4.2.2, uri-js@^4.4.1:
    version "4.4.1"
    resolved "https://registry.yarnpkg.com/uri-js/-/uri-js-4.4.1.tgz#9b1a52595225859e55f669d928f88c6c57f2a77e"
    integrity sha512-7rKUyy33Q1yc98pQ1DAmLtwX109F7TIfWlW1Ydo8Wl1ii1SeHieeh0HHfPeL2fMXK6z0s8ecKs9frCuLJvndBg==
    dependencies:
      punycode "^2.1.0"
  
  use-callback-ref@^1.3.0:
    version "1.3.0"
    resolved "https://registry.npmmirror.com/use-callback-ref/-/use-callback-ref-1.3.0.tgz#772199899b9c9a50526fedc4993fc7fa1f7e32d5"
    integrity sha512-3FT9PRuRdbB9HfXhEq35u4oZkvpJ5kuYbpqhCfmiZyReuRgpnhDlbr2ZEnnuS0RrJAPn6l23xjFg9kpDM+Ms7w==
    dependencies:
      tslib "^2.0.0"
  
  use-immer@^0.9.0:
    version "0.9.0"
    resolved "https://registry.yarnpkg.com/use-immer/-/use-immer-0.9.0.tgz#66e4e8f7ab75df45e96dfd5c56337f9fd49db9fd"
    integrity sha512-/L+enLi0nvuZ6j4WlyK0US9/ECUtV5v9RUbtxnn5+WbtaXYUaOBoKHDNL9I5AETdurQ4rIFIj/s+Z5X80ATyKw==
  
  use-intl@^2.20.0:
    version "2.20.0"
    resolved "https://registry.yarnpkg.com/use-intl/-/use-intl-2.20.0.tgz#613554e8f85d59d4499c1340f8525ba381d18840"
    integrity sha512-h9aOveHyqUSNshPvWSx88f0ny0w/F4kTG3oM1lGZYTlfK7vE6Ic9vVM7TDn/7idD3v6b2Vasp7q0le/opn6j/Q==
    dependencies:
      "@formatjs/ecma402-abstract" "^1.11.4"
      intl-messageformat "^9.3.18"
  
  use-sidecar@^1.1.2:
    version "1.1.2"
    resolved "https://registry.npmmirror.com/use-sidecar/-/use-sidecar-1.1.2.tgz#2f43126ba2d7d7e117aa5855e5d8f0276dfe73c2"
    integrity sha512-epTbsLuzZ7lPClpz2TyryBfztm7m+28DlEv2ZCQ3MDr5ssiwyOwGH/e5F9CkfWjJ1t4clvI58yF822/GUkjjhw==
    dependencies:
      detect-node-es "^1.1.0"
      tslib "^2.0.0"
  
  use-sync-external-store@1.2.0, use-sync-external-store@^1.2.0:
    version "1.2.0"
    resolved "https://registry.npmmirror.com/use-sync-external-store/-/use-sync-external-store-1.2.0.tgz#7dbefd6ef3fe4e767a0cf5d7287aacfb5846928a"
    integrity sha512-eEgnFxGQ1Ife9bzYs6VLi8/4X6CObHMw9Qr9tPY43iKwsPw8xE8+EFsf/2cFZ5S3esXgpWgtSCtLNS41F+sKPA==
  
  usehooks-ts@^2.9.1:
    version "2.9.1"
    resolved "https://registry.yarnpkg.com/usehooks-ts/-/usehooks-ts-2.9.1.tgz#953d3284851ffd097432379e271ce046a8180b37"
    integrity sha512-2FAuSIGHlY+apM9FVlj8/oNhd+1y+Uwv5QNkMQz1oSfdHk4PXo1qoCw9I5M7j0vpH8CSWFJwXbVPeYDjLCx9PA==
  
  utf-8-validate@^5.0.2:
    version "5.0.10"
    resolved "https://registry.npmmirror.com/utf-8-validate/-/utf-8-validate-5.0.10.tgz#d7d10ea39318171ca982718b6b96a8d2442571a2"
    integrity sha512-Z6czzLq4u8fPOyx7TU6X3dvUZVvoJmxSQ+IcrlmagKhilxlhZgxPK6C5Jqbkw1IDUmFTM+cz9QDnnLTwDz/2gQ==
    dependencies:
      node-gyp-build "^4.3.0"
  
  utf8@3.0.0:
    version "3.0.0"
    resolved "https://registry.npmmirror.com/utf8/-/utf8-3.0.0.tgz#f052eed1364d696e769ef058b183df88c87f69d1"
    integrity sha512-E8VjFIQ/TyQgp+TZfS6l8yp/xWppSAHzidGiRrqe4bK4XP9pTRyKFgGJpO3SN7zdX4DeomTrwaseCHovfpFcqQ==
  
  util-deprecate@^1.0.1:
    version "1.0.2"
    resolved "https://registry.npmmirror.com/util-deprecate/-/util-deprecate-1.0.2.tgz#450d4dc9fa70de732762fbd2d4a28981419a0ccf"
    integrity sha512-EPD5q1uXyFxJpCrLnCc1nHnq3gOa6DZBocAIiI2TaSCA7VCJ1UJDMagCzIkXNsUYfD1daK//LTEQ8xiIbrHtcw==
  
  util@^0.12.4:
    version "0.12.5"
    resolved "https://registry.npmmirror.com/util/-/util-0.12.5.tgz#5f17a6059b73db61a875668781a1c2b136bd6fbc"
    integrity sha512-kZf/K6hEIrWHI6XqOFUiiMa+79wE/D8Q+NCNAWclkyg3b4d2k7s0QGepNjiABc+aR3N1PAyHL7p6UcLY6LmrnA==
    dependencies:
      inherits "^2.0.3"
      is-arguments "^1.0.4"
      is-generator-function "^1.0.7"
      is-typed-array "^1.1.3"
      which-typed-array "^1.1.2"
  
  uuid@^8.3.2:
    version "8.3.2"
    resolved "https://registry.npmmirror.com/uuid/-/uuid-8.3.2.tgz#80d5b5ced271bb9af6c445f21a1a04c606cefbe2"
    integrity sha512-+NYs2QeMWy+GWFOEm9xnn6HCDp0l7QBD7ml8zLUmJ+93Q5NF0NocErnwkTkXVFNiX3/fpC6afS8Dhb/gz7R7eg==
  
  uuid@^9.0.0:
    version "9.0.0"
    resolved "https://registry.yarnpkg.com/uuid/-/uuid-9.0.0.tgz#592f550650024a38ceb0c562f2f6aa435761efb5"
    integrity sha512-MXcSTerfPa4uqyzStbRoTgt5XIe3x5+42+q1sDuy3R5MDk66URdLMOZe5aPX/SQd+kuYAh0FdP/pO28IkQyTeg==
  
  v8-compile-cache-lib@^3.0.1:
    version "3.0.1"
    resolved "https://registry.yarnpkg.com/v8-compile-cache-lib/-/v8-compile-cache-lib-3.0.1.tgz#6336e8d71965cb3d35a1bbb7868445a7c05264bf"
    integrity sha512-wa7YjyUGfNZngI/vtK0UHAN+lgDCxBPCylVXGp0zu59Fz5aiGtNXaq3DhIov063MorB+VfufLh3JlF2KdTK3xg==
  
  valid-url@^1.0.9:
    version "1.0.9"
    resolved "https://registry.yarnpkg.com/valid-url/-/valid-url-1.0.9.tgz#1c14479b40f1397a75782f115e4086447433a200"
    integrity sha512-QQDsV8OnSf5Uc30CKSwG9lnhMPe6exHtTXLRYX8uMwKENy640pU+2BgBL0LRbDh/eYRahNCS7aewCx0wf3NYVA==
  
  valtio@1.11.0:
    version "1.11.0"
    resolved "https://registry.yarnpkg.com/valtio/-/valtio-1.11.0.tgz#c029dcd17a0f99d2fbec933721fe64cfd32a31ed"
    integrity sha512-65Yd0yU5qs86b5lN1eu/nzcTgQ9/6YnD6iO+DDaDbQLn1Zv2w12Gwk43WkPlUBxk5wL/6cD5YMFf7kj6HZ1Kpg==
    dependencies:
      proxy-compare "2.5.1"
      use-sync-external-store "1.2.0"
  
  valtio@^1.11.2:
    version "1.11.2"
    resolved "https://registry.yarnpkg.com/valtio/-/valtio-1.11.2.tgz#b8049c02dfe65620635d23ebae9121a741bb6530"
    integrity sha512-1XfIxnUXzyswPAPXo1P3Pdx2mq/pIqZICkWN60Hby0d9Iqb+MEIpqgYVlbflvHdrp2YR/q3jyKWRPJJ100yxaw==
    dependencies:
      proxy-compare "2.5.1"
      use-sync-external-store "1.2.0"
  
  viem@^1.0.0:
    version "1.2.1"
    resolved "https://registry.npmmirror.com/viem/-/viem-1.2.1.tgz#88ea214b50ce6c74b0173c1cdfb5bb4bc7f6134d"
    integrity sha512-45eyE1QsPzUTJqslOD8SVAF3Nn3QMLZIKTu/YzaPPe8UuDMwrmvAWlfDole2kBzFAM8B6sXsQeZBQKYwtb7dVQ==
    dependencies:
      "@adraffy/ens-normalize" "1.9.0"
      "@noble/curves" "1.0.0"
      "@noble/hashes" "1.3.0"
      "@scure/bip32" "1.3.0"
      "@scure/bip39" "1.2.0"
      "@wagmi/chains" "1.2.0"
      abitype "0.8.7"
      isomorphic-ws "5.0.0"
      ws "8.12.0"
  
  viem@^1.9.0:
    version "1.9.0"
    resolved "https://registry.yarnpkg.com/viem/-/viem-1.9.0.tgz#134293919146ee2505d72538e4e530d2071dee2c"
    integrity sha512-YSRmS6ck2pVQZLDTwpNb04c8dN74uxMgDlj2jAixbCokP1e1th2ly8j+EQVRdwq0mFAW4Pdmx8/KNIICtkQLuA==
    dependencies:
      "@adraffy/ens-normalize" "1.9.0"
      "@noble/curves" "1.1.0"
      "@noble/hashes" "1.3.0"
      "@scure/bip32" "1.3.0"
      "@scure/bip39" "1.2.0"
      "@types/ws" "^8.5.4"
      abitype "0.9.3"
      isomorphic-ws "5.0.0"
      ws "8.12.0"
  
  wagmi@^1.3.10:
    version "1.3.10"
    resolved "https://registry.yarnpkg.com/wagmi/-/wagmi-1.3.10.tgz#100aeaecf7a030e9e91118d366a734ec30c56551"
    integrity sha512-MMGJcnxOmeUZWDmzUxgRGcB1cqxbJoSFSa+pNY4vBCWMz0n4ptpE5F8FKISLCx+BGoDwsaz2ldcMALcdJZ+29w==
    dependencies:
      "@tanstack/query-sync-storage-persister" "^4.27.1"
      "@tanstack/react-query" "^4.28.0"
      "@tanstack/react-query-persist-client" "^4.28.0"
      "@wagmi/core" "1.3.9"
      abitype "0.8.7"
      use-sync-external-store "^1.2.0"
  
  watchpack@2.4.0:
    version "2.4.0"
    resolved "https://registry.yarnpkg.com/watchpack/-/watchpack-2.4.0.tgz#fa33032374962c78113f93c7f2fb4c54c9862a5d"
    integrity sha512-Lcvm7MGST/4fup+ifyKi2hjyIAwcdI4HRgtvTpIUxBRhB+RFtUh8XtDOxUfctVCnhVi+QQj49i91OyvzkJl6cg==
    dependencies:
      glob-to-regexp "^0.4.1"
      graceful-fs "^4.1.2"
  
  web3-utils@^1.3.4:
    version "1.10.0"
    resolved "https://registry.npmmirror.com/web3-utils/-/web3-utils-1.10.0.tgz#ca4c1b431a765c14ac7f773e92e0fd9377ccf578"
    integrity sha512-kSaCM0uMcZTNUSmn5vMEhlo02RObGNRRCkdX0V9UTAU0+lrvn0HSaudyCo6CQzuXUsnuY2ERJGCGPfeWmv19Rg==
    dependencies:
      bn.js "^5.2.1"
      ethereum-bloom-filters "^1.0.6"
      ethereumjs-util "^7.1.0"
      ethjs-unit "0.1.6"
      number-to-bn "1.7.0"
      randombytes "^2.1.0"
      utf8 "3.0.0"
  
  webidl-conversions@^3.0.0:
    version "3.0.1"
    resolved "https://registry.npmmirror.com/webidl-conversions/-/webidl-conversions-3.0.1.tgz#24534275e2a7bc6be7bc86611cc16ae0a5654871"
    integrity sha512-2JAn3z8AR6rjK8Sm8orRC0h/bcl/DqL7tRPdGZ4I1CjdF+EaMLmYxBHyXuKL849eucPFhvBoxMsflfOb8kxaeQ==
  
  "webpack-sources@^2.0.0 || ^3.0.0":
    version "3.2.3"
    resolved "https://registry.yarnpkg.com/webpack-sources/-/webpack-sources-3.2.3.tgz#2d4daab8451fd4b240cc27055ff6a0c2ccea0cde"
    integrity sha512-/DyMEOrDgLKKIG0fmvtz+4dUX/3Ghozwgm6iPp8KRhvn+eQf9+Q7GWxVNMk3+uCPWfdXYC4ExGBckIXdFEfH1w==
  
  whatwg-url@^5.0.0:
    version "5.0.0"
    resolved "https://registry.npmmirror.com/whatwg-url/-/whatwg-url-5.0.0.tgz#966454e8765462e37644d3626f6742ce8b70965d"
    integrity sha512-saE57nupxk6v3HY35+jzBwYa0rKSy0XR8JSxZPwgLr7ys0IBzhGviA1/TUGJLmSVqs8pb9AnvICXEuOHLprYTw==
    dependencies:
      tr46 "~0.0.3"
      webidl-conversions "^3.0.0"
  
  which-boxed-primitive@^1.0.2:
    version "1.0.2"
    resolved "https://registry.yarnpkg.com/which-boxed-primitive/-/which-boxed-primitive-1.0.2.tgz#13757bc89b209b049fe5d86430e21cf40a89a8e6"
    integrity sha512-bwZdv0AKLpplFY2KZRX6TvyuN7ojjr7lwkg6ml0roIy9YeuSr7JS372qlNW18UQYzgYK9ziGcerWqZOmEn9VNg==
    dependencies:
      is-bigint "^1.0.1"
      is-boolean-object "^1.1.0"
      is-number-object "^1.0.4"
      is-string "^1.0.5"
      is-symbol "^1.0.3"
  
  which-collection@^1.0.1:
    version "1.0.1"
    resolved "https://registry.yarnpkg.com/which-collection/-/which-collection-1.0.1.tgz#70eab71ebbbd2aefaf32f917082fc62cdcb70906"
    integrity sha512-W8xeTUwaln8i3K/cY1nGXzdnVZlidBcagyNFtBdD5kxnb4TvGKR7FfSIS3mYpwWS1QUCutfKz8IY8RjftB0+1A==
    dependencies:
      is-map "^2.0.1"
      is-set "^2.0.1"
      is-weakmap "^2.0.1"
      is-weakset "^2.0.1"
  
  which-module@^2.0.0:
    version "2.0.1"
    resolved "https://registry.npmmirror.com/which-module/-/which-module-2.0.1.tgz#776b1fe35d90aebe99e8ac15eb24093389a4a409"
    integrity sha512-iBdZ57RDvnOR9AGBhML2vFZf7h8vmBjhoaZqODJBFWHVtKkDmKuHai3cx5PgVMrX5YDNp27AofYbAwctSS+vhQ==
  
  which-typed-array@^1.1.2, which-typed-array@^1.1.9:
    version "1.1.9"
    resolved "https://registry.yarnpkg.com/which-typed-array/-/which-typed-array-1.1.9.tgz#307cf898025848cf995e795e8423c7f337efbde6"
    integrity sha512-w9c4xkx6mPidwp7180ckYWfMmvxpjlZuIudNtDf4N/tTAUB8VJbX25qZoAsrtGuYNnGw3pa0AXgbGKRB8/EceA==
    dependencies:
      available-typed-arrays "^1.0.5"
      call-bind "^1.0.2"
      for-each "^0.3.3"
      gopd "^1.0.1"
      has-tostringtag "^1.0.0"
      is-typed-array "^1.1.10"
  
  which@^2.0.1, which@^2.0.2:
    version "2.0.2"
    resolved "https://registry.yarnpkg.com/which/-/which-2.0.2.tgz#7c6a8dd0a636a0327e10b59c9286eee93f3f51b1"
    integrity sha512-BLI3Tl1TW3Pvl70l3yq3Y64i+awpwXqsGBYWkkqMtnbXgrMD+yj7rhW0kuEDxzJaYXGjEW5ogapKNMEKNMjibA==
    dependencies:
      isexe "^2.0.0"
  
  wrap-ansi@^6.2.0:
    version "6.2.0"
    resolved "https://registry.npmmirror.com/wrap-ansi/-/wrap-ansi-6.2.0.tgz#e9393ba07102e6c91a3b221478f0257cd2856e53"
    integrity sha512-r6lPcBGxZXlIcymEu7InxDMhdW0KDxpLgoFLcguasxCaJ/SOIZwINatK9KY/tf+ZrlywOKU0UDj3ATXUBfxJXA==
    dependencies:
      ansi-styles "^4.0.0"
      string-width "^4.1.0"
      strip-ansi "^6.0.0"
  
  wrappy@1:
    version "1.0.2"
    resolved "https://registry.yarnpkg.com/wrappy/-/wrappy-1.0.2.tgz#b5243d8f3ec1aa35f1364605bc0d1036e30ab69f"
    integrity sha512-l4Sp/DRseor9wL6EvV2+TuQn63dMkPjZ/sp9XkghTEbV9KlPS1xUsZ3u7/IQO4wxtcFB4bgpQPRcR3QCvezPcQ==
  
  ws@7.4.6:
    version "7.4.6"
    resolved "https://registry.yarnpkg.com/ws/-/ws-7.4.6.tgz#5654ca8ecdeee47c33a9a4bf6d28e2be2980377c"
    integrity sha512-YmhHDO4MzaDLB+M9ym/mDA5z0naX8j7SIlT8f8z+I0VtzsRbekxEutHSme7NPS2qE8StCYQNUnfWdXta/Yu85A==
  
  ws@8.12.0:
    version "8.12.0"
    resolved "https://registry.npmmirror.com/ws/-/ws-8.12.0.tgz#485074cc392689da78e1828a9ff23585e06cddd8"
    integrity sha512-kU62emKIdKVeEIOIKVegvqpXMSTAMLJozpHZaJNDYqBjzlSYXQGviYwN1osDLJ9av68qHd4a2oSjd7yD4pacig==
  
  ws@^7.4.5, ws@^7.5.1:
    version "7.5.9"
    resolved "https://registry.npmmirror.com/ws/-/ws-7.5.9.tgz#54fa7db29f4c7cec68b1ddd3a89de099942bb591"
    integrity sha512-F+P9Jil7UiSKSkppIiD94dN07AwvFixvLIj1Og1Rl9GGMuNipJnV9JzjD6XuqmAeiswGvUmNLjr5cFuXwNS77Q==
  
  ws@^8.5.0:
    version "8.13.0"
    resolved "https://registry.npmmirror.com/ws/-/ws-8.13.0.tgz#9a9fb92f93cf41512a0735c8f4dd09b8a1211cd0"
    integrity sha512-x9vcZYTrFPC7aSIbj7sRCYo7L/Xb8Iy+pW0ng0wt2vCJv7M9HOMy0UoN3rr+IFC7hb7vXoqS+P9ktyLLLhO+LA==
  
  xtend@^4.0.1:
    version "4.0.2"
    resolved "https://registry.npmmirror.com/xtend/-/xtend-4.0.2.tgz#bb72779f5fa465186b1f438f674fa347fdb5db54"
    integrity sha512-LKYU1iAXJXUgAXn9URjiu+MWhyUXHsvfp7mcuYm9dSUKK0/CjtrUwFAxD82/mCWbtLsGjFIad0wIsod4zrTAEQ==
  
  y18n@^4.0.0:
    version "4.0.3"
    resolved "https://registry.npmmirror.com/y18n/-/y18n-4.0.3.tgz#b5f259c82cd6e336921efd7bfd8bf560de9eeedf"
    integrity sha512-JKhqTOwSrqNA1NY5lSztJ1GrBiUodLMmIZuLiDaMRJ+itFd+ABVE8XBjOvIWL+rSqNDC74LCSFmlb/U4UZ4hJQ==
  
  yallist@^3.0.2:
    version "3.1.1"
    resolved "https://registry.yarnpkg.com/yallist/-/yallist-3.1.1.tgz#dbb7daf9bfd8bac9ab45ebf602b8cbad0d5d08fd"
    integrity sha512-a4UGQaWPH59mOXUYnAG2ewncQS4i4F43Tv3JoAM+s2VDAmS9NsK8GpDMLrCHPksFT7h3K6TOoUNn2pb7RoXx4g==
  
  yallist@^4.0.0:
    version "4.0.0"
    resolved "https://registry.yarnpkg.com/yallist/-/yallist-4.0.0.tgz#9bb92790d9c0effec63be73519e11a35019a3a72"
    integrity sha512-3wdGidZyq5PB084XLES5TpOSRA3wjXAlIWMhum2kRcv/41Sn2emQ0dycQW4uZXLejwKvg6EsvbdlVL+FYEct7A==
  
  yaml@^1.10.0:
    version "1.10.2"
    resolved "https://registry.yarnpkg.com/yaml/-/yaml-1.10.2.tgz#2301c5ffbf12b467de8da2333a459e29e7920e4b"
    integrity sha512-r3vXyErRCYJ7wg28yvBY5VSoAF8ZvlcW9/BwUzEtUsjvX/DKs24dIkuwjtuprwJJHsbyUbLApepYTR1BN4uHrg==
  
  yargs-parser@^18.1.2:
    version "18.1.3"
    resolved "https://registry.npmmirror.com/yargs-parser/-/yargs-parser-18.1.3.tgz#be68c4975c6b2abf469236b0c870362fab09a7b0"
    integrity sha512-o50j0JeToy/4K6OZcaQmW6lyXXKhq7csREXcDwk2omFPJEwUNOVtJKvmDr9EI1fAJZUyZcRF7kxGBWmRXudrCQ==
    dependencies:
      camelcase "^5.0.0"
      decamelize "^1.2.0"
  
  yargs@^15.3.1:
    version "15.4.1"
    resolved "https://registry.npmmirror.com/yargs/-/yargs-15.4.1.tgz#0d87a16de01aee9d8bec2bfbf74f67851730f4f8"
    integrity sha512-aePbxDmcYW++PaqBsJ+HYUFwCdv4LVvdnhBy78E57PIor8/OVvhMrADFFEDh8DHDFRv/O9i3lPhsENjO7QX0+A==
    dependencies:
      cliui "^6.0.0"
      decamelize "^1.2.0"
      find-up "^4.1.0"
      get-caller-file "^2.0.1"
      require-directory "^2.1.1"
      require-main-filename "^2.0.0"
      set-blocking "^2.0.0"
      string-width "^4.2.0"
      which-module "^2.0.0"
      y18n "^4.0.0"
      yargs-parser "^18.1.2"
  
  yn@3.1.1:
    version "3.1.1"
    resolved "https://registry.yarnpkg.com/yn/-/yn-3.1.1.tgz#1e87401a09d767c1d5eab26a6e4c185182d2eb50"
    integrity sha512-Ux4ygGWsu2c7isFWe8Yu1YluJmqVhxqK2cLXNQA5AcC3QfbGNpM7fu0Y8b/z16pXLnFxZYvWhd3fhBY9DLmC6Q==
  
  yocto-queue@^0.1.0:
    version "0.1.0"
    resolved "https://registry.yarnpkg.com/yocto-queue/-/yocto-queue-0.1.0.tgz#0294eb3dee05028d31ee1a5fa2c556a6aaf10a1b"
    integrity sha512-rVksvsnNCdJ/ohGc6xgPwyN8eheCxsiLM8mxuE/t/mOVqJewPuO1miLpTHQiRgTKCLexL4MeAFVagts7HmNZ2Q==
  
  yup@^1.2.0:
    version "1.2.0"
    resolved "https://registry.yarnpkg.com/yup/-/yup-1.2.0.tgz#9e51af0c63bdfc9be0fdc6c10aa0710899d8aff6"
    integrity sha512-PPqYKSAXjpRCgLgLKVGPA33v5c/WgEx3wi6NFjIiegz90zSwyMpvTFp/uGcVnnbx6to28pgnzp/q8ih3QRjLMQ==
    dependencies:
      property-expr "^2.0.5"
      tiny-case "^1.0.3"
      toposort "^2.0.2"
      type-fest "^2.19.0"
  
  zod@3.21.4:
    version "3.21.4"
    resolved "https://registry.yarnpkg.com/zod/-/zod-3.21.4.tgz#10882231d992519f0a10b5dd58a38c9dabbb64db"
    integrity sha512-m46AKbrzKVzOzs/DZgVnG5H55N1sv1M8qZU3A8RIKbs3mrACDNeIOeilDymVb2HdmP8uwshOCF4uJ8uM9rCqJw==
  
  zustand@^4.3.1:
    version "4.3.8"
    resolved "https://registry.npmmirror.com/zustand/-/zustand-4.3.8.tgz#37113df8e9e1421b0be1b2dca02b49b76210e7c4"
    integrity sha512-4h28KCkHg5ii/wcFFJ5Fp+k1J3gJoasaIbppdgZFO4BPJnsNxL0mQXBSFgOgAdCdBj35aDTPvdAJReTMntFPGg==
    dependencies:
      use-sync-external-store "1.2.0"
